coupon_flag,coupon_name,point_flag,promotion_flag,orders,buyers,quantity,revenue,coupon_amount,mileage_amount,promotion_amount,aov
쿠폰 사용,쿠폰명 미확인,포인트 사용,일반 상품,19933,17190,25036,2071342743,309921439,131630140,0,103915.25324838208
쿠폰 사용,쿠폰명 미확인,포인트 미사용,일반 상품,10111,7459,16692,1384589242,416932535,0,0,136938.90238354268
쿠폰 미사용,쿠폰 미사용,포인트 사용,일반 상품,19278,12085,25586,1382751947,0,219291230,0,71726.93987965556
쿠폰 미사용,쿠폰 미사용,포인트 미사용,일반 상품,7566,5800,10316,824003964,0,0,0,108908.79777954005
쿠폰 사용,첫 구매 장바구니 10% 할인 / 2025년 12월 신규회원 5000원 할인,포인트 사용,일반 상품,464,464,563,86969940,12086820,1637240,0,187435.2155172414
쿠폰 사용,첫 구매 장바구니 10% 할인 / 2026년 1월 신규회원 5000원 할인,포인트 사용,일반 상품,373,373,468,63069250,8963990,1572060,0,169086.46112600536
쿠폰 사용,2025년 12월 신규회원 5000원 할인 / 첫 구매 장바구니 10% 할인,포인트 사용,일반 상품,358,358,432,59954730,8520120,1215350,0,167471.312849162
쿠폰 사용,첫 구매 장바구니 10% 할인,포인트 사용,일반 상품,579,579,888,57272036,6722124,3226880,0,98915.43350604491
쿠폰 사용,2026년 1월 신규회원 5000원 할인 / 첫 구매 장바구니 10% 할인,포인트 사용,일반 상품,296,296,354,43966100,6477750,1244650,0,148534.12162162163
쿠폰 사용,첫 구매 장바구니 10% 할인 / 2025년 12월 신규회원 5000원 할인,포인트 미사용,일반 상품,215,215,247,41762190,5674910,0,0,194242.7441860465
쿠폰 사용,2025년 12월 신규회원 5000원 할인 / 첫 구매 장바구니 10% 할인,포인트 미사용,일반 상품,151,151,216,35247300,4633700,0,0,233425.82781456952
쿠폰 사용,첫 구매 장바구니 10% 할인,포인트 미사용,일반 상품,326,326,431,33944708,3771642,0,0,104124.87116564417
쿠폰 사용,첫 구매 장바구니 10% 할인 / 2026년 1월 신규회원 5000원 할인,포인트 미사용,일반 상품,171,171,201,31275450,4320050,0,0,182897.36842105264
쿠폰 사용,26년 신상품 10만원이상 1만원할인 / 등급할인10%,포인트 사용,일반 상품,228,228,285,27147480,5534260,2418260,0,119067.8947368421
쿠폰 사용,첫 구매 장바구니 10% 할인 / 2026년 2월 신규회원 5000원 할인,포인트 사용,일반 상품,160,160,197,23843705,3586525,1234850,0,149023.15625
쿠폰 사용,등급할인10%,포인트 사용,일반 상품,405,405,405,23414560,3118200,4649240,0,57813.72839506173
쿠폰 사용,26년 신상품 20만원이상 2만원할인,포인트 사용,일반 상품,109,103,184,22862870,2138380,1730500,0,209751.1009174312
쿠폰 사용,2026년 2월 신규회원 5000원 할인 / 첫 구매 장바구니 10% 할인,포인트 사용,일반 상품,169,169,206,21503280,3341550,965430,0,127238.34319526626
쿠폰 사용,등급할인10% / 26년 신상품 10만원이상 1만원할인,포인트 사용,일반 상품,173,173,209,21410510,4304480,1632610,0,123760.17341040462
쿠폰 사용,★ 단체 구매 20% 할인,포인트 미사용,일반 상품,3,2,364,21372800,5343200,0,0,7124266.666666667
쿠폰 사용,★ 단체 구매 10% 할인,포인트 미사용,일반 상품,3,2,100,21013650,2334850,0,0,7004550.0
쿠폰 사용,2026년 1월 신규회원 5000원 할인 / 첫 구매 장바구니 10% 할인,포인트 미사용,일반 상품,107,107,131,19076310,2654590,0,0,178283.2710280374
쿠폰 사용,26년 신상품 10만원이상 1만원할인,포인트 사용,일반 상품,157,145,266,18495800,1561550,2251950,0,117807.6433121019
쿠폰 사용,첫 구매 장바구니 10% 할인 / 2026년 5월 신규회원 5000원 할인,포인트 사용,일반 상품,135,135,197,17404890,2643760,449950,0,128925.11111111111
쿠폰 사용,첫 구매 장바구니 10% 할인 / 2026년 3월 신규회원 5000원 할인,포인트 사용,일반 상품,139,139,171,16811818,2621522,526830,0,120948.3309352518
쿠폰 사용,"첫 구매 장바구니 10% 할인 / 신규회원 스페셜 5,000",포인트 사용,일반 상품,100,100,128,16541934,2356546,514960,0,165419.34
쿠폰 사용,"신규회원 스페셜 5,000 / 첫 구매 장바구니 10% 할인",포인트 사용,일반 상품,87,87,120,15064775,2127775,365200,0,173158.33333333334
쿠폰 사용,2026년 3월 신규회원 5000원 할인 / 첫 구매 장바구니 10% 할인,포인트 사용,일반 상품,111,111,128,14557269,2215301,385250,0,131146.56756756757
쿠폰 사용,2026년 4월 신규회원 5000원 할인 / 첫 구매 장바구니 10% 할인,포인트 사용,일반 상품,101,101,128,12646900,1940950,336650,0,125216.83168316832
쿠폰 사용,첫 구매 장바구니 10% 할인 / 2026년 4월 신규회원 5000원 할인,포인트 사용,일반 상품,98,98,128,12203470,1874340,351590,0,124525.20408163265
쿠폰 사용,26년 신상품 10만원이상 1만원할인 / 등급할인10%,포인트 미사용,일반 상품,90,90,99,12102000,2278000,0,0,134466.66666666666
쿠폰 사용,2026년 4월 신규회원 5000원 할인 / 첫 구매 장바구니 10% 할인,포인트 미사용,일반 상품,80,80,110,11692350,1694150,0,0,146154.375
쿠폰 사용,쿠폰명 미확인,포인트 미사용,프로모션 상품,79,78,173,10992310,1605490,0,1504090,139143.16455696203
쿠폰 사용,첫 구매 장바구니 10% 할인 / 2026년 4월 신규회원 5000원 할인,포인트 미사용,일반 상품,76,76,98,10426020,1531780,0,0,137184.47368421053
쿠폰 사용,2025년 12월 신규회원 5000원 할인,포인트 사용,일반 상품,109,109,111,10382340,545000,342860,0,95250.8256880734
쿠폰 사용,2026년 2월 신규회원 5000원 할인 / 첫 구매 장바구니 10% 할인,포인트 미사용,일반 상품,63,63,73,10092441,1424609,0,0,160197.47619047618
쿠폰 사용,26년 신상품 20만원이상 2만원할인,포인트 미사용,일반 상품,36,36,57,10010780,720000,0,0,278077.22222222225
쿠폰 사용,첫 구매 장바구니 10% 할인 / 2026년 3월 신규회원 5000원 할인,포인트 미사용,일반 상품,72,72,82,9693276,1427704,0,0,134628.83333333334
쿠폰 사용,202601 생일축하쿠폰1만원,포인트 사용,일반 상품,187,187,187,9651634,1870000,2340830,0,51613.01604278075
쿠폰 사용,2026년 5월 신규회원 5000원 할인 / 첫 구매 장바구니 10% 할인,포인트 사용,일반 상품,80,80,96,9381680,1471720,263800,0,117271.0
쿠폰 사용,등급할인10%,포인트 미사용,일반 상품,125,125,125,9321300,1035700,0,0,74570.4
쿠폰 사용,첫 구매 장바구니 10% 할인 / 2026년 5월 신규회원 5000원 할인,포인트 미사용,일반 상품,77,77,98,9310590,1419510,0,0,120916.75324675324
쿠폰 사용,202602 생일축하쿠폰1만원,포인트 사용,일반 상품,199,199,199,9297868,1990000,3089270,0,46722.95477386934
쿠폰 사용,등급할인10% / 첫 구매 장바구니 10% 할인,포인트 사용,일반 상품,75,75,83,9001230,2151270,287400,0,120016.4
쿠폰 사용,등급할인10% / 26년 신상품 10만원이상 1만원할인,포인트 미사용,일반 상품,68,68,80,8896660,1670340,0,0,130833.23529411765
쿠폰 사용,첫 구매 장바구니 10% 할인 / 2026년 2월 신규회원 5000원 할인,포인트 미사용,일반 상품,65,65,74,8508322,1256038,0,0,130897.26153846153
쿠폰 사용,2026년 5월 신규회원 5000원 할인 / 첫 구매 장바구니 10% 할인,포인트 미사용,일반 상품,64,64,90,8157420,1226380,0,0,127459.6875
쿠폰 미사용,"무료배송쿠폰(등급혜택, 3만원미만 사용가능)",포인트 사용,일반 상품,501,495,605,8132677,0,5866730,0,16232.888223552894
쿠폰 사용,202512 생일축하쿠폰1만원,포인트 사용,일반 상품,124,124,124,8004710,1240000,654690,0,64554.1129032258
쿠폰 사용,2025년 11월 신규회원 5000원 할인 / 첫 구매 장바구니 10% 할인,포인트 사용,일반 상품,40,40,41,7844290,1073870,110540,0,196107.25
쿠폰 사용,첫 구매 장바구니 10% 할인 / 2025년 11월 신규회원 5000원 할인,포인트 사용,일반 상품,36,36,46,7731350,1046150,109000,0,214759.72222222222
쿠폰 사용,26년 신상품 10만원이상 1만원할인,포인트 미사용,일반 상품,53,52,70,7108000,530000,0,0,134113.20754716982
쿠폰 사용,첫 구매 장바구니 10% 할인 / 등급할인10%,포인트 사용,일반 상품,68,68,80,6879710,1619290,259900,0,101172.20588235294
쿠폰 사용,2026년 3월 신규회원 5000원 할인 / 첫 구매 장바구니 10% 할인,포인트 미사용,일반 상품,52,52,59,6749232,1009918,0,0,129792.92307692308
쿠폰 사용,등급할인10% / 26년 신상품 20만원이상 2만원할인,포인트 사용,일반 상품,29,29,58,6311590,1100680,208330,0,217641.0344827586
쿠폰 사용,"첫 구매 장바구니 10% 할인 / 신규회원 스페셜 5,000",포인트 미사용,일반 상품,34,34,45,5879772,823308,0,0,172934.4705882353
쿠폰 사용,25년 신상품 10만원이상 1만원할인,포인트 사용,일반 상품,39,39,73,5840860,390000,276940,0,149765.64102564103
쿠폰 사용,2026년 1월 신규회원 5000원 할인,포인트 사용,일반 상품,64,64,64,5622970,320000,255030,0,87858.90625
쿠폰 사용,26년 신상품 20만원이상 2만원할인 / 등급할인10%,포인트 사용,일반 상품,24,24,48,5526460,931500,374720,0,230269.16666666666
쿠폰 미사용,등급할인10%,포인트 사용,일반 상품,66,66,95,5280420,0,240780,0,80006.36363636363
쿠폰 사용,26년 신상품 10만원이상 1만원할인 / 등급할인20%,포인트 사용,일반 상품,45,42,54,5226990,1903000,556310,0,116155.33333333333
쿠폰 사용,202512 생일축하쿠폰1만원,포인트 미사용,일반 상품,70,70,70,5209600,700000,0,0,74422.85714285714
쿠폰 사용,202604 생일축하쿠폰1만원,포인트 사용,일반 상품,113,113,113,4854480,1130000,935620,0,42960.0
쿠폰 사용,2025년 12월 신규회원 5000원 할인,포인트 미사용,일반 상품,46,46,46,4648600,230000,0,0,101056.52173913043
쿠폰 사용,첫 구매 장바구니 10% 할인 / 202601 생일축하쿠폰1만원,포인트 사용,일반 상품,34,34,37,4066490,805610,124000,0,119602.64705882352
쿠폰 사용,26년 신상품 30만원이상 3만원할인,포인트 사용,일반 상품,13,13,45,3968790,382380,159830,0,305291.53846153844
쿠폰 사용,등급할인20%,포인트 사용,일반 상품,64,59,64,3911360,1199200,885440,0,61115.0
쿠폰 사용,202511 생일축하쿠폰1만원,포인트 사용,일반 상품,57,57,57,3848970,570000,361830,0,67525.78947368421
쿠폰 사용,2026년 3월 신규회원 5000원 할인,포인트 사용,일반 상품,29,29,30,3756400,145000,87000,0,129531.03448275862
쿠폰 사용,등급할인10% / 첫 구매 장바구니 10% 할인,포인트 미사용,일반 상품,29,29,34,3701700,848900,0,0,127644.8275862069
쿠폰 사용,2026년 2월 신규회원 5000원 할인,포인트 사용,일반 상품,38,38,38,3623179,190000,246380,0,95346.81578947368
쿠폰 사용,26년 신상품 40만원이상 4만원할인,포인트 사용,일반 상품,9,9,27,3578400,360000,195600,0,397600.0
쿠폰 사용,202511 생일축하쿠폰1만원,포인트 미사용,일반 상품,40,40,40,3399600,400000,0,0,84990.0
쿠폰 사용,등급할인10% / 26년 신상품 20만원이상 2만원할인,포인트 미사용,일반 상품,14,14,28,3348800,536600,0,0,239200.0
쿠폰 사용,202601 생일축하쿠폰1만원,포인트 미사용,일반 상품,50,50,50,3329598,500000,0,0,66591.96
쿠폰 사용,2025년 11월 신규회원 5000원 할인,포인트 사용,일반 상품,23,23,23,3287800,115000,80000,0,142947.8260869565
쿠폰 사용,등급할인10% / 26년 신상품 30만원이상 3만원할인,포인트 사용,일반 상품,10,10,20,3234530,591000,135650,0,323453.0
쿠폰 사용,"신규회원 스페셜 5,000 / 첫 구매 장바구니 10% 할인",포인트 미사용,일반 상품,17,17,27,3174054,437676,0,0,186709.0588235294
쿠폰 사용,26년 신상품 20만원이상 2만원할인 / 등급할인10%,포인트 미사용,일반 상품,15,15,23,3164060,603340,0,0,210937.33333333334
쿠폰 사용,첫 구매 장바구니 10% 할인 / 등급할인10%,포인트 미사용,일반 상품,26,26,32,2997810,667490,0,0,115300.38461538461
쿠폰 사용,202512 생일축하쿠폰1만원 / 첫 구매 장바구니 10% 할인,포인트 사용,일반 상품,13,13,15,2972870,466030,51400,0,228682.3076923077
쿠폰 사용,첫 구매 장바구니 10% 할인 / 202601 생일축하쿠폰1만원,포인트 미사용,일반 상품,15,15,18,2923290,474810,0,0,194886.0
쿠폰 사용,2026년 4월 신규회원 5000원 할인,포인트 사용,일반 상품,28,28,28,2837270,140000,66230,0,101331.07142857143
쿠폰 사용,202602 생일축하쿠폰1만원,포인트 미사용,일반 상품,39,39,39,2778728,390000,0,0,71249.43589743589
쿠폰 사용,26년 신상품 30만원이상 3만원할인 / 등급할인10%,포인트 사용,일반 상품,9,9,25,2720270,472100,83630,0,302252.22222222225
쿠폰 미사용,202601 생일축하쿠폰1만원,포인트 사용,일반 상품,36,36,53,2698968,0,266850,0,74971.33333333333
쿠폰 사용,2025년 11월 신규회원 5000원 할인 / 첫 구매 장바구니 10% 할인,포인트 미사용,일반 상품,13,13,15,2674620,362180,0,0,205740.0
쿠폰 미사용,등급할인10%,포인트 미사용,일반 상품,24,24,36,2634800,0,0,0,109783.33333333333
쿠폰 사용,첫 구매 장바구니 10% 할인 / 202512 생일축하쿠폰1만원,포인트 사용,일반 상품,23,23,25,2588380,528420,97400,0,112538.26086956522
쿠폰 사용,202603 생일축하쿠폰1만원,포인트 사용,일반 상품,46,46,46,2575990,460000,204420,0,55999.782608695656
쿠폰 사용,2025년 11월 신규회원 5000원 할인,포인트 미사용,일반 상품,14,14,14,2525400,70000,0,0,180385.7142857143
쿠폰 사용,202601 생일축하쿠폰1만원 / 첫 구매 장바구니 10% 할인,포인트 사용,일반 상품,16,16,19,2508280,450920,110000,0,156767.5
쿠폰 사용,등급할인20% / 26년 신상품 10만원이상 1만원할인,포인트 사용,일반 상품,22,22,26,2506090,958600,307310,0,113913.18181818182
쿠폰 사용,등급할인20% / 26년 신상품 20만원이상 2만원할인,포인트 사용,일반 상품,11,11,21,2413350,732000,204390,0,219395.45454545456
쿠폰 사용,26년 신상품 30만원이상 3만원할인,포인트 미사용,일반 상품,8,8,12,2392200,221800,0,0,299025.0
쿠폰 사용,25년 신상품 70만원이상 7만원할인,포인트 미사용,일반 상품,3,3,35,2385000,190000,0,0,795000.0
쿠폰 사용,202603 생일축하쿠폰1만원,포인트 미사용,일반 상품,34,34,34,2211780,340000,0,0,65052.35294117647
쿠폰 사용,2026년 1월 신규회원 5000원 할인,포인트 미사용,일반 상품,25,25,25,2208600,125000,0,0,88344.0
쿠폰 사용,26년 신상품 20만원이상 2만원할인 / 등급할인20%,포인트 사용,일반 상품,10,9,27,2206060,573600,135340,0,220606.0
쿠폰 사용,202605 생일축하쿠폰1만원,포인트 사용,일반 상품,46,46,46,2204640,460000,354560,0,47926.95652173913
쿠폰 사용,첫 구매 장바구니 10% 할인 / 2025년 11월 신규회원 5000원 할인,포인트 미사용,일반 상품,14,14,15,2177010,311890,0,0,155500.7142857143
쿠폰 사용,26년 신상품 40만원이상 4만원할인 / 등급할인10%,포인트 사용,일반 상품,5,5,17,2171850,355500,48020,0,434370.0
쿠폰 사용,2026년 4월 신규회원 5000원 할인,포인트 미사용,일반 상품,22,22,23,2102700,110000,0,0,95577.27272727272
쿠폰 미사용,무료배송쿠폰(3만원미만 사용가능),포인트 사용,일반 상품,119,119,145,2073707,0,1255300,0,17426.10924369748
쿠폰 사용,25년 신상품 10만원이상 1만원할인,포인트 미사용,일반 상품,15,14,19,2059300,150000,0,0,137286.66666666666
쿠폰 미사용,26년 신상품 10만원이상 1만원할인,포인트 사용,일반 상품,21,21,30,2056510,0,107970,0,97929.04761904762
쿠폰 사용,26년 신상품 50만원이상 5만원할인,포인트 미사용,일반 상품,4,4,21,2055000,200000,0,0,513750.0
쿠폰 미사용,등급할인10% / 26년 신상품 10만원이상 1만원할인,포인트 사용,일반 상품,21,21,31,2015299,0,63830,0,95966.61904761905
쿠폰 사용,첫 구매 장바구니 10% 할인 / 202512 생일축하쿠폰1만원,포인트 미사용,일반 상품,14,14,14,1999080,362120,0,0,142791.42857142858
쿠폰 사용,첫 구매 장바구니 10% 할인 / 202602 생일축하쿠폰1만원,포인트 사용,일반 상품,21,21,23,1959737,451323,212150,0,93320.80952380953
쿠폰 사용,등급할인10% / 26년 신상품 40만원이상 4만원할인,포인트 사용,일반 상품,5,5,8,1896110,365500,50390,0,379222.0
쿠폰 미사용,202602 생일축하쿠폰1만원,포인트 사용,일반 상품,44,44,58,1882809,0,297470,0,42791.11363636364
쿠폰 사용,2026년 2월 신규회원 5000원 할인,포인트 미사용,일반 상품,18,18,19,1756850,90000,0,0,97602.77777777778
쿠폰 사용,202605 생일축하쿠폰1만원,포인트 미사용,일반 상품,24,24,24,1742600,240000,0,0,72608.33333333333
쿠폰 사용,등급할인10% / GNR 스페셜 20%,포인트 사용,일반 상품,14,14,20,1706540,637880,86580,0,121895.71428571429
쿠폰 사용,25년 신상품 20만원이상 2만원할인,포인트 사용,일반 상품,8,8,16,1700630,160000,81570,0,212578.75
쿠폰 사용,"신규회원 스페셜 5,000",포인트 사용,일반 상품,20,20,20,1694040,100000,116060,0,84702.0
쿠폰 사용,2026년 3월 신규회원 5000원 할인,포인트 미사용,일반 상품,14,14,14,1678500,70000,0,0,119892.85714285714
쿠폰 사용,26년 신상품 10만원이상 1만원할인 / 등급할인20%,포인트 미사용,일반 상품,12,12,15,1669800,545200,0,0,139150.0
쿠폰 사용,Winter Festival 15% (오후6시),포인트 미사용,일반 상품,4,4,6,1569190,259610,0,0,392297.5
쿠폰 사용,등급할인10% / 25년 신상품 10만원이상 1만원할인,포인트 사용,일반 상품,12,12,19,1562710,279700,79590,0,130225.83333333333
쿠폰 사용,25년 신상품 20만원이상 2만원할인,포인트 미사용,일반 상품,7,7,11,1553000,140000,0,0,221857.14285714287
쿠폰 사용,"신규회원 스페셜 5,000",포인트 미사용,일반 상품,12,12,12,1549200,60000,0,0,129100.0
쿠폰 사용,2026년 5월 신규회원 5000원 할인,포인트 사용,일반 상품,16,16,16,1517730,80000,50270,0,94858.125
쿠폰 미사용,첫 구매 장바구니 10% 할인,포인트 사용,일반 상품,26,26,37,1477057,0,80840,0,56809.88461538462
쿠폰 사용,202602 생일축하쿠폰1만원 / 첫 구매 장바구니 10% 할인,포인트 사용,일반 상품,10,10,10,1455070,271680,90050,0,145507.0
쿠폰 미사용,202604 생일축하쿠폰1만원,포인트 사용,일반 상품,26,26,33,1448410,0,145490,0,55708.07692307692
쿠폰 사용,202604 생일축하쿠폰1만원,포인트 미사용,일반 상품,25,25,25,1442400,250000,0,0,57696.0
쿠폰 사용,26년 신상품 50만원이상 5만원할인,포인트 사용,일반 상품,3,3,14,1414510,132090,14750,0,471503.3333333333
쿠폰 사용,2026년 4월 신규회원 5000원 할인 / GNR 스페셜 20%,포인트 사용,일반 상품,13,13,19,1392000,420200,28800,0,107076.92307692308
쿠폰 미사용,202511 생일축하쿠폰1만원,포인트 사용,일반 상품,14,14,23,1389740,0,75260,0,99267.14285714286
쿠폰 미사용,등급할인20%,포인트 사용,일반 상품,16,16,18,1372900,0,106250,0,85806.25
쿠폰 사용,등급할인10% / 26년 신상품 30만원이상 3만원할인,포인트 미사용,일반 상품,5,5,10,1369000,221000,0,0,273800.0
쿠폰 미사용,26년 신상품 10만원이상 1만원할인 / 등급할인10%,포인트 사용,일반 상품,17,17,24,1332740,0,35260,0,78396.4705882353
쿠폰 사용,첫 구매 장바구니 10% 할인 / 202602 생일축하쿠폰1만원,포인트 미사용,일반 상품,8,8,11,1326735,227415,0,0,165841.875
쿠폰 사용,Winter Festival 15% (오전10시),포인트 사용,일반 상품,7,7,8,1308825,239365,47510,0,186975.0
쿠폰 사용,Winter Festival 10% (오후6시),포인트 사용,일반 상품,7,7,7,1288520,148590,48790,0,184074.2857142857
쿠폰 사용,등급할인20%,포인트 미사용,일반 상품,16,14,16,1229600,307400,0,0,76850.0
쿠폰 사용,25년 신상품 20만원이상 2만원할인 / 등급할인10%,포인트 사용,일반 상품,5,5,13,1183780,190500,40920,0,236756.0
쿠폰 사용,26년 신상품 40만원이상 4만원할인 / 등급할인10%,포인트 미사용,일반 상품,3,3,5,1177300,233700,0,0,392433.3333333333
쿠폰 사용,26년 신상품 60만원이상 6만원할인,포인트 미사용,일반 상품,2,2,8,1162000,120000,0,0,581000.0
쿠폰 미사용,202512 생일축하쿠폰1만원,포인트 미사용,일반 상품,11,11,21,1161800,0,0,0,105618.18181818182
쿠폰 미사용,2026년 4월 신규회원 5000원 할인,포인트 사용,일반 상품,2,2,8,1153450,0,2550,0,576725.0
쿠폰 사용,GNR 스페셜 20%,포인트 미사용,일반 상품,18,18,27,1119200,279800,0,0,62177.77777777778
쿠폰 사용,26년 신상품 20만원이상 2만원할인 / 202601 생일축하쿠폰1만원,포인트 사용,일반 상품,6,6,8,1104060,180000,87780,0,184010.0
쿠폰 사용,202603 생일축하쿠폰1만원 / 첫 구매 장바구니 10% 할인,포인트 사용,일반 상품,8,8,8,1085950,206550,53000,0,135743.75
쿠폰 사용,Winter Festival 15% (오전10시),포인트 미사용,일반 상품,6,6,7,1084340,191360,0,0,180723.33333333334
쿠폰 사용,GNR 스페셜 20% / 2026년 4월 신규회원 5000원 할인,포인트 사용,일반 상품,8,8,10,1069150,314800,30050,0,133643.75
쿠폰 사용,Winter Festival 10% (오전10시),포인트 사용,일반 상품,10,10,10,1067750,125200,59050,0,106775.0
쿠폰 사용,25년 신상품 10만원이상 1만원할인 / 등급할인10%,포인트 사용,일반 상품,8,8,11,1063070,198200,38730,0,132883.75
쿠폰 사용,2025년 11월 신규회원 5000원 할인 / Winter Festival 10% (오후6시),포인트 사용,일반 상품,4,4,6,1043350,138150,20000,0,260837.5
쿠폰 사용,첫 구매 장바구니 10% 할인 / 202604 생일축하쿠폰1만원,포인트 사용,일반 상품,11,11,12,1020360,229080,51360,0,92760.0
쿠폰 사용,HSS 30% 할인 쿠폰,포인트 사용,일반 상품,19,14,19,1015385,506785,179780,0,53441.31578947369
쿠폰 미사용,2025년 12월 신규회원 5000원 할인,포인트 사용,일반 상품,12,12,17,1014660,0,19740,0,84555.0
쿠폰 사용,GNR 스페셜 20% / 등급할인10%,포인트 사용,일반 상품,10,10,12,1013850,400000,34150,0,101385.0
쿠폰 사용,2025년 12월 신규회원 5000원 할인 / ★ 단체 구매 10% 할인,포인트 미사용,일반 상품,1,1,7,1009800,117200,0,0,1009800.0
쿠폰 사용,25년 신상품 30만원이상 3만원할인,포인트 사용,일반 상품,3,3,3,999620,90000,47380,0,333206.6666666667
쿠폰 사용,25년 신상품 50만원이상 5만원할인,포인트 미사용,일반 상품,2,2,46,948000,100000,0,0,474000.0
쿠폰 사용,Winter Festival 15% (오후6시),포인트 사용,일반 상품,7,7,7,939490,173630,44380,0,134212.85714285713
쿠폰 사용,등급할인20% / 26년 신상품 30만원이상 3만원할인,포인트 사용,일반 상품,3,3,4,921400,315400,59200,0,307133.3333333333
쿠폰 사용,25년 신상품 30만원이상 3만원할인 / 등급할인10%,포인트 사용,일반 상품,3,3,3,902420,203700,30880,0,300806.6666666667
쿠폰 사용,Winter Festival 10% (오후6시),포인트 미사용,일반 상품,4,4,5,898110,99790,0,0,224527.5
쿠폰 사용,첫 구매 장바구니 10% 할인 / 무료배송쿠폰(3만원미만 사용가능),포인트 사용,일반 상품,47,47,54,893460,121140,196800,0,19009.787234042553
쿠폰 사용,GNR 스페셜 20%,포인트 사용,일반 상품,21,21,25,886490,239600,71910,0,42213.80952380953
쿠폰 사용,26년 신상품 20만원이상 2만원할인 / 등급할인20% / 등급할인20%,포인트 사용,일반 상품,5,5,11,865320,309870,49810,0,173064.0
쿠폰 사용,Winter Festival 20% (오후6시),포인트 사용,일반 상품,5,5,5,861540,221520,24540,0,172308.0
쿠폰 사용,첫 구매 장바구니 10% 할인 / 202511 생일축하쿠폰1만원,포인트 사용,일반 상품,2,2,2,855740,115860,7000,0,427870.0
쿠폰 사용,등급할인10% / 26년 신상품 40만원이상 4만원할인,포인트 미사용,일반 상품,2,2,4,844200,151800,0,0,422100.0
쿠폰 사용,첫 구매 장바구니 10% 할인 / 2026년 1월 신규회원 5000원 할인 / 202601 생일축하쿠폰1만원,포인트 사용,일반 상품,3,3,6,836380,138820,8000,0,278793.3333333333
쿠폰 사용,등급할인10% / 2026년 5월 신규회원 5000원 할인 / 첫 구매 장바구니 10% 할인,포인트 사용,일반 상품,2,2,8,836340,139060,21000,0,418170.0
쿠폰 미사용,F25 온라인 전용 10% 할인,포인트 사용,일반 상품,7,7,18,826100,0,58900,0,118014.28571428571
쿠폰 사용,첫 구매 장바구니 10% 할인 / 202511 생일축하쿠폰1만원,포인트 미사용,일반 상품,4,4,7,817920,130880,0,0,204480.0
쿠폰 미사용,25년 신상품 10만원이상 1만원할인,포인트 사용,일반 상품,4,4,12,806830,0,9670,0,201707.5
쿠폰 미사용,202512 생일축하쿠폰1만원,포인트 사용,일반 상품,21,21,24,804100,0,58800,0,38290.47619047619
쿠폰 미사용,"무료배송쿠폰(등급혜택, 3만원미만 사용가능)",포인트 미사용,일반 상품,32,32,34,794700,0,0,0,24834.375
쿠폰 사용,첫 구매 장바구니 10% 할인 / 202603 생일축하쿠폰1만원,포인트 미사용,일반 상품,7,7,8,781830,156870,0,0,111690.0
쿠폰 사용,첫 구매 장바구니 10% 할인 / 202602 생일축하쿠폰1만원 / 2026년 2월 신규회원 5000원 할인,포인트 사용,일반 상품,2,2,9,772200,116800,9000,0,386100.0
쿠폰 사용,25년 신상품 10만원이상 1만원할인 / 등급할인10%,포인트 미사용,일반 상품,6,6,10,771900,131400,0,0,128650.0
쿠폰 사용,등급할인10% / 첫 구매 장바구니 10% 할인 / 2026년 5월 신규회원 5000원 할인,포인트 사용,일반 상품,4,4,9,766310,149440,15250,0,191577.5
쿠폰 사용,26년 신상품 20만원이상 2만원할인 / 202602 생일축하쿠폰1만원,포인트 사용,일반 상품,3,3,6,756940,90000,31580,0,252313.33333333334
쿠폰 미사용,첫 구매 장바구니 10% 할인,포인트 미사용,일반 상품,16,16,22,756000,0,0,0,47250.0
쿠폰 사용,등급할인10% / 2026년 4월 신규회원 5000원 할인 / GNR 스페셜 20%,포인트 사용,일반 상품,1,1,5,742080,240920,2000,0,742080.0
쿠폰 사용,26년 신상품 10만원이상 1만원할인 / 등급할인20% / 등급할인20%,포인트 사용,일반 상품,6,6,12,724440,273600,69960,0,120740.0
쿠폰 미사용,2025년 12월 신규회원 5000원 할인 / 첫 구매 장바구니 10% 할인,포인트 사용,일반 상품,11,11,18,720370,0,12630,0,65488.181818181816
쿠폰 사용,등급할인20% / 등급할인20% / 26년 신상품 10만원이상 1만원할인,포인트 사용,일반 상품,6,6,13,718890,267600,100510,0,119815.0
쿠폰 사용,첫 구매 장바구니 10% 할인 / 202603 생일축하쿠폰1만원,포인트 사용,일반 상품,8,8,9,693840,161760,42000,0,86730.0
쿠폰 사용,26년 신상품 10만원이상 1만원할인 / 202602 생일축하쿠폰1만원,포인트 사용,일반 상품,6,6,6,683410,120000,140590,0,113901.66666666667
쿠폰 사용,2025년 11월 신규회원 5000원 할인 / Winter Festival 15% (오후6시),포인트 사용,일반 상품,3,3,3,671615,134585,6000,0,223871.66666666666
쿠폰 사용,2026년 5월 신규회원 5000원 할인,포인트 미사용,일반 상품,8,8,8,670000,40000,0,0,83750.0
쿠폰 미사용,2026년 1월 신규회원 5000원 할인,포인트 사용,일반 상품,9,9,10,669130,0,11270,0,74347.77777777778
쿠폰 사용,25년 신상품 10만원이상 1만원할인 / 등급할인20%,포인트 사용,일반 상품,6,6,6,662620,256800,64580,0,110436.66666666667
쿠폰 사용,25년 신상품 30만원이상 3만원할인 / 등급할인10%,포인트 미사용,일반 상품,2,2,2,658200,139800,0,0,329100.0
쿠폰 미사용,202601 생일축하쿠폰1만원,포인트 미사용,일반 상품,11,11,14,651900,0,0,0,59263.63636363636
쿠폰 사용,등급할인10% / 첫 구매 장바구니 10% 할인 / 2026년 4월 신규회원 5000원 할인,포인트 미사용,일반 상품,1,1,4,648990,97010,0,0,648990.0
쿠폰 사용,첫 구매 장바구니 10% 할인 / 2026년 4월 신규회원 5000원 할인 / 등급할인10%,포인트 사용,일반 상품,3,3,6,648070,117930,8000,0,216023.33333333334
쿠폰 사용,26년 신상품 70만원이상 7만원할인 / 등급할인10% / 202601 생일축하쿠폰1만원,포인트 사용,일반 상품,1,1,2,638100,119900,20000,0,638100.0
쿠폰 사용,등급할인20% / 등급할인20% / 26년 신상품 70만원이상 7만원할인,포인트 사용,일반 상품,1,1,6,631270,141600,27130,0,631270.0
쿠폰 사용,등급할인10% / GNR 스페셜 20%,포인트 미사용,일반 상품,6,6,9,614880,227120,0,0,102480.0
쿠폰 사용,등급할인10% / 2026년 4월 신규회원 5000원 할인 / 첫 구매 장바구니 10% 할인,포인트 사용,일반 상품,2,2,7,613760,103440,4000,0,306880.0
쿠폰 사용,"GNR 스페셜 20% / 신규회원 스페셜 5,000",포인트 사용,일반 상품,4,4,6,602000,152000,10000,0,150500.0
쿠폰 미사용,26년 신상품 20만원이상 2만원할인 / 등급할인20%,포인트 사용,일반 상품,5,5,11,596100,0,17900,0,119220.0
쿠폰 사용,26년 신상품 30만원이상 3만원할인 / 등급할인20% / 등급할인20%,포인트 사용,일반 상품,2,2,5,595920,203200,35880,0,297960.0
쿠폰 미사용,202511 생일축하쿠폰1만원,포인트 미사용,일반 상품,7,7,10,594900,0,0,0,84985.71428571429
쿠폰 사용,등급할인10% / 2026년 3월 신규회원 5000원 할인 / 첫 구매 장바구니 10% 할인,포인트 사용,일반 상품,1,1,5,590090,106910,4000,0,590090.0
쿠폰 사용,Winter Festival 10% (오전10시),포인트 미사용,일반 상품,2,2,5,588600,65400,0,0,294300.0
쿠폰 사용,첫 구매 장바구니 10% 할인 / 202604 생일축하쿠폰1만원,포인트 미사용,일반 상품,6,6,6,586350,125150,0,0,97725.0
쿠폰 사용,등급할인20% / 등급할인20% / 26년 신상품 20만원이상 2만원할인,포인트 미사용,일반 상품,3,3,5,584880,210120,0,0,194960.0
쿠폰 사용,202602 생일축하쿠폰1만원 / 첫 구매 장바구니 10% 할인,포인트 미사용,일반 상품,4,4,4,583470,104830,0,0,145867.5
쿠폰 사용,첫 구매 장바구니 10% 할인 / 202605 생일축하쿠폰1만원,포인트 사용,일반 상품,7,7,7,583390,139710,44000,0,83341.42857142857
쿠폰 사용,등급할인10% / 구매 감사 장바구니 10% 할인,포인트 사용,일반 상품,4,4,8,578760,90440,42800,0,144690.0
쿠폰 사용,26년 신상품 10만원이상 1만원할인 / 202604 생일축하쿠폰1만원 / 등급할인10%,포인트 사용,일반 상품,4,4,8,567660,104700,42940,0,141915.0
쿠폰 미사용,26년 신상품 20만원이상 2만원할인,포인트 사용,일반 상품,10,10,11,565948,0,31550,0,56594.8
쿠폰 사용,등급할인20% / 26년 신상품 10만원이상 1만원할인,포인트 미사용,일반 상품,4,4,7,554000,169000,0,0,138500.0
쿠폰 사용,등급할인20% / 등급할인20% / 25년 신상품 20만원이상 2만원할인,포인트 사용,일반 상품,2,2,6,552450,151200,31150,0,276225.0
쿠폰 사용,202512 생일축하쿠폰1만원 / 등급할인20% / 등급할인20% / 25년 신상품 70만원이상 7만원할인,포인트 사용,일반 상품,1,1,6,547680,227600,114720,0,547680.0
쿠폰 사용,첫 구매 장바구니 10% 할인 / 2025년 12월 신규회원 5000원 할인 / 202512 생일축하쿠폰1만원,포인트 사용,일반 상품,2,2,6,545130,91570,9000,0,272565.0
쿠폰 사용,26년 신상품 10만원이상 1만원할인 / 비오는날 10% 스페셜 할인,포인트 사용,일반 상품,4,4,4,541590,107600,26810,0,135397.5
쿠폰 사용,등급할인10% / 25년 신상품 10만원이상 1만원할인,포인트 미사용,일반 상품,4,4,4,514400,101600,0,0,128600.0
쿠폰 사용,등급할인10% / Winter Festival 10% (오전10시),포인트 미사용,일반 상품,1,1,4,506700,56300,0,0,506700.0
쿠폰 미사용,첫 구매 장바구니 10% 할인 / 2026년 1월 신규회원 5000원 할인,포인트 미사용,일반 상품,5,5,7,505650,0,0,0,101130.0
쿠폰 사용,2026년 3월 신규회원 5000원 할인 / GNR 스페셜 20%,포인트 미사용,일반 상품,4,4,10,504000,141000,0,0,126000.0
쿠폰 사용,Winter Festival 20% (오전10시),포인트 사용,일반 상품,3,3,4,502870,130420,18810,0,167623.33333333334
쿠폰 사용,첫 구매 장바구니 10% 할인 / 2026년 4월 신규회원 5000원 할인 / 등급할인10%,포인트 미사용,일반 상품,2,2,6,498330,95170,0,0,249165.0
쿠폰 사용,첫 구매 장바구니 10% 할인 / 2026년 5월 신규회원 5000원 할인 / 등급할인10%,포인트 사용,일반 상품,2,2,4,496380,103620,6000,0,248190.0
쿠폰 사용,202511 생일축하쿠폰1만원 / 첫 구매 장바구니 10% 할인,포인트 미사용,일반 상품,2,2,2,493470,74830,0,0,246735.0
쿠폰 사용,202512 생일축하쿠폰1만원 / 첫 구매 장바구니 10% 할인,포인트 미사용,일반 상품,4,4,4,489600,94400,0,0,122400.0
쿠폰 사용,202601 생일축하쿠폰1만원 / 첫 구매 장바구니 10% 할인,포인트 미사용,일반 상품,3,3,4,488070,84230,0,0,162690.0
쿠폰 사용,26년 신상품 10만원이상 1만원할인 / 202605 생일축하쿠폰1만원,포인트 사용,일반 상품,4,4,7,486360,80000,46640,0,121590.0
쿠폰 사용,무료배송쿠폰(3만원미만 사용가능) / 첫 구매 장바구니 10% 할인,포인트 사용,일반 상품,28,28,30,486190,66950,116340,0,17363.928571428572
쿠폰 사용,25년 신상품 30만원이상 3만원할인 / 등급할인20% / 등급할인20%,포인트 사용,일반 상품,1,1,5,482420,87600,18280,0,482420.0
쿠폰 사용,"GNR 스페셜 20% / 신규회원 스페셜 5,000",포인트 미사용,일반 상품,2,2,4,475600,100400,0,0,237800.0
쿠폰 사용,26년 신상품 20만원이상 2만원할인 / 등급할인20%,포인트 미사용,일반 상품,2,2,4,466600,129400,0,0,233300.0
쿠폰 사용,202605 생일축하쿠폰1만원 / 첫 구매 장바구니 10% 할인,포인트 미사용,일반 상품,5,5,5,466020,101780,0,0,93204.0
쿠폰 사용,GNR 스페셜 20% / 2026년 4월 신규회원 5000원 할인,포인트 미사용,일반 상품,5,5,6,463200,140800,0,0,92640.0
쿠폰 미사용,202603 생일축하쿠폰1만원,포인트 사용,일반 상품,6,6,8,461530,0,21330,0,76921.66666666667
쿠폰 미사용,등급할인20%,포인트 미사용,일반 상품,3,3,3,461300,0,0,0,153766.66666666666
쿠폰 사용,26년 신상품 10만원이상 1만원할인 / 202603 생일축하쿠폰1만원,포인트 사용,일반 상품,5,5,8,458300,100000,40700,0,91660.0
쿠폰 미사용,"신규회원 스페셜 5,000",포인트 미사용,일반 상품,2,2,6,457000,0,0,0,228500.0
쿠폰 미사용,등급할인10% / 26년 신상품 10만원이상 1만원할인,포인트 미사용,일반 상품,4,4,8,453900,0,0,0,113475.0
쿠폰 미사용,26년 신상품 10만원이상 1만원할인 / 등급할인10%,포인트 미사용,일반 상품,7,7,10,452500,0,0,0,64642.857142857145
쿠폰 사용,2026년 4월 신규회원 5000원 할인 / GNR 스페셜 20%,포인트 미사용,일반 상품,4,4,6,451200,132800,0,0,112800.0
쿠폰 미사용,첫 구매 장바구니 10% 할인 / 2026년 1월 신규회원 5000원 할인,포인트 사용,일반 상품,7,7,8,442190,0,9810,0,63170.0
쿠폰 사용,Winter Festival 5% (오후6시) / 202511 생일축하쿠폰1만원,포인트 미사용,일반 상품,1,1,1,442030,33270,0,0,442030.0
쿠폰 사용,등급할인20% / 등급할인20% / 등급할인20% / 26년 신상품 50만원이상 5만원할인,포인트 사용,일반 상품,1,1,8,437640,97400,16960,0,437640.0
쿠폰 사용,26년 신상품 40만원이상 4만원할인 / 등급할인20% / 등급할인20% / 등급할인20%,포인트 사용,일반 상품,1,1,3,436500,159400,1100,0,436500.0
쿠폰 사용,25년 신상품 20만원이상 2만원할인 / 등급할인20%,포인트 미사용,일반 상품,1,1,2,434400,91800,0,0,434400.0
쿠폰 사용,202602 생일축하쿠폰1만원 / 26년 신상품 20만원이상 2만원할인,포인트 미사용,일반 상품,2,2,3,431770,60000,0,0,215885.0
쿠폰 사용,2026년 1월 신규회원 5000원 할인 / F25 온라인 전용 10% 할인 / 첫 구매 장바구니 10% 할인,포인트 사용,일반 상품,1,1,5,431710,63090,11000,0,431710.0
쿠폰 사용,GNR 스페셜 20% / 2026년 3월 신규회원 5000원 할인,포인트 사용,일반 상품,3,3,6,431200,124800,8000,0,143733.33333333334
쿠폰 사용,비오는날 10% 스페셜 할인 / 26년 신상품 10만원이상 1만원할인,포인트 미사용,일반 상품,3,3,3,426300,80700,0,0,142100.0
쿠폰 미사용,쿠폰 미사용,포인트 미사용,프로모션 상품,6,6,7,425000,0,0,63750,70833.33333333333
쿠폰 사용,Winter Festival 10% (오후6시) / 202511 생일축하쿠폰1만원,포인트 사용,일반 상품,1,1,1,424370,57930,7000,0,424370.0
쿠폰 사용,2025년 11월 신규회원 5000원 할인 / Winter Festival 10% (오전10시),포인트 사용,일반 상품,1,1,1,421270,52030,2000,0,421270.0
쿠폰 사용,HSS 30% 할인 쿠폰 / HSS 30% 할인 쿠폰,포인트 사용,일반 상품,6,5,12,416826,192444,32210,0,69471.0
쿠폰 사용,"신규회원 스페셜 5,000 / Winter Festival 20% (오전10시)",포인트 사용,일반 상품,2,2,3,416180,114760,2860,0,208090.0
쿠폰 사용,2026년 2월 신규회원 5000원 할인 / 첫 구매 장바구니 10% 할인 / 202602 생일축하쿠폰1만원,포인트 사용,일반 상품,1,1,2,415060,61340,2000,0,415060.0
쿠폰 사용,비오는날 10% 스페셜 할인,포인트 사용,일반 상품,6,6,6,410710,51400,51890,0,68451.66666666667
쿠폰 사용,비오는날 10% 스페셜 할인 / 26년 신상품 10만원이상 1만원할인,포인트 사용,일반 상품,3,3,3,408800,80700,17500,0,136266.66666666666
쿠폰 사용,Winter Festival 10% (오후6시) / 2025년 11월 신규회원 5000원 할인,포인트 사용,일반 상품,2,2,2,407120,55680,4000,0,203560.0
쿠폰 사용,202604 생일축하쿠폰1만원 / 첫 구매 장바구니 10% 할인,포인트 미사용,일반 상품,5,5,5,400230,94470,0,0,80046.0
쿠폰 사용,2026년 3월 신규회원 5000원 할인 / GNR 스페셜 20%,포인트 사용,일반 상품,4,4,4,399800,125200,21000,0,99950.0
쿠폰 사용,등급할인20% / 등급할인20% / 26년 신상품 20만원이상 2만원할인,포인트 사용,일반 상품,2,2,4,397750,153200,15050,0,198875.0
쿠폰 사용,202605 생일축하쿠폰1만원 / 첫 구매 장바구니 10% 할인,포인트 사용,일반 상품,5,5,6,397430,95270,10000,0,79486.0
쿠폰 사용,등급할인10% / 25년 신상품 40만원이상 4만원할인,포인트 사용,일반 상품,1,1,2,396900,79900,7200,0,396900.0
쿠폰 미사용,2026년 3월 신규회원 5000원 할인,포인트 미사용,일반 상품,3,3,4,396500,0,0,0,132166.66666666666
쿠폰 사용,26년 신상품 20만원이상 2만원할인 / 202602 생일축하쿠폰1만원 / 등급할인20%,포인트 사용,일반 상품,2,2,5,394290,107600,44610,0,197145.0
쿠폰 사용,26년 신상품 20만원이상 2만원할인 / 202603 생일축하쿠폰1만원,포인트 사용,일반 상품,2,2,5,389620,60000,27980,0,194810.0
쿠폰 사용,F25 온라인 전용 10% 할인,포인트 사용,일반 상품,15,15,15,388820,58500,137680,0,25921.333333333332
쿠폰 사용,"신규회원 스페셜 5,000 / Winter Festival 20% (오후6시)",포인트 미사용,일반 상품,1,1,1,387440,101860,0,0,387440.0
쿠폰 사용,26년 신상품 20만원이상 2만원할인 / 2026년 2월 신규회원 5000원 할인,포인트 미사용,일반 상품,2,2,4,385780,33360,0,0,192890.0
쿠폰 사용,26년 신상품 10만원이상 1만원할인 / 202604 생일축하쿠폰1만원,포인트 사용,일반 상품,3,3,5,384120,60000,40880,0,128040.0
쿠폰 사용,HSS 30% 할인 쿠폰,포인트 미사용,일반 상품,7,6,7,380905,163245,0,0,54415.0
쿠폰 미사용,26년 신상품 20만원이상 2만원할인,포인트 미사용,일반 상품,3,3,5,380600,0,0,0,126866.66666666667
쿠폰 사용,등급할인20% / 26년 신상품 30만원이상 3만원할인 / 등급할인20%,포인트 사용,일반 상품,1,1,4,380190,101600,8510,0,380190.0
쿠폰 사용,26년 신상품 40만원이상 4만원할인 / 202602 생일축하쿠폰1만원 / 등급할인10%,포인트 미사용,일반 상품,1,1,4,374100,61900,0,0,374100.0
쿠폰 사용,26년 신상품 40만원이상 4만원할인,포인트 미사용,일반 상품,1,1,3,373000,40000,0,0,373000.0
쿠폰 사용,등급할인20% / 등급할인20% / 등급할인20% / 26년 신상품 40만원이상 4만원할인,포인트 사용,일반 상품,1,1,6,370320,111400,2280,0,370320.0
쿠폰 사용,26년 신상품 30만원이상 3만원할인 / 등급할인20%,포인트 미사용,일반 상품,1,1,1,369200,129800,0,0,369200.0
쿠폰 사용,첫 구매 장바구니 10% 할인 / 2026년 5월 신규회원 5000원 할인 / 등급할인10%,포인트 미사용,일반 상품,1,1,4,368280,67720,0,0,368280.0
쿠폰 미사용,2026년 2월 신규회원 5000원 할인,포인트 사용,일반 상품,7,7,8,366178,0,9620,0,52311.142857142855
쿠폰 사용,202601 생일축하쿠폰1만원 / 26년 신상품 10만원이상 1만원할인,포인트 사용,일반 상품,4,4,5,364110,70000,57190,0,91027.5
쿠폰 사용,26년 신상품 40만원이상 4만원할인 / 등급할인20% / 등급할인20%,포인트 사용,일반 상품,1,1,3,363220,113600,180,0,363220.0
쿠폰 사용,2026년 4월 신규회원 5000원 할인 / 첫 구매 장바구니 10% 할인 / 등급할인10%,포인트 사용,일반 상품,2,2,3,362260,64560,3680,0,181130.0
쿠폰 사용,25년 신상품 40만원이상 4만원할인,포인트 사용,일반 상품,1,1,3,356200,40000,12800,0,356200.0
쿠폰 사용,등급할인10% / 첫 구매 장바구니 10% 할인 / 2026년 4월 신규회원 5000원 할인,포인트 사용,일반 상품,1,1,2,350890,65110,2000,0,350890.0
쿠폰 미사용,무료배송쿠폰(3만원미만 사용가능),포인트 미사용,일반 상품,15,15,17,345900,0,0,0,23060.0
쿠폰 미사용,등급할인10% / 26년 신상품 20만원이상 2만원할인,포인트 사용,일반 상품,3,3,3,343530,0,6970,0,114510.0
쿠폰 사용,26년 신상품 30만원이상 3만원할인 / 202512 생일축하쿠폰1만원,포인트 미사용,일반 상품,1,1,1,339000,40000,0,0,339000.0
쿠폰 미사용,202603 생일축하쿠폰1만원,포인트 미사용,일반 상품,4,4,5,337500,0,0,0,84375.0
쿠폰 사용,202605 생일축하쿠폰1만원 / 등급할인10% / 26년 신상품 30만원이상 3만원할인,포인트 사용,일반 상품,1,1,2,332270,63900,31830,0,332270.0
쿠폰 사용,25년 신상품 30만원이상 3만원할인 / 2025년 12월 신규회원 5000원 할인,포인트 사용,일반 상품,1,1,1,332000,35000,2000,0,332000.0
쿠폰 사용,202512 생일축하쿠폰1만원 / 26년 신상품 30만원이상 3만원할인,포인트 사용,일반 상품,1,1,1,327000,40000,2000,0,327000.0
쿠폰 사용,2026년 4월 신규회원 5000원 할인 / 등급할인10% / 첫 구매 장바구니 10% 할인,포인트 사용,일반 상품,2,2,4,322450,75850,11000,0,161225.0
쿠폰 사용,202601 생일축하쿠폰1만원 / 26년 신상품 30만원이상 3만원할인,포인트 미사용,일반 상품,1,1,1,319000,40000,0,0,319000.0
쿠폰 사용,26년 신상품 20만원이상 2만원할인 / 등급할인10% / 202601 생일축하쿠폰1만원,포인트 사용,일반 상품,1,1,3,318550,38900,11950,0,318550.0
쿠폰 사용,2026년 4월 신규회원 5000원 할인 / 첫 구매 장바구니 10% 할인 / 등급할인10%,포인트 미사용,일반 상품,2,2,3,316980,70020,0,0,158490.0
쿠폰 사용,등급할인10% / GNR 스페셜 20% / 2026년 3월 신규회원 5000원 할인,포인트 미사용,일반 상품,1,1,4,316080,99920,0,0,316080.0
쿠폰 사용,"신규회원 스페셜 5,000 / GNR 스페셜 20%",포인트 사용,일반 상품,1,1,4,313800,85200,7000,0,313800.0
쿠폰 사용,202603 생일축하쿠폰1만원 / 26년 신상품 30만원이상 3만원할인 / 등급할인10%,포인트 사용,일반 상품,1,1,3,313410,61900,1890,0,313410.0
쿠폰 사용,등급할인10% / 25년 신상품 30만원이상 3만원할인 / 202511 생일축하쿠폰1만원,포인트 사용,일반 상품,1,1,4,312650,53900,9450,0,312650.0
쿠폰 사용,2025년 11월 신규회원 5000원 할인 / Winter Festival 15% (오후6시),포인트 미사용,일반 상품,1,1,1,311440,59960,0,0,311440.0
쿠폰 사용,"Winter Festival 15% (오전10시) / 신규회원 스페셜 5,000",포인트 사용,일반 상품,1,1,1,309440,59960,2000,0,309440.0
쿠폰 미사용,25년 신상품 10만원이상 1만원할인 / 등급할인20%,포인트 사용,일반 상품,3,3,4,309430,0,6870,0,103143.33333333333
쿠폰 사용,"등급할인10% / 신규회원 스페셜 5,000 / 첫 구매 장바구니 10% 할인",포인트 사용,일반 상품,2,2,4,307680,66320,18000,0,153840.0
쿠폰 사용,등급할인20% / 26년 신상품 30만원이상 3만원할인,포인트 미사용,일반 상품,1,1,1,305200,113800,0,0,305200.0
쿠폰 사용,비오는날 10% 스페셜 할인 / 26년 신상품 30만원이상 3만원할인,포인트 사용,일반 상품,1,1,3,305000,46900,15100,0,305000.0
쿠폰 사용,첫 구매 장바구니 10% 할인 / 무료배송쿠폰(3만원미만 사용가능),포인트 미사용,일반 상품,14,14,16,302940,33660,0,0,21638.571428571428
쿠폰 사용,26년 신상품 30만원이상 3만원할인 / 등급할인20%,포인트 사용,일반 상품,1,1,1,298920,113800,6280,0,298920.0
쿠폰 사용,202604 생일축하쿠폰1만원 / 26년 신상품 20만원이상 2만원할인,포인트 미사용,일반 상품,1,1,3,297800,30000,0,0,297800.0
쿠폰 사용,2026년 3월 신규회원 5000원 할인 / 첫 구매 장바구니 10% 할인 / 등급할인10%,포인트 사용,일반 상품,1,1,2,297590,56410,4000,0,297590.0
쿠폰 사용,등급할인10% / 26년 신상품 20만원이상 2만원할인 / 202604 생일축하쿠폰1만원,포인트 사용,일반 상품,1,1,3,297100,43900,2000,0,297100.0
쿠폰 사용,첫 구매 장바구니 10% 할인 / 등급할인10% / 2026년 3월 신규회원 5000원 할인,포인트 사용,일반 상품,1,1,2,295990,60010,2000,0,295990.0
쿠폰 사용,등급할인20% / 26년 신상품 10만원이상 1만원할인 / 등급할인20%,포인트 사용,일반 상품,2,2,5,295020,91200,28780,0,147510.0
쿠폰 사용,Winter Festival 20% (오전10시) / 2025년 11월 신규회원 5000원 할인,포인트 미사용,일반 상품,1,1,1,293120,78280,0,0,293120.0
쿠폰 사용,202601 생일축하쿠폰1만원 / 첫 구매 장바구니 10% 할인 / 2026년 1월 신규회원 5000원 할인,포인트 사용,일반 상품,2,2,4,292860,63540,9000,0,146430.0
쿠폰 사용,등급할인20% / 등급할인20% / 26년 신상품 30만원이상 3만원할인,포인트 미사용,일반 상품,1,1,2,288400,109600,0,0,288400.0
쿠폰 사용,25년 신상품 10만원이상 1만원할인 / 202512 생일축하쿠폰1만원,포인트 미사용,일반 상품,2,2,2,288000,40000,0,0,144000.0
쿠폰 사용,202512 생일축하쿠폰1만원 / 26년 신상품 20만원이상 2만원할인,포인트 미사용,일반 상품,1,1,2,286300,30000,0,0,286300.0
쿠폰 사용,등급할인10% / 25년 신상품 30만원이상 3만원할인,포인트 사용,일반 상품,1,1,1,286090,65900,7010,0,286090.0
쿠폰 사용,202604 생일축하쿠폰1만원 / 첫 구매 장바구니 10% 할인 / 등급할인10%,포인트 사용,일반 상품,1,1,2,286090,59910,2000,0,286090.0
쿠폰 사용,2026년 2월 신규회원 5000원 할인 / 26년 신상품 20만원이상 2만원할인,포인트 사용,일반 상품,1,1,2,283000,25000,2000,0,283000.0
쿠폰 사용,25년 신상품 30만원이상 3만원할인 / 202511 생일축하쿠폰1만원,포인트 사용,일반 상품,1,1,31,282610,40000,95690,0,282610.0
쿠폰 사용,26년 신상품 20만원이상 2만원할인 / F25 온라인 전용 10% 할인 / 202602 생일축하쿠폰1만원 / 2026년 2월 신규회원 5000원 할인,포인트 미사용,일반 상품,1,1,3,279100,43900,0,0,279100.0
쿠폰 사용,등급할인20% / 25년 신상품 10만원이상 1만원할인,포인트 사용,일반 상품,3,2,5,277180,109800,37020,0,92393.33333333333
쿠폰 사용,26년 신상품 30만원이상 3만원할인 / 등급할인20% / 등급할인20%,포인트 미사용,일반 상품,1,1,3,273400,83600,0,0,273400.0
쿠폰 사용,"무료배송쿠폰(등급혜택, 3만원미만 사용가능) / 202604 생일축하쿠폰1만원",포인트 사용,일반 상품,14,14,14,272910,140000,118890,0,19493.571428571428
쿠폰 미사용,첫 구매 장바구니 10% 할인 / 2026년 4월 신규회원 5000원 할인,포인트 미사용,일반 상품,2,2,4,272000,0,0,0,136000.0
쿠폰 미사용,등급할인20% / 26년 신상품 10만원이상 1만원할인,포인트 사용,일반 상품,3,3,3,270380,0,17120,0,90126.66666666667
쿠폰 사용,26년 신상품 30만원이상 3만원할인 / 등급할인10%,포인트 미사용,일반 상품,1,1,3,270100,46900,0,0,270100.0
쿠폰 사용,등급할인20% / 202604 생일축하쿠폰1만원 / 등급할인20% / 26년 신상품 20만원이상 2만원할인,포인트 사용,일반 상품,1,1,3,268700,91600,10000,0,268700.0
쿠폰 미사용,첫 구매 장바구니 10% 할인 / 2025년 12월 신규회원 5000원 할인,포인트 사용,일반 상품,6,6,6,267800,0,2200,0,44633.333333333336
쿠폰 미사용,26년 신상품 10만원이상 1만원할인,포인트 미사용,일반 상품,4,4,5,267100,0,0,0,66775.0
쿠폰 사용,"202604 생일축하쿠폰1만원 / 무료배송쿠폰(등급혜택, 3만원미만 사용가능)",포인트 사용,일반 상품,12,12,12,259520,120000,82280,0,21626.666666666668
쿠폰 사용,25년 신상품 10만원이상 1만원할인 / 202511 생일축하쿠폰1만원,포인트 미사용,일반 상품,2,2,2,258000,40000,0,0,129000.0
쿠폰 사용,등급할인10% / 26년 신상품 20만원이상 2만원할인 / 202601 생일축하쿠폰1만원,포인트 미사용,일반 상품,1,1,2,256100,51900,0,0,256100.0
쿠폰 사용,GNR 스페셜 20% / 등급할인10%,포인트 미사용,일반 상품,3,3,3,249840,97160,0,0,83280.0
쿠폰 사용,등급할인10% / 26년 신상품 10만원이상 1만원할인 / 202602 생일축하쿠폰1만원,포인트 사용,일반 상품,2,2,4,248800,62800,10400,0,124400.0
쿠폰 사용,등급할인10% / GNR 스페셜 20% / 2026년 4월 신규회원 5000원 할인,포인트 사용,일반 상품,1,1,3,246880,78120,2000,0,246880.0
쿠폰 미사용,26년 신상품 10만원이상 1만원할인 / 202605 생일축하쿠폰1만원,포인트 사용,일반 상품,2,2,2,246690,0,10910,0,123345.0
쿠폰 사용,202511 생일축하쿠폰1만원 / 25년 신상품 20만원이상 2만원할인,포인트 사용,일반 상품,1,1,2,246160,30000,1840,0,246160.0
쿠폰 사용,202511 생일축하쿠폰1만원 / Winter Festival 5% (오후6시),포인트 미사용,일반 상품,1,1,1,240730,22670,0,0,240730.0
쿠폰 미사용,26년 신상품 10만원이상 1만원할인 / 등급할인20%,포인트 사용,일반 상품,3,3,3,240210,0,13390,0,80070.0
쿠폰 사용,202601 생일축하쿠폰1만원 / 26년 신상품 20만원이상 2만원할인 / 등급할인10%,포인트 사용,일반 상품,1,1,4,239180,39900,27120,0,239180.0
쿠폰 사용,202602 생일축하쿠폰1만원 / 첫 구매 장바구니 10% 할인 / 2026년 2월 신규회원 5000원 할인,포인트 사용,일반 상품,2,2,4,238400,58600,19000,0,119200.0
쿠폰 사용,202602 생일축하쿠폰1만원 / 26년 신상품 20만원이상 2만원할인 / 등급할인10%,포인트 사용,일반 상품,1,1,3,237720,44900,20450,0,237720.0
쿠폰 사용,등급할인10% / 202512 생일축하쿠폰1만원 / 25년 신상품 10만원이상 1만원할인,포인트 사용,일반 상품,2,2,4,237200,54800,4000,0,118600.0
쿠폰 미사용,26년 신상품 30만원이상 3만원할인,포인트 사용,일반 상품,2,2,2,232720,0,7580,0,116360.0
쿠폰 미사용,Winter Festival 10% (오전10시),포인트 사용,일반 상품,1,1,1,229980,0,9220,0,229980.0
쿠폰 사용,202604 생일축하쿠폰1만원 / GNR 스페셜 20%,포인트 사용,일반 상품,1,1,1,229200,67800,2000,0,229200.0
쿠폰 미사용,202605 생일축하쿠폰1만원,포인트 사용,일반 상품,4,4,5,229140,0,9160,0,57285.0
쿠폰 사용,등급할인10% / 2026년 3월 신규회원 5000원 할인 / GNR 스페셜 20%,포인트 미사용,일반 상품,1,1,2,227280,80720,0,0,227280.0
쿠폰 사용,첫 구매 장바구니 10% 할인 / 등급할인10% / 2026년 4월 신규회원 5000원 할인,포인트 사용,일반 상품,1,1,3,225790,45210,2000,0,225790.0
쿠폰 사용,26년 신상품 20만원이상 2만원할인 / 202601 생일축하쿠폰1만원,포인트 미사용,일반 상품,1,1,3,225649,30000,0,0,225649.0
쿠폰 사용,202604 생일축하쿠폰1만원 / 등급할인20% / 등급할인20% / 26년 신상품 20만원이상 2만원할인,포인트 사용,일반 상품,1,1,3,223300,43960,3540,0,223300.0
쿠폰 미사용,등급할인10% / 26년 신상품 20만원이상 2만원할인,포인트 미사용,일반 상품,2,2,3,222850,0,0,0,111425.0
쿠폰 사용,202512 생일축하쿠폰1만원 / 등급할인20% / 26년 신상품 10만원이상 1만원할인,포인트 사용,일반 상품,1,1,2,222500,51800,10000,0,222500.0
쿠폰 사용,26년 신상품 20만원이상 2만원할인 / 등급할인20% / 202603 생일축하쿠폰1만원,포인트 사용,일반 상품,1,1,2,221680,59800,6520,0,221680.0
쿠폰 미사용,GNR 스페셜 20%,포인트 미사용,일반 상품,4,4,4,220600,0,0,0,55150.0
쿠폰 사용,202602 생일축하쿠폰1만원 / 26년 신상품 10만원이상 1만원할인,포인트 사용,일반 상품,2,2,2,219620,40000,28380,0,109810.0
쿠폰 사용,26년 신상품 20만원이상 2만원할인 / HSS 30% 할인 쿠폰 / HSS 30% 할인 쿠폰,포인트 미사용,일반 상품,1,1,2,218000,120000,0,0,218000.0
쿠폰 미사용,25년 신상품 30만원이상 3만원할인,포인트 사용,일반 상품,1,1,3,217710,0,11190,0,217710.0
쿠폰 미사용,Winter Festival 5% (오후6시),포인트 사용,일반 상품,1,1,2,217270,0,2730,0,217270.0
쿠폰 사용,2026년 4월 신규회원 5000원 할인 / 첫 구매 장바구니 10% 할인 / 202604 생일축하쿠폰1만원,포인트 사용,일반 상품,1,1,3,215800,39200,2000,0,215800.0
쿠폰 사용,26년 신상품 10만원이상 1만원할인 / 202601 생일축하쿠폰1만원,포인트 사용,일반 상품,2,2,3,215490,40000,32510,0,107745.0
쿠폰 사용,202511 생일축하쿠폰1만원 / 25년 신상품 10만원이상 1만원할인,포인트 사용,일반 상품,2,2,4,215350,40000,32650,0,107675.0
쿠폰 사용,등급할인20% / 등급할인20% / 26년 신상품 20만원이상 2만원할인 / 202602 생일축하쿠폰1만원,포인트 사용,일반 상품,1,1,4,215100,53810,9290,0,215100.0
쿠폰 사용,26년 신상품 20만원이상 2만원할인 / 2026년 4월 신규회원 5000원 할인,포인트 미사용,일반 상품,1,1,1,214000,25000,0,0,214000.0
쿠폰 사용,등급할인20% / 26년 신상품 20만원이상 2만원할인 / 등급할인20%,포인트 사용,일반 상품,1,1,3,213400,63600,10000,0,213400.0
쿠폰 미사용,2025년 12월 신규회원 5000원 할인,포인트 미사용,일반 상품,4,4,5,210000,0,0,0,52500.0
쿠폰 미사용,26년 신상품 40만원이상 4만원할인 / 등급할인10%,포인트 사용,일반 상품,3,3,4,208340,0,6160,0,69446.66666666667
쿠폰 사용,202604 생일축하쿠폰1만원 / 26년 신상품 10만원이상 1만원할인,포인트 사용,일반 상품,2,2,2,207050,40000,50950,0,103525.0
쿠폰 사용,"무료배송쿠폰(등급혜택, 3만원미만 사용가능) / 202603 생일축하쿠폰1만원",포인트 사용,일반 상품,9,9,9,206350,90000,37650,0,22927.777777777777
쿠폰 사용,등급할인20% / 202512 생일축하쿠폰1만원,포인트 사용,일반 상품,1,1,2,201190,29800,3210,0,201190.0
쿠폰 사용,첫 구매 장바구니 10% 할인 / 2026년 1월 신규회원 5000원 할인 / 202601 생일축하쿠폰1만원,포인트 미사용,일반 상품,1,1,2,201150,37350,0,0,201150.0
쿠폰 사용,2026년 3월 신규회원 5000원 할인 / 첫 구매 장바구니 10% 할인 / 202603 생일축하쿠폰1만원,포인트 미사용,일반 상품,1,1,2,201060,37340,0,0,201060.0
쿠폰 사용,26년 신상품 20만원이상 2만원할인 / F25 온라인 전용 10% 할인,포인트 사용,일반 상품,1,1,2,200330,28900,18770,0,200330.0
쿠폰 사용,등급할인10% / 202604 생일축하쿠폰1만원 / 구매 감사 장바구니 10% 할인,포인트 사용,일반 상품,1,1,4,200280,49110,17610,0,200280.0
쿠폰 사용,첫 구매 장바구니 10% 할인 / 2026년 3월 신규회원 5000원 할인 / 등급할인10%,포인트 사용,일반 상품,1,1,3,199960,36340,2000,0,199960.0
쿠폰 사용,202603 생일축하쿠폰1만원 / 26년 신상품 10만원이상 1만원할인,포인트 사용,일반 상품,2,2,5,199120,40000,9880,0,99560.0
쿠폰 사용,26년 신상품 20만원이상 2만원할인 / HSS 30% 할인 쿠폰 / HSS 30% 할인 쿠폰 / HSS 30% 할인 쿠폰,포인트 사용,일반 상품,1,1,3,196790,113960,2450,0,196790.0
쿠폰 사용,26년 신상품 20만원이상 2만원할인 / 202605 생일축하쿠폰1만원 / 등급할인10%,포인트 미사용,일반 상품,1,1,2,196100,41900,0,0,196100.0
쿠폰 사용,"무료배송쿠폰(등급혜택, 3만원미만 사용가능) / 202601 생일축하쿠폰1만원",포인트 사용,일반 상품,12,12,12,195999,120000,153900,0,16333.25
쿠폰 사용,26년 신상품 10만원이상 1만원할인 / 202603 생일축하쿠폰1만원 / 등급할인20%,포인트 사용,일반 상품,1,1,2,195920,63800,6280,0,195920.0
쿠폰 사용,등급할인10% / 202602 생일축하쿠폰1만원 / 26년 신상품 20만원이상 2만원할인,포인트 미사용,일반 상품,1,1,2,194300,47900,0,0,194300.0
쿠폰 사용,F25 온라인 전용 10% 할인 / 26년 신상품 20만원이상 2만원할인,포인트 사용,일반 상품,1,1,2,189770,28900,2000,0,189770.0
쿠폰 사용,HSS 30% 할인 쿠폰 / 26년 신상품 20만원이상 2만원할인,포인트 미사용,일반 상품,1,1,1,189000,70000,0,0,189000.0
쿠폰 사용,202601 생일축하쿠폰1만원 / 26년 신상품 20만원이상 2만원할인,포인트 미사용,일반 상품,1,1,3,187800,30000,0,0,187800.0
쿠폰 미사용,"신규회원 스페셜 5,000",포인트 사용,일반 상품,2,2,2,187340,0,2660,0,93670.0
쿠폰 사용,등급할인20% / 26년 신상품 20만원이상 2만원할인,포인트 미사용,일반 상품,1,1,2,186400,31800,0,0,186400.0
쿠폰 사용,25년 신상품 20만원이상 2만원할인 / 등급할인10%,포인트 미사용,일반 상품,1,1,1,186100,42900,0,0,186100.0
쿠폰 사용,202604 생일축하쿠폰1만원 / 26년 신상품 20만원이상 2만원할인 / 등급할인10%,포인트 사용,일반 상품,1,1,2,185520,41900,10580,0,185520.0
쿠폰 사용,26년 신상품 20만원이상 2만원할인 / 202604 생일축하쿠폰1만원 / 등급할인10%,포인트 사용,일반 상품,1,1,1,185120,43900,9980,0,185120.0
쿠폰 사용,26년 신상품 20만원이상 2만원할인 / 202603 생일축하쿠폰1만원 / 등급할인10%,포인트 사용,일반 상품,1,1,2,182650,43900,1450,0,182650.0
쿠폰 사용,GNR 스페셜 20% / 2026년 3월 신규회원 5000원 할인,포인트 미사용,일반 상품,2,2,2,182400,55600,0,0,91200.0
쿠폰 사용,첫 구매 장바구니 10% 할인 / F25 온라인 전용 10% 할인,포인트 사용,일반 상품,5,5,6,180950,50450,52600,0,36190.0
쿠폰 사용,Winter Festival 5% (오후6시),포인트 사용,일반 상품,1,1,2,180220,9610,2370,0,180220.0
쿠폰 사용,Winter Festival 10% (오후6시) / 2025년 11월 신규회원 5000원 할인,포인트 미사용,일반 상품,2,2,2,180000,25000,0,0,90000.0
쿠폰 사용,등급할인10% / 26년 신상품 10만원이상 1만원할인 / 202604 생일축하쿠폰1만원,포인트 사용,일반 상품,1,1,2,179650,33900,4450,0,179650.0
쿠폰 사용,등급할인10% / 202601 생일축하쿠폰1만원,포인트 사용,일반 상품,2,2,4,179380,35800,59790,0,89690.0
쿠폰 사용,첫 구매 장바구니 10% 할인 / HSS 30% 할인 쿠폰,포인트 미사용,일반 상품,1,1,1,179100,69900,0,0,179100.0
쿠폰 사용,26년 신상품 10만원이상 1만원할인 / 202603 생일축하쿠폰1만원,포인트 미사용,일반 상품,1,1,1,179000,20000,0,0,179000.0
쿠폰 사용,등급할인20% / 등급할인20% / 26년 신상품 30만원이상 3만원할인,포인트 사용,일반 상품,1,1,3,177890,34020,5090,0,177890.0
쿠폰 사용,Winter Festival 10% (오전10시) / 2025년 11월 신규회원 5000원 할인,포인트 사용,일반 상품,1,1,1,176560,24840,2000,0,176560.0
쿠폰 사용,25년 신상품 10만원이상 1만원할인 / 202511 생일축하쿠폰1만원,포인트 사용,일반 상품,2,2,2,176170,40000,71830,0,88085.0
쿠폰 사용,202511 생일축하쿠폰1만원 / 등급할인20%,포인트 미사용,일반 상품,1,1,2,174500,31800,0,0,174500.0
쿠폰 사용,26년 신상품 20만원이상 2만원할인 / 등급할인10% / 202602 생일축하쿠폰1만원,포인트 사용,일반 상품,1,1,2,174300,39900,20000,0,174300.0
쿠폰 사용,26년 신상품 10만원이상 1만원할인 / 202605 생일축하쿠폰1만원 / 등급할인10%,포인트 사용,일반 상품,1,1,2,174000,34900,9100,0,174000.0
쿠폰 사용,"무료배송쿠폰(등급혜택, 3만원미만 사용가능) / 첫 구매 장바구니 10% 할인",포인트 사용,일반 상품,7,7,7,172270,22030,26000,0,24610.0
쿠폰 사용,등급할인10% / 26년 신상품 10만원이상 1만원할인 / 202601 생일축하쿠폰1만원,포인트 사용,일반 상품,1,1,2,171840,33900,2260,0,171840.0
쿠폰 미사용,첫 구매 장바구니 10% 할인 / 2026년 2월 신규회원 5000원 할인,포인트 사용,일반 상품,2,2,2,171170,0,2930,0,85585.0
쿠폰 사용,202602 생일축하쿠폰1만원 / 26년 신상품 20만원이상 2만원할인,포인트 사용,일반 상품,1,1,2,171150,30000,30850,0,171150.0
쿠폰 사용,무료배송쿠폰(3만원미만 사용가능) / 첫 구매 장바구니 10% 할인,포인트 미사용,일반 상품,9,9,9,170460,18940,0,0,18940.0
쿠폰 사용,구매 감사 장바구니 10% 할인 / 등급할인10%,포인트 사용,일반 상품,1,1,1,169560,41610,7830,0,169560.0
쿠폰 사용,등급할인10% / 2026년 5월 신규회원 5000원 할인,포인트 사용,일반 상품,1,1,2,168520,15900,1580,0,168520.0
쿠폰 사용,"첫 구매 장바구니 10% 할인 / 신규회원 스페셜 5,000 / 202604 생일축하쿠폰1만원",포인트 사용,일반 상품,1,1,2,168260,34140,4000,0,168260.0
쿠폰 미사용,등급할인20% / 26년 신상품 20만원이상 2만원할인,포인트 사용,일반 상품,2,2,3,167370,0,4830,0,83685.0
쿠폰 사용,26년 신상품 10만원이상 1만원할인 / 등급할인10% / 202605 생일축하쿠폰1만원,포인트 미사용,일반 상품,1,1,2,167100,36900,0,0,167100.0
쿠폰 사용,26년 신상품 40만원이상 4만원할인 / 등급할인20%,포인트 사용,일반 상품,1,1,2,166170,15590,6240,0,166170.0
쿠폰 사용,202604 생일축하쿠폰1만원 / 첫 구매 장바구니 10% 할인,포인트 사용,일반 상품,4,4,4,165770,61530,28000,0,41442.5
쿠폰 사용,HSS 30% 할인 쿠폰 / HSS 30% 할인 쿠폰 / 26년 신상품 10만원이상 1만원할인 / HSS 30% 할인 쿠폰,포인트 미사용,일반 상품,1,1,3,163810,84490,0,0,163810.0
쿠폰 사용,"신규회원 스페셜 5,000 / Winter Festival 15% (오후6시)",포인트 사용,일반 상품,1,1,1,163640,34760,5000,0,163640.0
쿠폰 사용,202602 생일축하쿠폰1만원 / 2026년 2월 신규회원 5000원 할인,포인트 미사용,일반 상품,1,1,2,163000,15000,0,0,163000.0
쿠폰 사용,202601 생일축하쿠폰1만원 / 26년 신상품 20만원이상 2만원할인,포인트 사용,일반 상품,1,1,1,162330,30000,22950,0,162330.0
쿠폰 사용,등급할인10% / 첫 구매 장바구니 10% 할인 / 2026년 3월 신규회원 5000원 할인,포인트 사용,일반 상품,1,1,2,161870,30330,4000,0,161870.0
쿠폰 미사용,2026년 2월 신규회원 5000원 할인 / 첫 구매 장바구니 10% 할인,포인트 사용,일반 상품,3,3,5,160630,0,2370,0,53543.333333333336
쿠폰 미사용,2025년 11월 신규회원 5000원 할인 / 첫 구매 장바구니 10% 할인,포인트 사용,일반 상품,2,2,2,160500,0,4500,0,80250.0
쿠폰 미사용,등급할인10% / 26년 신상품 10만원이상 1만원할인 / 202601 생일축하쿠폰1만원,포인트 사용,일반 상품,1,1,2,159560,0,1740,0,159560.0
쿠폰 사용,등급할인10% / 202601 생일축하쿠폰1만원,포인트 미사용,일반 상품,1,1,2,159500,18900,0,0,159500.0
쿠폰 미사용,첫 구매 장바구니 10% 할인 / 2026년 3월 신규회원 5000원 할인,포인트 사용,일반 상품,1,1,2,157330,0,1170,0,157330.0
쿠폰 사용,F25 온라인 전용 10% 할인 / 첫 구매 장바구니 10% 할인,포인트 사용,일반 상품,5,5,5,154450,46550,44000,0,30890.0
쿠폰 사용,등급할인10% / 202605 생일축하쿠폰1만원 / 26년 신상품 10만원이상 1만원할인,포인트 사용,일반 상품,1,1,2,153100,32900,2000,0,153100.0
쿠폰 미사용,첫 구매 장바구니 10% 할인 / 2025년 12월 신규회원 5000원 할인,포인트 미사용,일반 상품,3,3,5,151000,0,0,0,50333.333333333336
쿠폰 사용,HSS 30% 할인 쿠폰 / 첫 구매 장바구니 10% 할인 / HSS 30% 할인 쿠폰,포인트 사용,일반 상품,1,1,2,150660,95540,12000,0,150660.0
쿠폰 사용,26년 신상품 10만원이상 1만원할인 / 등급할인20% / 202604 생일축하쿠폰1만원,포인트 미사용,일반 상품,1,1,2,150200,53800,0,0,150200.0
쿠폰 미사용,26년 신상품 20만원이상 2만원할인 / 등급할인10%,포인트 미사용,일반 상품,1,1,2,149300,0,0,0,149300.0
쿠폰 사용,2025년 11월 신규회원 5000원 할인 / Winter Festival 20% (오후6시),포인트 미사용,일반 상품,1,1,1,149120,42280,0,0,149120.0
쿠폰 사용,202604 생일축하쿠폰1만원 / 26년 신상품 10만원이상 1만원할인,포인트 미사용,일반 상품,1,1,2,148000,20000,0,0,148000.0
쿠폰 사용,"F25 온라인 전용 10% 할인 / 신규회원 스페셜 5,000 / 첫 구매 장바구니 10% 할인",포인트 사용,일반 상품,1,1,2,145690,30310,2000,0,145690.0
쿠폰 사용,"첫 구매 장바구니 10% 할인 / 등급할인10% / 신규회원 스페셜 5,000",포인트 사용,일반 상품,1,1,3,145310,31210,10480,0,145310.0
쿠폰 사용,202601 생일축하쿠폰1만원 / 등급할인10%,포인트 사용,일반 상품,1,1,2,145080,18900,8020,0,145080.0
쿠폰 사용,첫 구매 장바구니 10% 할인 / 비오는날 10% 스페셜 할인,포인트 미사용,일반 상품,2,2,2,144180,33820,0,0,72090.0
쿠폰 미사용,26년 신상품 10만원이상 1만원할인 / 202604 생일축하쿠폰1만원,포인트 사용,일반 상품,1,1,2,143390,0,9210,0,143390.0
쿠폰 사용,26년 신상품 10만원이상 1만원할인 / 등급할인20% / 등급할인20%,포인트 미사용,일반 상품,1,1,3,142400,45600,0,0,142400.0
쿠폰 미사용,첫 구매 장바구니 10% 할인 / 2026년 5월 신규회원 5000원 할인,포인트 사용,일반 상품,3,3,3,141950,0,3050,0,47316.666666666664
쿠폰 사용,등급할인20% / 등급할인20% / 등급할인20% / 26년 신상품 10만원이상 1만원할인,포인트 사용,일반 상품,1,1,3,140410,51400,15190,0,140410.0
쿠폰 사용,26년 신상품 10만원이상 1만원할인 / 202601 생일축하쿠폰1만원,포인트 미사용,일반 상품,1,1,1,139000,20000,0,0,139000.0
쿠폰 사용,26년 신상품 10만원이상 1만원할인 / 202605 생일축하쿠폰1만원,포인트 미사용,일반 상품,1,1,1,139000,20000,0,0,139000.0
쿠폰 사용,26년 신상품 10만원이상 1만원할인 / 등급할인10% / 202603 생일축하쿠폰1만원,포인트 미사용,일반 상품,1,1,2,137100,30900,0,0,137100.0
쿠폰 미사용,2026년 3월 신규회원 5000원 할인 / 첫 구매 장바구니 10% 할인,포인트 미사용,일반 상품,2,2,2,135500,0,0,0,67750.0
쿠폰 사용,첫 구매 장바구니 10% 할인 / 202601 생일축하쿠폰1만원 / 2026년 1월 신규회원 5000원 할인,포인트 미사용,일반 상품,1,1,1,135270,25030,0,0,135270.0
쿠폰 사용,첫 구매 장바구니 10% 할인 / 2026년 3월 신규회원 5000원 할인 / 202603 생일축하쿠폰1만원,포인트 사용,일반 상품,1,1,2,135230,30250,2000,0,135230.0
쿠폰 미사용,26년 신상품 40만원이상 4만원할인,포인트 사용,일반 상품,2,2,2,134840,0,2860,0,67420.0
쿠폰 미사용,등급할인10% / GNR 스페셜 20%,포인트 미사용,일반 상품,1,1,1,132300,0,0,0,132300.0
쿠폰 사용,2026년 3월 신규회원 5000원 할인 / 26년 신상품 10만원이상 1만원할인,포인트 사용,일반 상품,1,1,1,132000,15000,2000,0,132000.0
쿠폰 미사용,"신규회원 스페셜 5,000 / 첫 구매 장바구니 10% 할인",포인트 사용,일반 상품,3,3,5,131450,0,17050,0,43816.666666666664
쿠폰 사용,등급할인20% / 등급할인20% / 26년 신상품 10만원이상 1만원할인,포인트 미사용,일반 상품,1,1,3,131400,35600,0,0,131400.0
쿠폰 사용,첫 구매 장바구니 10% 할인 / 2026년 5월 신규회원 5000원 할인 / 202605 생일축하쿠폰1만원,포인트 사용,일반 상품,1,1,2,130570,29730,2000,0,130570.0
쿠폰 사용,26년 신상품 10만원이상 1만원할인 / 202602 생일축하쿠폰1만원,포인트 미사용,일반 상품,1,1,1,129000,20000,0,0,129000.0
쿠폰 사용,첫 구매 장바구니 10% 할인 / 202603 생일축하쿠폰1만원 / 2026년 3월 신규회원 5000원 할인,포인트 미사용,일반 상품,1,1,2,128880,29320,0,0,128880.0
쿠폰 사용,2026년 4월 신규회원 5000원 할인 / GNR 스페셜 20% / 등급할인10%,포인트 사용,일반 상품,1,1,2,128120,46720,3160,0,128120.0
쿠폰 사용,26년 신상품 10만원이상 1만원할인 / 202512 생일축하쿠폰1만원,포인트 사용,일반 상품,1,1,1,127000,20000,2000,0,127000.0
쿠폰 미사용,2025년 12월 신규회원 5000원 할인 / 202512 생일축하쿠폰1만원,포인트 사용,일반 상품,1,1,3,126880,0,1120,0,126880.0
쿠폰 사용,25년 신상품 10만원이상 1만원할인 / 2025년 12월 신규회원 5000원 할인,포인트 미사용,일반 상품,1,1,1,124000,15000,0,0,124000.0
쿠폰 사용,HSS 30% 할인 쿠폰 / HSS 30% 할인 쿠폰 / HSS 30% 할인 쿠폰 / HSS 30% 할인 쿠폰,포인트 미사용,일반 상품,1,1,4,123410,52890,0,0,123410.0
쿠폰 사용,2026년 1월 신규회원 5000원 할인 / 202601 생일축하쿠폰1만원 / 첫 구매 장바구니 10% 할인,포인트 사용,일반 상품,1,1,2,123100,28900,2000,0,123100.0
쿠폰 사용,2026년 2월 신규회원 5000원 할인 / 202602 생일축하쿠폰1만원 / 첫 구매 장바구니 10% 할인,포인트 사용,일반 상품,1,1,2,121840,28760,2000,0,121840.0
쿠폰 미사용,202602 생일축하쿠폰1만원,포인트 미사용,일반 상품,5,5,6,119300,0,0,0,23860.0
쿠폰 미사용,2026년 3월 신규회원 5000원 할인 / GNR 스페셜 20%,포인트 미사용,일반 상품,1,1,1,119200,0,0,0,119200.0
쿠폰 사용,202604 생일축하쿠폰1만원 / 26년 신상품 10만원이상 1만원할인 / 등급할인10%,포인트 사용,일반 상품,1,1,3,119100,25900,2000,0,119100.0
쿠폰 사용,202512 생일축하쿠폰1만원 / 26년 신상품 10만원이상 1만원할인,포인트 미사용,일반 상품,1,1,1,119000,20000,0,0,119000.0
쿠폰 사용,첫 구매 장바구니 10% 할인 / 202605 생일축하쿠폰1만원,포인트 미사용,일반 상품,1,1,1,116370,22930,0,0,116370.0
쿠폰 미사용,2026년 1월 신규회원 5000원 할인 / 첫 구매 장바구니 10% 할인,포인트 사용,일반 상품,4,4,5,115670,0,3330,0,28917.5
쿠폰 사용,202512 생일축하쿠폰1만원 / 26년 신상품 10만원이상 1만원할인,포인트 사용,일반 상품,1,1,1,115540,20000,3460,0,115540.0
쿠폰 사용,F25 온라인 전용 10% 할인,포인트 미사용,일반 상품,2,2,2,115200,12800,0,0,57600.0
쿠폰 사용,"첫 구매 장바구니 10% 할인 / 202602 생일축하쿠폰1만원 / 신규회원 스페셜 5,000",포인트 사용,일반 상품,1,1,2,114700,29300,14000,0,114700.0
쿠폰 미사용,등급할인20% / 등급할인20% / 26년 신상품 10만원이상 1만원할인,포인트 미사용,일반 상품,1,1,2,113300,0,0,0,113300.0
쿠폰 미사용,GNR 스페셜 20% / 2026년 4월 신규회원 5000원 할인,포인트 사용,일반 상품,1,1,1,110350,0,950,0,110350.0
쿠폰 사용,26년 신상품 10만원이상 1만원할인 / HSS 30% 할인 쿠폰 / HSS 30% 할인 쿠폰,포인트 사용,일반 상품,1,1,2,110040,67300,13660,0,110040.0
쿠폰 사용,등급할인10% / 첫 구매 장바구니 10% 할인 / 202604 생일축하쿠폰1만원,포인트 미사용,일반 상품,1,1,2,108990,29010,0,0,108990.0
쿠폰 사용,등급할인20% / 202601 생일축하쿠폰1만원,포인트 미사용,일반 상품,1,1,2,108200,29800,0,0,108200.0
쿠폰 사용,"Winter Festival 10% (오전10시) / 신규회원 스페셜 5,000",포인트 미사용,일반 상품,1,1,1,108000,17000,0,0,108000.0
쿠폰 사용,2025년 11월 신규회원 5000원 할인 / Winter Festival 10% (오후6시),포인트 미사용,일반 상품,1,1,1,108000,17000,0,0,108000.0
쿠폰 미사용,HSS 30% 할인 쿠폰,포인트 사용,일반 상품,4,3,5,107770,0,8230,0,26942.5
쿠폰 사용,"202512 생일축하쿠폰1만원 / 무료배송쿠폰(등급혜택, 3만원미만 사용가능)",포인트 사용,일반 상품,5,5,5,107270,50000,11930,0,21454.0
쿠폰 사용,202603 생일축하쿠폰1만원 / 첫 구매 장바구니 10% 할인,포인트 미사용,일반 상품,1,1,1,107100,21900,0,0,107100.0
쿠폰 사용,2026년 3월 신규회원 5000원 할인 / 202603 생일축하쿠폰1만원,포인트 사용,일반 상품,1,1,2,107000,15000,2000,0,107000.0
쿠폰 사용,2025년 12월 신규회원 5000원 할인 / 첫 구매 장바구니 10% 할인 / 202512 생일축하쿠폰1만원,포인트 사용,일반 상품,1,1,2,106900,27100,2000,0,106900.0
쿠폰 사용,첫 구매 장바구니 10% 할인 / 2025년 12월 신규회원 5000원 할인 / 202512 생일축하쿠폰1만원,포인트 미사용,일반 상품,1,1,2,105660,26740,0,0,105660.0
쿠폰 사용,첫 구매 장바구니 10% 할인 / HSS 30% 할인 쿠폰 / HSS 30% 할인 쿠폰 / HSS 30% 할인 쿠폰,포인트 미사용,일반 상품,1,1,3,105336,61864,0,0,105336.0
쿠폰 미사용,202604 생일축하쿠폰1만원,포인트 미사용,일반 상품,2,2,2,105300,0,0,0,52650.0
쿠폰 사용,등급할인10% / 202605 생일축하쿠폰1만원 / 첫 구매 장바구니 10% 할인,포인트 사용,일반 상품,1,1,2,104990,29010,4000,0,104990.0
쿠폰 미사용,등급할인20% / 26년 신상품 10만원이상 1만원할인 / 등급할인20%,포인트 사용,일반 상품,1,1,1,104820,0,6480,0,104820.0
쿠폰 사용,26년 신상품 10만원이상 1만원할인 / 2026년 4월 신규회원 5000원 할인,포인트 미사용,일반 상품,1,1,1,104000,15000,0,0,104000.0
쿠폰 사용,첫 구매 장바구니 10% 할인 / F25 온라인 전용 10% 할인,포인트 미사용,일반 상품,2,2,2,103680,24320,0,0,51840.0
쿠폰 사용,"신규회원 스페셜 5,000 / 첫 구매 장바구니 10% 할인 / 등급할인10%",포인트 사용,일반 상품,1,1,2,103230,25410,9360,0,103230.0
쿠폰 사용,등급할인10% / 202511 생일축하쿠폰1만원,포인트 사용,일반 상품,1,1,2,102320,18900,2780,0,102320.0
쿠폰 미사용,26년 신상품 30만원이상 3만원할인,포인트 미사용,일반 상품,2,2,2,102300,0,0,0,51150.0
쿠폰 사용,26년 신상품 10만원이상 1만원할인 / 2026년 3월 신규회원 5000원 할인,포인트 사용,일반 상품,1,1,1,102000,15000,2000,0,102000.0
쿠폰 사용,2026년 4월 신규회원 5000원 할인 / 26년 신상품 10만원이상 1만원할인,포인트 사용,일반 상품,1,1,1,102000,15000,2000,0,102000.0
쿠폰 사용,구매 감사 장바구니 10% 할인 / 202604 생일축하쿠폰1만원,포인트 사용,일반 상품,1,1,1,101900,21720,3580,0,101900.0
쿠폰 사용,2026년 3월 신규회원 5000원 할인 / 202603 생일축하쿠폰1만원 / GNR 스페셜 20%,포인트 사용,일반 상품,1,1,2,101500,31800,4000,0,101500.0
쿠폰 사용,"202601 생일축하쿠폰1만원 / 무료배송쿠폰(등급혜택, 3만원미만 사용가능)",포인트 사용,일반 상품,6,6,6,101469,60000,77880,0,16911.5
쿠폰 사용,등급할인20% / 25년 신상품 10만원이상 1만원할인,포인트 미사용,일반 상품,1,1,1,101200,37800,0,0,101200.0
쿠폰 미사용,등급할인20% / 202601 생일축하쿠폰1만원,포인트 미사용,일반 상품,1,1,1,99000,0,0,0,99000.0
쿠폰 사용,26년 신상품 10만원이상 1만원할인 / 202512 생일축하쿠폰1만원,포인트 미사용,일반 상품,1,1,1,99000,20000,0,0,99000.0
쿠폰 사용,202604 생일축하쿠폰1만원 / 등급할인10%,포인트 사용,일반 상품,1,1,2,98400,16900,2000,0,98400.0
쿠폰 사용,202512 생일축하쿠폰1만원 / 25년 신상품 10만원이상 1만원할인,포인트 미사용,일반 상품,1,1,2,98000,20000,0,0,98000.0
쿠폰 미사용,26년 신상품 20만원이상 2만원할인 / 등급할인20% / 등급할인20%,포인트 사용,일반 상품,1,1,1,97510,0,3490,0,97510.0
쿠폰 미사용,2026년 5월 신규회원 5000원 할인,포인트 사용,일반 상품,2,2,2,97270,0,2730,0,48635.0
쿠폰 사용,2026년 5월 신규회원 5000원 할인 / 첫 구매 장바구니 10% 할인 / 202605 생일축하쿠폰1만원,포인트 사용,일반 상품,1,1,2,97070,26230,4000,0,97070.0
쿠폰 사용,2026년 1월 신규회원 5000원 할인 / 202601 생일축하쿠폰1만원,포인트 사용,일반 상품,1,1,2,95880,15000,1120,0,95880.0
쿠폰 사용,등급할인10% / 202605 생일축하쿠폰1만원,포인트 사용,일반 상품,1,1,1,94470,10900,3630,0,94470.0
쿠폰 사용,Winter Festival 20% (오후6시) / 2025년 11월 신규회원 5000원 할인,포인트 사용,일반 상품,1,1,1,94000,29000,2000,0,94000.0
쿠폰 사용,Winter Festival 15% (오후6시) / 2025년 11월 신규회원 5000원 할인,포인트 사용,일반 상품,1,1,1,93000,23000,9000,0,93000.0
쿠폰 사용,Winter Festival 10% (오전10시) / 2025년 11월 신규회원 5000원 할인,포인트 미사용,일반 상품,1,1,1,92160,15240,0,0,92160.0
쿠폰 미사용,25년 신상품 30만원이상 3만원할인 / 202511 생일축하쿠폰1만원,포인트 사용,일반 상품,1,1,1,91930,0,27270,0,91930.0
쿠폰 사용,2026년 5월 신규회원 5000원 할인 / 26년 신상품 10만원이상 1만원할인,포인트 사용,일반 상품,1,1,2,91490,15000,1510,0,91490.0
쿠폰 사용,"202603 생일축하쿠폰1만원 / 무료배송쿠폰(등급혜택, 3만원미만 사용가능)",포인트 미사용,일반 상품,3,3,3,87500,30000,0,0,29166.666666666668
쿠폰 사용,202605 생일축하쿠폰1만원 / 등급할인10%,포인트 미사용,일반 상품,1,1,2,87100,16900,0,0,87100.0
쿠폰 미사용,2026년 1월 신규회원 5000원 할인 / 202601 생일축하쿠폰1만원,포인트 사용,일반 상품,1,1,1,86320,0,880,0,86320.0
쿠폰 미사용,25년 신상품 30만원이상 3만원할인 / 등급할인20% / 등급할인20%,포인트 사용,일반 상품,1,1,1,86230,0,2770,0,86230.0
쿠폰 미사용,25년 신상품 20만원이상 2만원할인 / 등급할인10%,포인트 사용,일반 상품,1,1,1,86070,0,1130,0,86070.0
쿠폰 미사용,2025년 12월 신규회원 5000원 할인 / 첫 구매 장바구니 10% 할인,포인트 미사용,일반 상품,2,2,2,86000,0,0,0,43000.0
쿠폰 사용,26년 신상품 10만원이상 1만원할인 / HSS 30% 할인 쿠폰,포인트 사용,일반 상품,1,1,1,85350,54700,8950,0,85350.0
쿠폰 사용,무료배송쿠폰(3만원미만 사용가능) / 202512 생일축하쿠폰1만원,포인트 사용,일반 상품,4,4,4,84920,40000,31080,0,21230.0
쿠폰 사용,202511 생일축하쿠폰1만원 / Winter Festival 10% (오전10시),포인트 미사용,일반 상품,1,1,1,84870,19430,0,0,84870.0
쿠폰 사용,2025년 12월 신규회원 5000원 할인 / 202512 생일축하쿠폰1만원,포인트 사용,일반 상품,1,1,2,84120,15000,880,0,84120.0
쿠폰 사용,"무료배송쿠폰(등급혜택, 3만원미만 사용가능) / 202602 생일축하쿠폰1만원",포인트 사용,일반 상품,5,5,5,82308,50000,48790,0,16461.6
쿠폰 사용,Winter Festival 10% (오전10시) / 202511 생일축하쿠폰1만원,포인트 미사용,일반 상품,1,1,2,80550,18950,0,0,80550.0
쿠폰 사용,등급할인10% / 202511 생일축하쿠폰1만원,포인트 미사용,일반 상품,1,1,2,80500,15500,0,0,80500.0
쿠폰 미사용,등급할인20% / 등급할인20% / 25년 신상품 20만원이상 2만원할인,포인트 사용,일반 상품,1,1,1,79780,0,3220,0,79780.0
쿠폰 미사용,등급할인10% / 26년 신상품 40만원이상 4만원할인,포인트 사용,일반 상품,1,1,1,79190,0,3810,0,79190.0
쿠폰 사용,등급할인10% / 202604 생일축하쿠폰1만원,포인트 미사용,일반 상품,1,1,2,78100,15900,0,0,78100.0
쿠폰 미사용,Winter Festival 10% (오후6시),포인트 사용,일반 상품,1,1,1,78060,0,940,0,78060.0
쿠폰 미사용,2026년 1월 신규회원 5000원 할인 / 첫 구매 장바구니 10% 할인,포인트 미사용,일반 상품,2,2,2,76000,0,0,0,38000.0
쿠폰 미사용,2026년 1월 신규회원 5000원 할인,포인트 미사용,일반 상품,2,2,2,74000,0,0,0,37000.0
쿠폰 사용,202605 생일축하쿠폰1만원 / 등급할인10%,포인트 사용,일반 상품,1,1,2,72170,16900,18930,0,72170.0
쿠폰 사용,F25 온라인 전용 10% 할인 / 첫 구매 장바구니 10% 할인,포인트 미사용,일반 상품,1,1,1,72090,16910,0,0,72090.0
쿠폰 미사용,첫 구매 장바구니 10% 할인 / 202602 생일축하쿠폰1만원,포인트 사용,일반 상품,3,3,3,71350,0,10850,0,23783.333333333332
쿠폰 사용,비오는날 10% 스페셜 할인,포인트 미사용,일반 상품,1,1,1,71100,7900,0,0,71100.0
쿠폰 미사용,26년 신상품 20만원이상 2만원할인 / 등급할인10%,포인트 사용,일반 상품,2,2,2,70900,0,6400,0,35450.0
쿠폰 사용,"Winter Festival 15% (오후6시) / 신규회원 스페셜 5,000",포인트 사용,일반 상품,1,1,1,70230,17660,1510,0,70230.0
쿠폰 사용,"202603 생일축하쿠폰1만원 / 무료배송쿠폰(등급혜택, 3만원미만 사용가능)",포인트 사용,일반 상품,3,3,3,69800,30000,9200,0,23266.666666666668
쿠폰 미사용,등급할인10% / 25년 신상품 10만원이상 1만원할인,포인트 사용,일반 상품,2,2,2,67710,0,1590,0,33855.0
쿠폰 사용,202512 생일축하쿠폰1만원 / 무료배송쿠폰(3만원미만 사용가능),포인트 사용,일반 상품,3,3,3,64360,30000,19840,0,21453.333333333332
쿠폰 사용,비오는날 10% 스페셜 할인 / 첫 구매 장바구니 10% 할인,포인트 미사용,일반 상품,1,1,1,63990,15010,0,0,63990.0
쿠폰 미사용,등급할인10% / 202511 생일축하쿠폰1만원,포인트 미사용,일반 상품,1,1,1,62300,0,0,0,62300.0
쿠폰 미사용,2026년 2월 신규회원 5000원 할인,포인트 미사용,일반 상품,1,1,1,62000,0,0,0,62000.0
쿠폰 미사용,25년 신상품 20만원이상 2만원할인 / 등급할인20%,포인트 미사용,일반 상품,1,1,1,62000,0,0,0,62000.0
쿠폰 사용,"무료배송쿠폰(등급혜택, 3만원미만 사용가능) / 202605 생일축하쿠폰1만원",포인트 사용,일반 상품,4,4,4,61020,40000,50980,0,15255.0
쿠폰 사용,202511 생일축하쿠폰1만원 / 첫 구매 장바구니 10% 할인,포인트 사용,일반 상품,1,1,1,60280,16920,2000,0,60280.0
쿠폰 사용,비오는날 10% 스페셜 할인 / 첫 구매 장바구니 10% 할인,포인트 사용,일반 상품,1,1,1,59990,15010,4000,0,59990.0
쿠폰 미사용,202511 생일축하쿠폰1만원 / 등급할인20%,포인트 미사용,일반 상품,1,1,1,59000,0,0,0,59000.0
쿠폰 사용,2026년 3월 신규회원 5000원 할인 / 등급할인10% / GNR 스페셜 20% / 202603 생일축하쿠폰1만원,포인트 사용,일반 상품,1,1,2,58550,13000,2450,0,58550.0
쿠폰 사용,202601 생일축하쿠폰1만원 / F25 온라인 전용 10% 할인,포인트 사용,일반 상품,1,1,2,58300,13900,1800,0,58300.0
쿠폰 미사용,등급할인10% / 202511 생일축하쿠폰1만원,포인트 사용,일반 상품,1,1,1,58160,0,1340,0,58160.0
쿠폰 사용,"첫 구매 장바구니 10% 할인 / 등급할인10% / 신규회원 스페셜 5,000",포인트 미사용,일반 상품,1,1,1,57600,11400,0,0,57600.0
쿠폰 미사용,"첫 구매 장바구니 10% 할인 / 신규회원 스페셜 5,000",포인트 사용,일반 상품,2,2,2,56960,0,1040,0,28480.0
쿠폰 사용,202511 생일축하쿠폰1만원 / Winter Festival 20% (오전10시),포인트 사용,일반 상품,1,1,1,56080,26060,8160,0,56080.0
쿠폰 사용,"무료배송쿠폰(등급혜택, 3만원미만 사용가능) / 202511 생일축하쿠폰1만원",포인트 미사용,일반 상품,2,2,2,56000,20000,0,0,28000.0
쿠폰 사용,"무료배송쿠폰(등급혜택, 3만원미만 사용가능) / 202604 생일축하쿠폰1만원",포인트 미사용,일반 상품,2,2,2,54000,20000,0,0,27000.0
쿠폰 사용,첫 구매 장바구니 10% 할인 / 202602 생일축하쿠폰1만원 / F25 온라인 전용 10% 할인,포인트 사용,일반 상품,1,1,2,53590,20410,5000,0,53590.0
쿠폰 사용,"무료배송쿠폰(등급혜택, 3만원미만 사용가능) / 202512 생일축하쿠폰1만원",포인트 사용,일반 상품,2,2,2,52650,20000,8350,0,26325.0
쿠폰 사용,26년 신상품 10만원이상 1만원할인 / 202603 생일축하쿠폰1만원 / 등급할인10%,포인트 사용,일반 상품,1,1,1,51120,10000,3880,0,51120.0
쿠폰 미사용,등급할인10% / 2026년 5월 신규회원 5000원 할인,포인트 사용,일반 상품,1,1,1,48580,0,420,0,48580.0
쿠폰 미사용,202605 생일축하쿠폰1만원,포인트 미사용,일반 상품,1,1,1,48300,0,0,0,48300.0
쿠폰 사용,"202605 생일축하쿠폰1만원 / 무료배송쿠폰(등급혜택, 3만원미만 사용가능)",포인트 사용,일반 상품,3,3,3,47640,30000,31360,0,15880.0
쿠폰 미사용,등급할인10% / 26년 신상품 30만원이상 3만원할인,포인트 사용,일반 상품,1,1,1,47480,0,820,0,47480.0
쿠폰 미사용,등급할인10% / 첫 구매 장바구니 10% 할인,포인트 미사용,일반 상품,1,1,1,47000,0,0,0,47000.0
쿠폰 미사용,첫 구매 장바구니 10% 할인 / 2026년 5월 신규회원 5000원 할인,포인트 미사용,일반 상품,1,1,1,47000,0,0,0,47000.0
쿠폰 미사용,등급할인20% / 26년 신상품 10만원이상 1만원할인,포인트 미사용,일반 상품,1,1,1,47000,0,0,0,47000.0
쿠폰 미사용,2026년 4월 신규회원 5000원 할인 / GNR 스페셜 20% / 등급할인10%,포인트 사용,일반 상품,1,1,1,46160,0,840,0,46160.0
쿠폰 미사용,26년 신상품 30만원이상 3만원할인 / 등급할인10%,포인트 사용,일반 상품,1,1,1,45720,0,2580,0,45720.0
쿠폰 사용,무료배송쿠폰(3만원미만 사용가능) / 202603 생일축하쿠폰1만원,포인트 사용,일반 상품,2,2,2,44780,20000,7390,0,22390.0
쿠폰 미사용,등급할인20% / 등급할인20% / 등급할인20% / 26년 신상품 10만원이상 1만원할인,포인트 사용,일반 상품,1,1,1,44750,0,3550,0,44750.0
쿠폰 미사용,26년 신상품 40만원이상 4만원할인 / 등급할인20% / 등급할인20%,포인트 사용,일반 상품,1,1,2,41740,0,20,0,41740.0
쿠폰 미사용,2026년 4월 신규회원 5000원 할인 / 첫 구매 장바구니 10% 할인,포인트 미사용,일반 상품,1,1,1,39500,0,0,0,39500.0
쿠폰 미사용,등급할인20% / 202512 생일축하쿠폰1만원,포인트 사용,일반 상품,1,1,1,39450,0,550,0,39450.0
쿠폰 미사용,GNR 스페셜 20%,포인트 사용,일반 상품,1,1,1,39390,0,1610,0,39390.0
쿠폰 미사용,2026년 4월 신규회원 5000원 할인 / 첫 구매 장바구니 10% 할인,포인트 사용,일반 상품,1,1,1,39150,0,350,0,39150.0
쿠폰 미사용,첫 구매 장바구니 10% 할인 / 등급할인10%,포인트 사용,일반 상품,1,1,1,39120,0,380,0,39120.0
쿠폰 미사용,2025년 11월 신규회원 5000원 할인,포인트 미사용,일반 상품,1,1,1,39000,0,0,0,39000.0
쿠폰 미사용,등급할인10% / 202605 생일축하쿠폰1만원,포인트 사용,일반 상품,1,1,1,37890,0,1310,0,37890.0
쿠폰 사용,"202602 생일축하쿠폰1만원 / 무료배송쿠폰(등급혜택, 3만원미만 사용가능)",포인트 사용,일반 상품,2,2,2,37670,20000,14500,0,18835.0
쿠폰 미사용,202512 생일축하쿠폰1만원 / 등급할인20% / 등급할인20% / 25년 신상품 70만원이상 7만원할인,포인트 사용,일반 상품,1,1,1,35720,0,5280,0,35720.0
쿠폰 미사용,26년 신상품 10만원이상 1만원할인 / 등급할인10% / 202605 생일축하쿠폰1만원,포인트 미사용,일반 상품,1,1,1,35000,0,0,0,35000.0
쿠폰 미사용,26년 신상품 10만원이상 1만원할인 / 등급할인20%,포인트 미사용,일반 상품,1,1,1,35000,0,0,0,35000.0
쿠폰 미사용,2026년 4월 신규회원 5000원 할인 / GNR 스페셜 20%,포인트 사용,일반 상품,1,1,1,34850,0,150,0,34850.0
쿠폰 미사용,첫 구매 장바구니 10% 할인 / 2026년 4월 신규회원 5000원 할인,포인트 사용,일반 상품,1,1,1,34590,0,410,0,34590.0
쿠폰 미사용,2026년 5월 신규회원 5000원 할인 / 26년 신상품 10만원이상 1만원할인,포인트 사용,일반 상품,1,1,1,34510,0,490,0,34510.0
쿠폰 미사용,등급할인20% / 등급할인20% / 26년 신상품 20만원이상 2만원할인 / 202602 생일축하쿠폰1만원,포인트 사용,일반 상품,1,1,1,33830,0,1170,0,33830.0
쿠폰 미사용,2026년 5월 신규회원 5000원 할인 / 첫 구매 장바구니 10% 할인,포인트 사용,일반 상품,1,1,1,32800,0,2200,0,32800.0
쿠폰 사용,202603 생일축하쿠폰1만원 / GNR 스페셜 20%,포인트 사용,일반 상품,1,1,1,32370,19800,6830,0,32370.0
쿠폰 사용,"신규회원 스페셜 5,000 / 첫 구매 장바구니 10% 할인 / 202602 생일축하쿠폰1만원",포인트 사용,일반 상품,1,1,2,31980,13900,3120,0,31980.0
쿠폰 사용,무료배송쿠폰(3만원미만 사용가능) / GNR 스페셜 20%,포인트 미사용,일반 상품,2,2,2,31200,7800,0,0,15600.0
쿠폰 미사용,26년 신상품 40만원이상 4만원할인,포인트 미사용,일반 상품,1,1,1,31149,0,0,0,31149.0
쿠폰 사용,"첫 구매 장바구니 10% 할인 / 무료배송쿠폰(등급혜택, 3만원미만 사용가능)",포인트 사용,일반 상품,2,2,2,31100,3900,4000,0,15550.0
쿠폰 사용,F25 온라인 전용 10% 할인 / 첫 구매 장바구니 10% 할인 / 무료배송쿠폰(3만원미만 사용가능),포인트 사용,일반 상품,1,1,1,29590,7410,2000,0,29590.0
쿠폰 사용,"202604 생일축하쿠폰1만원 / 무료배송쿠폰(등급혜택, 3만원미만 사용가능)",포인트 미사용,일반 상품,1,1,1,29500,10000,0,0,29500.0
쿠폰 사용,무료배송쿠폰(3만원미만 사용가능) / Winter Festival 10% (오전10시),포인트 사용,일반 상품,1,1,1,29500,3500,2000,0,29500.0
쿠폰 사용,"무료배송쿠폰(등급혜택, 3만원미만 사용가능) / 202603 생일축하쿠폰1만원",포인트 미사용,일반 상품,1,1,1,29500,10000,0,0,29500.0
쿠폰 사용,"무료배송쿠폰(등급혜택, 3만원미만 사용가능) / 202601 생일축하쿠폰1만원",포인트 미사용,일반 상품,1,1,1,29200,10000,0,0,29200.0
쿠폰 사용,"GNR 스페셜 20% / 무료배송쿠폰(등급혜택, 3만원미만 사용가능)",포인트 사용,일반 상품,1,1,1,29200,7800,2000,0,29200.0
쿠폰 사용,"202602 생일축하쿠폰1만원 / 무료배송쿠폰(등급혜택, 3만원미만 사용가능)",포인트 미사용,일반 상품,1,1,1,29200,10000,0,0,29200.0
쿠폰 사용,"무료배송쿠폰(등급혜택, 3만원미만 사용가능) / 202511 생일축하쿠폰1만원",포인트 사용,일반 상품,1,1,1,29200,10000,4000,0,29200.0
쿠폰 사용,"202512 생일축하쿠폰1만원 / 무료배송쿠폰(등급혜택, 3만원미만 사용가능)",포인트 미사용,일반 상품,1,1,1,29000,10000,0,0,29000.0
쿠폰 미사용,202601 생일축하쿠폰1만원 / 26년 신상품 20만원이상 2만원할인,포인트 미사용,일반 상품,1,1,1,29000,0,0,0,29000.0
쿠폰 미사용,첫 구매 장바구니 10% 할인 / 202602 생일축하쿠폰1만원,포인트 미사용,일반 상품,1,1,1,29000,0,0,0,29000.0
쿠폰 사용,"무료배송쿠폰(등급혜택, 3만원미만 사용가능) / 202605 생일축하쿠폰1만원",포인트 미사용,일반 상품,1,1,1,29000,10000,0,0,29000.0
쿠폰 미사용,"Winter Festival 15% (오후6시) / 신규회원 스페셜 5,000",포인트 사용,일반 상품,1,1,1,28510,0,490,0,28510.0
쿠폰 사용,Winter Festival 15% (오후6시) / 무료배송쿠폰(3만원미만 사용가능),포인트 사용,일반 상품,1,1,1,27750,5250,2000,0,27750.0
쿠폰 사용,"무료배송쿠폰(등급혜택, 3만원미만 사용가능) / 등급할인20%",포인트 사용,일반 상품,1,1,1,27600,13800,27600,0,27600.0
쿠폰 사용,무료배송쿠폰(3만원미만 사용가능) / 202605 생일축하쿠폰1만원,포인트 사용,일반 상품,1,1,1,26570,10000,22430,0,26570.0
쿠폰 사용,무료배송쿠폰(3만원미만 사용가능) / 202605 생일축하쿠폰1만원 / 첫 구매 장바구니 10% 할인,포인트 미사용,일반 상품,1,1,1,26100,12900,0,0,26100.0
쿠폰 사용,무료배송쿠폰(3만원미만 사용가능) / 202601 생일축하쿠폰1만원,포인트 사용,일반 상품,1,1,1,25420,10000,3780,0,25420.0
쿠폰 사용,"구매 감사 장바구니 10% 할인 / 무료배송쿠폰(등급혜택, 3만원미만 사용가능)",포인트 사용,일반 상품,1,1,1,24890,5530,24880,0,24890.0
쿠폰 사용,"무료배송쿠폰(등급혜택, 3만원미만 사용가능) / GNR 스페셜 20%",포인트 미사용,일반 상품,1,1,1,23200,5800,0,0,23200.0
쿠폰 사용,무료배송쿠폰(3만원미만 사용가능) / 202604 생일축하쿠폰1만원 / 첫 구매 장바구니 10% 할인,포인트 사용,일반 상품,1,1,1,23100,13900,12000,0,23100.0
쿠폰 사용,첫 구매 장바구니 10% 할인 / 202601 생일축하쿠폰1만원 / 무료배송쿠폰(3만원미만 사용가능),포인트 사용,일반 상품,1,1,1,23000,13000,4000,0,23000.0
쿠폰 미사용,202603 생일축하쿠폰1만원 / 26년 신상품 30만원이상 3만원할인 / 등급할인10%,포인트 사용,일반 상품,1,1,1,22890,0,110,0,22890.0
쿠폰 사용,첫 구매 장바구니 10% 할인 / 202512 생일축하쿠폰1만원 / 무료배송쿠폰(3만원미만 사용가능),포인트 사용,일반 상품,1,1,1,22880,13320,7000,0,22880.0
쿠폰 미사용,2026년 3월 신규회원 5000원 할인 / 첫 구매 장바구니 10% 할인,포인트 사용,일반 상품,1,1,1,22670,0,330,0,22670.0
쿠폰 사용,202511 생일축하쿠폰1만원 / 무료배송쿠폰(3만원미만 사용가능),포인트 사용,일반 상품,1,1,1,22600,10000,22600,0,22600.0
쿠폰 사용,무료배송쿠폰(3만원미만 사용가능) / F25 온라인 전용 10% 할인 / 첫 구매 장바구니 10% 할인,포인트 사용,일반 상품,1,1,1,22590,7410,9000,0,22590.0
쿠폰 사용,"무료배송쿠폰(등급혜택, 3만원미만 사용가능) / 202604 생일축하쿠폰1만원 / 구매 감사 장바구니 10% 할인",포인트 사용,일반 상품,1,1,1,22500,13900,12600,0,22500.0
쿠폰 사용,첫 구매 장바구니 10% 할인 / 무료배송쿠폰(3만원미만 사용가능) / 202604 생일축하쿠폰1만원,포인트 사용,일반 상품,1,1,1,22470,13830,12000,0,22470.0
쿠폰 사용,202601 생일축하쿠폰1만원 / 첫 구매 장바구니 10% 할인 / 무료배송쿠폰(3만원미만 사용가능),포인트 사용,일반 상품,1,1,1,22100,12900,4000,0,22100.0
쿠폰 사용,202510 생일축하쿠폰1만원,포인트 사용,일반 상품,1,1,1,22000,10000,9000,0,22000.0
쿠폰 미사용,202602 생일축하쿠폰1만원 / 26년 신상품 20만원이상 2만원할인 / 등급할인10%,포인트 사용,일반 상품,1,1,1,21450,0,1550,0,21450.0
쿠폰 사용,202604 생일축하쿠폰1만원 / 무료배송쿠폰(3만원미만 사용가능) / 첫 구매 장바구니 10% 할인,포인트 사용,일반 상품,1,1,1,20500,12500,2000,0,20500.0
쿠폰 미사용,등급할인10% / 202601 생일축하쿠폰1만원,포인트 사용,일반 상품,1,1,1,20490,0,7110,0,20490.0
쿠폰 미사용,"첫 구매 장바구니 10% 할인 / 신규회원 스페셜 5,000",포인트 미사용,일반 상품,1,1,2,18000,0,0,0,18000.0
쿠폰 사용,202601 생일축하쿠폰1만원 / 무료배송쿠폰(3만원미만 사용가능),포인트 사용,일반 상품,1,1,1,18000,10000,7000,0,18000.0
쿠폰 사용,무료배송쿠폰(3만원미만 사용가능) / 첫 구매 장바구니 10% 할인 / 202602 생일축하쿠폰1만원,포인트 사용,일반 상품,1,1,1,18000,13000,9000,0,18000.0
쿠폰 사용,"HSS 30% 할인 쿠폰 / 무료배송쿠폰(등급혜택, 3만원미만 사용가능)",포인트 사용,일반 상품,1,1,1,17300,11700,10000,0,17300.0
쿠폰 사용,무료배송쿠폰(3만원미만 사용가능) / 202602 생일축하쿠폰1만원,포인트 사용,일반 상품,1,1,1,14500,10000,14500,0,14500.0
쿠폰 미사용,25년 신상품 10만원이상 1만원할인 / 등급할인10%,포인트 미사용,일반 상품,1,1,1,14000,0,0,0,14000.0
쿠폰 사용,GNR 스페셜 20% / 무료배송쿠폰(3만원미만 사용가능),포인트 사용,일반 상품,1,1,1,12200,5800,11000,0,12200.0
쿠폰 미사용,26년 신상품 20만원이상 2만원할인 / 202601 생일축하쿠폰1만원,포인트 사용,일반 상품,1,1,1,11950,0,50,0,11950.0
쿠폰 사용,"첫 구매 장바구니 10% 할인 / 무료배송쿠폰(등급혜택, 3만원미만 사용가능)",포인트 미사용,일반 상품,1,1,1,11700,1300,0,0,11700.0
쿠폰 사용,202602 생일축하쿠폰1만원 / 무료배송쿠폰(3만원미만 사용가능),포인트 사용,일반 상품,1,1,1,10750,10000,10750,0,10750.0
쿠폰 미사용,"무료배송쿠폰(등급혜택, 3만원미만 사용가능) / 202601 생일축하쿠폰1만원",포인트 사용,일반 상품,1,1,1,8890,0,6110,0,8890.0
쿠폰 미사용,"202603 생일축하쿠폰1만원 / 무료배송쿠폰(등급혜택, 3만원미만 사용가능)",포인트 사용,일반 상품,1,1,1,8440,0,1560,0,8440.0
쿠폰 미사용,첫 구매 장바구니 10% 할인 / 2026년 2월 신규회원 5000원 할인,포인트 미사용,일반 상품,1,1,1,6000,0,0,0,6000.0
쿠폰 미사용,첫 구매 장바구니 10% 할인 / 무료배송쿠폰(3만원미만 사용가능),포인트 사용,일반 상품,1,1,1,5250,0,750,0,5250.0
쿠폰 미사용,"202601 생일축하쿠폰1만원 / 무료배송쿠폰(등급혜택, 3만원미만 사용가능)",포인트 사용,일반 상품,1,1,1,3810,0,2190,0,3810.0
