product_code,product_name_kor,product_name,source_image_url,repeat_orders,repeat_buyers,avg_days_since_prev_order,quantity,revenue,image_url,image_source,repeat_rate
C64YM3583010,공용 롤링 콘 롱 다운 자켓,M's Rolling Cone Long Down Jacket,,5,5,5.0,28,10516810,assets/product_images/C64YM3583010.jpg,excel_map+downloaded,1.0
C56YU8517010,공용 샙랜드3 WP OHI,SAPLAND III WP OMNI-HEAT INFINITY,,51,28,1.5396825396825395,94,10099080,assets/product_images/C56YU8517010.jpg,excel_map+downloaded,0.5490196078431373
C56YU8549010,공용 샙랜드3 처카 WP OHI,SAPLAND III CHUKKA WP OH INFINITY,,40,23,2.0238095238095237,71,7423395,assets/product_images/C56YU8549010.jpg,excel_map+downloaded,0.575
C64YM3571010,남성 아보카 트레일 경량 다운 자켓,M's Avoca Trail Down Jacket,,3,3,4.4,34,7230490,assets/product_images/C64YM3571010.jpg,excel_map+downloaded,1.0
C54YM3479010,공용 마운틴 후드 롱 다운 자켓,MT.Hood™ Long Down Jacket,,16,13,2.0624999999999996,16,4570425,assets/product_images/C54YM3479010.jpg,excel_map+downloaded,0.8125
C54YL3483010,여성 패스 대쉬 포레스트 다운 자켓,Ws Path Dash Forest™Ⅲ Down Jacket,,13,10,2.153846153846154,13,3885050,assets/product_images/C54YL3483010.jpg,excel_map+downloaded,0.7692307692307693
C65YU0369010,공용 본레 포레스트 20L 패커블 경량 백팩,Bonre Forest 20L Packable Backpack,,8,8,4.375,84,3392920,assets/product_images/C65YU0369010.jpg,excel_map+downloaded,1.0
C56YU4749010,공용 헨리포크 부츠 OT OHI,HENRYFORK BOOT OT OHI,,19,9,2.8636363636363638,23,3329460,assets/product_images/C56YU4749010.jpg,excel_map+downloaded,0.47368421052631576
C66YM0659010,공용 트레일 투 브러쉬 부니,Trail to Brush Booney,,3,3,1.75,81,3209500,assets/product_images/C66YM0659010.jpg,excel_map+downloaded,1.0
C54YM3472010,남성 마운틴 후드™ 다운 자켓,Ms MT.Hood™ Down Jacket,,9,9,3.111111111111111,9,3134290,assets/product_images/C54YM3472010.jpg,excel_map+downloaded,1.0
C64YM3571439,남성 아보카 트레일 경량 다운 자켓,M's Avoca Trail Down Jacket,,3,3,4.833333333333334,14,2901840,assets/product_images/C64YM3571439.jpg,excel_map+downloaded,1.0
C75YU0369010,공용 본레 포레스트 20L 패커블 경량 백팩,Bonre Forest 20L Packable Backpack,,5,5,4.0,53,2889160,assets/product_images/C75YU0369010.jpg,excel_map+downloaded,1.0
C54YM3473010,남성 클라이브 레이크 Ⅱ 다운 자켓,Ms Clive Lake™ Ⅱ Down Jacket,,9,9,2.0,9,2781025,assets/product_images/C54YM3473010.jpg,excel_map+downloaded,1.0
C64YL3571160,여성 아보카 트레일 경량 다운 자켓,W's Avoca Trail Down Jacket,,1,1,6.0,13,2776410,assets/product_images/C64YL3571160.jpg,excel_map+downloaded,1.0
C64YM3572010,남성 컬럼비아 락 다운 자켓,M's Columbia Rock Down Jacket,,6,6,2.666666666666667,6,2596000,assets/product_images/C64YM3572010.jpg,excel_map+downloaded,1.0
C64YL3571010,여성 아보카 트레일 경량 다운 자켓,W's Avoca Trail Down Jacket,,4,4,4.5,11,2401910,assets/product_images/C64YL3571010.jpg,excel_map+downloaded,1.0
C54YM3472443,남성 마운틴 후드™ 다운 자켓,Ms MT.Hood™ Down Jacket,,6,6,3.0,6,2361850,assets/product_images/C54YM3472443.jpg,excel_map+downloaded,1.0
C66PU8700010,공용 스트림 사코슈 백,Price Stream Sacoche,,1,1,0.0,75,2340000,https://assetscdn49.styleship.com/assets/columbia/data/ProductImages/a/4/C66PU8700010.jpg,styleship_cdn_pattern,1.0
C54YM3476319,남성 샷오버 힐™ 경량 패딩 자켓,Ms Shotover Hill™ Insulation Jacket,,10,7,2.153846153846154,15,2218470,assets/product_images/C54YM3476319.jpg,excel_map+downloaded,0.7
C54WE4714010,공용 하이크바운드 인터체인지 자켓,Hikebound™ II Interchange Jacket,,13,13,2.714285714285715,14,2155980,assets/product_images/C54WE4714010.jpg,styleship_cdn_pattern+downloaded,1.0
C44AE8545012,남성 헬베시아™ 플리스 베스트,Helvetia™ Vest,,7,1,2.0999999999999996,40,2120000,https://assetscdn49.styleship.com/assets/columbia/data/ProductImages/a/4/C44AE8545012.jpg,styleship_cdn_pattern,0.14285714285714285
C66YU4749010,공용 헨리포크 부츠 OT OHI,HENRYFORK BOOT OT OHI,,13,8,2.142857142857143,19,2010720,assets/product_images/C66YU4749010.jpg,excel_map+downloaded,0.6153846153846154
C65PU8664010,공용 케슬락 15L 백팩,Castle Rock 15L Backpack,,4,4,2.0,30,1880320,assets/product_images/C65PU8664010.jpg,excel_map+downloaded,1.0
C56YU2743010,공용 옐로우테일 쇼티 WP OH,YELLOWTAIL™ SHORTY WP OH,,16,7,2.5555555555555554,18,1844720,assets/product_images/C56YU2743010.jpg,excel_map+downloaded,0.4375
C53YM3453381,남성 로스트 마운틴™ 방수 자켓,Ms Lost Mountain™ Jacket,,1,1,5.0,12,1794000,assets/product_images/C53YM3453381.jpg,excel_map+downloaded,1.0
C54XM8691010,[STAR WARS] 공용 베이더 3L 인터체인지 자켓,VADER™ 3L Interchange Jacket,,3,3,0.33333333333333337,3,1690000,assets/product_images/C54XM8691010.jpg,excel_map+downloaded,1.0
C63YM3593010,공용 365 트랙 2L 방수자켓,365 TREK 2L Rain Jacket,,8,3,1.125,8,1676520,assets/product_images/C63YM3593010.jpg,excel_map+downloaded,0.375
C64YM8587439,남성 다트 포레스트 코듀로이 팬츠,M's Dart Forest Corduroy Pants,,14,14,2.7857142857142856,14,1641750,assets/product_images/C64YM8587439.jpg,excel_map+downloaded,1.0
C66BI9168091,남성 픽프릭 러쉬 아웃드라이 와이드,PEAKFREAK RUSH OUTDRY WIDE,,2,2,2.7142857142857144,16,1641700,assets/product_images/C66BI9168091.jpg,excel_map+downloaded,1.0
C62WE2798010,공용 코브 비치 윈드브레이커 자켓,Cove Beach Windbreaker,,11,11,2.25,16,1584210,assets/product_images/C62WE2798010.jpg,excel_map+downloaded,1.0
C54WE7451010,남성 실버 리프II 스트레치 인슐레이션 자켓,Silver Leaf™ Stretch Insulated II Jacket,,9,8,2.555555555555556,10,1548460,assets/product_images/C54WE7451010.jpg,styleship_cdn_pattern+downloaded,0.8888888888888888
C56YU5200010,공용 호버튜버 옴니테크,HOVERTUBER OMNI-TECH,,18,13,2.8421052631578947,20,1538130,assets/product_images/C56YU5200010.jpg,excel_map+downloaded,0.7222222222222222
C64YM3574010,공용 마운틴 후드 다운 자켓,MT.Hood Down Jacket,,3,3,1.3333333333333333,3,1537500,assets/product_images/C64YM3574010.jpg,excel_map+downloaded,1.0
C66YU2743010,공용 옐로우테일 쇼티 워터프루프 옴니히트,YELLOWTAIL SHORTY WP OH,,15,14,2.2666666666666666,15,1523080,assets/product_images/C66YU2743010.jpg,styleship_cdn_pattern+downloaded,0.9333333333333333
C65PU8664191,공용 케슬락 15L 백팩,Castle Rock 15L Backpack,,1,1,3.0,24,1516800,https://assetscdn49.styleship.com/assets/columbia/data/ProductImages/a/4/C65PU8664191.jpg,styleship_cdn_pattern,1.0
C66YU9626286,공용 샙랜드4 워터프루프 옴니히트,SAPLAND IV WP OMNI-HEAT INFINITY,,8,8,1.625,8,1454270,assets/product_images/C66YU9626286.jpg,styleship_cdn_pattern+downloaded,1.0
C65BM6578278,남성 몬트레일 트리니티 FKT,MONTRAIL TRINITY FKT,,14,5,1.5,14,1394410,assets/product_images/C65BM6578278.jpg,styleship_cdn_pattern+downloaded,0.35714285714285715
C54YL3482010,여성 클라우드 비치 롱 다운 자켓,Ws Cloud Beach™ Long Down Jacket,,5,5,2.2,5,1344400,assets/product_images/C54YL3482010.jpg,excel_map+downloaded,1.0
C46YU0204010,[공식몰 단독] 공용 코브 투 뷰트™ 30L 백팩 + 파우치,Cove to Butte ™ 30 BACKPACK,,18,18,3.388888888888889,18,1322300,assets/product_images/C46YU0204010.jpg,styleship_cdn_pattern+downloaded,1.0
C51AE5878010,남성 와우노가 라이프 웨이트 팬츠,Wanoga™ Lightweight Pant,,18,18,4.105263157894736,20,1306730,assets/product_images/C51AE5878010.jpg,styleship_cdn_pattern+downloaded,1.0
C65YU0369257,공용 본레 포레스트 20L 패커블 경량 백팩,Bonre Forest 20L Packable Backpack,,3,3,2.3333333333333335,24,1283400,https://assetscdn49.styleship.com/assets/columbia/data/ProductImages/a/4/C65YU0369257.jpg,styleship_cdn_pattern,1.0
C66YU0367010,공용 레드우드 35L 백팩,REDWOOD35 BACKPACK,,4,2,1.75,9,1281500,assets/product_images/C66YU0367010.jpg,excel_map+downloaded,0.5
C54YM3474010,남성 마운틴 후드™ 다운 파카,Ms MT.Hood™ Down Parka,,4,4,2.75,4,1275910,assets/product_images/C54YM3474010.jpg,excel_map+downloaded,1.0
C54WR3825397,여성 드랍 릿지 II 인터체인지 자켓,Drop Ridge™ II Interchange Jacket,,6,6,3.0,6,1255640,assets/product_images/C54WR3825397.jpg,excel_map+downloaded,1.0
C55YM8908010,남성 이스케이프 쓰라이브 샌들,THRIVE™ REVIVE SHANDAL,,13,8,0.7857142857142857,14,1236700,assets/product_images/C55YM8908010.jpg,styleship_cdn_pattern+downloaded,0.6153846153846154
C64YL3585626,여성 파운 피크 다운 자켓,W's Fawn Peak Down Jacket,,5,3,2.2,5,1217000,https://assetscdn49.styleship.com/assets/columbia/data/ProductImages/a/4/C64YL3585626.jpg,styleship_cdn_pattern,0.6
C65PU8732010,공용 그레이트 스모키 가든 바디백,Great Smoky Garden Body bag,,2,2,3.5,26,1209500,https://assetscdn49.styleship.com/assets/columbia/data/ProductImages/a/4/C65PU8732010.jpg,styleship_cdn_pattern,1.0
C61XE5850010,공용 센트릴리엄 2.5 레이어 방수 자켓,Centrillium 2.5L Jacket,,7,7,1.5,8,1195370,assets/product_images/C61XE5850010.jpg,excel_map+downloaded,1.0
C42FM7047774,공용 바하마™ II 반팔 셔츠,Bahama™ II S/S Shirt,,7,6,1.8181818181818181,25,1165900,https://assetscdn49.styleship.com/assets/columbia/data/ProductImages/a/4/C42FM7047774.jpg,styleship_cdn_pattern,0.8571428571428571
C54WR3825278,여성 드랍 릿지 II 인터체인지 자켓,Drop Ridge™ II Interchange Jacket,,6,6,1.6666666666666667,6,1147870,assets/product_images/C54WR3825278.jpg,excel_map+downloaded,1.0
C64YM8596010,남성 스톤 데쉬 플리스 스트레이트 팬츠,M's Stone Dash Fleece Straight Pants,,8,8,1.875,9,1109950,assets/product_images/C64YM8596010.jpg,excel_map+downloaded,1.0
C66YU9682010,공용 샙랜드4 처카 워터프루프 옴니히트,SAPLAND IV CHUKKA WP OH INFINITY,,7,7,1.8571428571428572,7,1105580,assets/product_images/C66YU9682010.jpg,styleship_cdn_pattern+downloaded,1.0
C61YM3502494,남성 카우 마운틴 2L 방수 자켓,M's Cow Mountain 2L Jacket,,5,5,0.8,5,1086300,assets/product_images/C61YM3502494.jpg,excel_map+downloaded,1.0
C52WE9484010,[공식몰 단독]남성 루프 트레일 바람막이 방풍 자켓,Loop Trail™ II Windbreaker,,11,10,2.818181818181818,11,1079520,assets/product_images/C52WE9484010.jpg,styleship_cdn_pattern+downloaded,0.9090909090909091
C63YM3593125,공용 365 트랙 2L 방수자켓,365 TREK 2L Rain Jacket,,6,1,0.0,6,1077000,https://assetscdn49.styleship.com/assets/columbia/data/ProductImages/a/4/C63YM3593125.jpg,styleship_cdn_pattern,0.16666666666666666
C64YM6576010,남성 세컨드 픽 크루,M's Second Peak Crew,,9,9,3.111111111111111,10,1069130,assets/product_images/C64YM6576010.jpg,excel_map+downloaded,1.0
C43WE4686257,남성 익스플로러스 엣지™ 방수 패딩 자켓,Explorer's Edge™ Insulated Jacket,,8,8,3.25,8,1062110,assets/product_images/C43WE4686257.jpg,styleship_cdn_pattern+downloaded,1.0
C66YU9626010,공용 샙랜드4 워터프루프 옴니히트,SAPLAND IV WP OMNI-HEAT INFINITY,,6,6,2.4285714285714284,7,1037120,assets/product_images/C66YU9626010.jpg,styleship_cdn_pattern+downloaded,1.0
C55YL7787010,여성 이스케이프 쓰라이브 샌들,THRIVE™ REVIVE SHANDAL,,11,5,0.9090909090909091,11,1033550,assets/product_images/C55YL7787010.jpg,styleship_cdn_pattern+downloaded,0.45454545454545453
C62YL3533310,여성 선 레이크 경량 바람막이 자켓,W's Sun Lake Jacket,,3,3,1.4000000000000001,11,1014000,https://assetscdn49.styleship.com/assets/columbia/data/ProductImages/a/4/C62YL3533310.jpg,styleship_cdn_pattern,1.0
C54YM3479211,공용 마운틴 후드™ 롱 다운 자켓,MT.Hood™ Long Down Jacket,,3,2,4.333333333333333,3,1001100,assets/product_images/C54YM3479211.jpg,excel_map+downloaded,0.6666666666666666
C66YM0696010,공용 다운 투 다크 트래퍼,Dawn-to-DarkⅡ TRAPPER,,16,16,3.0625,18,988245,assets/product_images/C66YM0696010.jpg,excel_map+downloaded,1.0
C66YU0369397,본레 포레스트 20L 패커블 경량 백팩,Bonre Forest 20L Packable Backpack,,3,3,2.333333333333333,18,983920,assets/product_images/C66YU0369397.jpg,excel_map+downloaded,1.0
C63XM5806342,[스타워즈] 남성 엔도어 이슈 카고 베스트,Endor Issue Cargo Vest,,4,4,2.0,4,956000,assets/product_images/C63XM5806342.jpg,excel_map+downloaded,1.0
C54YL8473211,여성 먼데이 하버™ 스트레이트 팬츠,Ws Monday Harbor™ Lining Stright Pants,,9,8,4.666666666666667,9,949710,assets/product_images/C54YL8473211.jpg,excel_map+downloaded,0.8888888888888888
C61YM3594264,공용 365 마운틴 3L 방수자켓,365 Mountain Rain Jacket,,5,3,5.8,5,947500,https://assetscdn49.styleship.com/assets/columbia/data/ProductImages/a/4/C61YM3594264.jpg,styleship_cdn_pattern,0.6
C56YU2743271,공용 옐로우테일 쇼티 WP OH,YELLOWTAIL™ SHORTY WP OH,,9,8,2.444444444444444,9,945140,assets/product_images/C56YU2743271.jpg,excel_map+downloaded,0.8888888888888888
C64WR9847278,[공식몰 단독] 여성 어메이즈 퍼프 후디드 다운자켓,Amaze Puff Hooded Jacket,,5,4,3.8,5,936600,assets/product_images/C64WR9847278.jpg,styleship_cdn_pattern+downloaded,0.8
C54XM3477010,[스타워즈] 공용 베이더 컨버터블 자켓,VADER™ Convertible Jacket,,4,4,1.25,4,936000,assets/product_images/C54XM3477010.jpg,excel_map+downloaded,1.0
C66YU0154023,공용 헤이지 저니 2 워터프루프,HAZY JOURNEY II WATERPROOF,,8,8,3.333333333333333,9,934460,assets/product_images/C66YU0154023.jpg,excel_map+downloaded,1.0
C51AE5878027,남성 와우노가 라이프 웨이트 팬츠,Wanoga™ Lightweight Pant,,14,13,3.2857142857142856,14,929440,assets/product_images/C51AE5878027.jpg,styleship_cdn_pattern+downloaded,0.9285714285714286
C52AM4540011,남성 페인티드 피크 쇼츠,Painted Peak™ Short,,19,19,3.105263157894737,19,927530,assets/product_images/C52AM4540011.jpg,styleship_cdn_pattern+downloaded,1.0
C54YL3487105,여성 파운 피크 다운 자켓,Ws Fawn Peak™ Down Jacket,,5,5,3.6,5,926040,assets/product_images/C54YL3487105.jpg,excel_map+downloaded,1.0
C64YL3586102,여성 앤 로드 다운 자켓,W's Anne Road Down Jacket,,6,6,2.6666666666666665,6,923440,assets/product_images/C64YL3586102.jpg,excel_map+downloaded,1.0
C65BM8217091,[공식몰 단독] 남성 이스케이프 쓰라이브 타이타늄 미드 아웃드라이,ESCAPE THRIVE TITANIUM MID OUTDRY,,5,5,3.4,5,922570,assets/product_images/C65BM8217091.jpg,excel_map+downloaded,1.0
C64YM3588439,남성 톤토 돔 디터쳐블 다운 자켓,M's Tonto Dome Detachable Down Jacket,,4,3,2.0,4,908630,https://assetscdn49.styleship.com/assets/columbia/data/ProductImages/a/4/C64YM3588439.jpg,styleship_cdn_pattern,0.75
C66YU0366010,공용 레드우드 30L 뉴 플러스 백팩,REDWOOD30 N.PLUS BACKPACK,,4,4,2.25,8,908500,assets/product_images/C66YU0366010.jpg,excel_map+downloaded,1.0
C75BI8634010,[추영우 착용] 남성 텔루릭스 타이타늄 아웃드라이 와이드,TELLURIX TITANIUM OUTDRY WIDE,,6,6,2.333333333333333,6,904100,assets/product_images/C75BI8634010.jpg,excel_map+downloaded,1.0
C63YM3593351,[추영우 착용] 공용 365 트랙 2L 방수자켓,365 TREK 2L Rain Jacket,,5,3,3.5999999999999996,5,897500,https://assetscdn49.styleship.com/assets/columbia/data/ProductImages/a/4/C63YM3593351.jpg,styleship_cdn_pattern,0.6
C56YU2743327,공용 옐로우테일 쇼티 WP OH,YELLOWTAIL™ SHORTY WP OH,,8,5,2.7500000000000004,8,897360,assets/product_images/C56YU2743327.jpg,excel_map+downloaded,0.625
C64YL3597010,여성 어드벤처365 경량 구스 다운 자켓,W’s Adventure 365 LW Down Jacket,,4,3,3.0,4,892500,https://assetscdn49.styleship.com/assets/columbia/data/ProductImages/a/4/C64YL3597010.jpg,styleship_cdn_pattern,0.75
C54XE9996010,남성 타임 투 트레일™ 옴니히트™ 팬츠,Time to Trail™ Omni-Heat™ Pant,,8,8,3.0,8,888540,assets/product_images/C54XE9996010.jpg,styleship_cdn_pattern+downloaded,1.0
C62XE8841012,[추영우 착용] 공용 콜드 베이 대쉬 그래픽 반팔 티셔츠,Cold Bay Dash Short Sleeve Tee,,21,21,2.4285714285714293,22,885330,assets/product_images/C62XE8841012.jpg,excel_map+downloaded,1.0
C54YM3496211,남성 하이크 보울 코브™ 플리스 자켓,Ms Hike Bowl Cove™ Fleece Jacket,,7,7,3.2857142857142856,7,865110,assets/product_images/C54YM3496211.jpg,excel_map+downloaded,1.0
C54WE4714681,공용 하이크바운드 인터체인지 자켓,Hikebound™ II Interchange Jacket,,6,6,2.333333333333333,6,851120,assets/product_images/C54WE4714681.jpg,styleship_cdn_pattern+downloaded,1.0
C55BM0378010,남성 코노스 TRS 아웃드라이,KONOS™ TRS OUTDRY™,,6,6,3.6666666666666665,6,844290,assets/product_images/C55BM0378010.jpg,styleship_cdn_pattern+downloaded,1.0
C64YM8587211,남성 다트 포레스트 코듀로이 팬츠,M's Dart Forest Corduroy Pants,,7,7,1.7142857142857142,7,842300,assets/product_images/C64YM8587211.jpg,excel_map+downloaded,1.0
C64YM7587439,남성 다트 포레스트 코듀로이 셔츠,M's Dart Forest Corduroy Shirts,,6,6,3.666666666666667,6,841840,assets/product_images/C64YM7587439.jpg,excel_map+downloaded,1.0
C54YL3483211,여성 패스 대쉬 포레스트 다운 자켓,Ws Path Dash Forest™Ⅲ Down Jacket,,3,2,1.0,3,838500,assets/product_images/C54YL3483211.jpg,excel_map+downloaded,0.6666666666666666
C43WE4686010,남성 익스플로러스 엣지™ 방수 패딩 자켓,Explorer's Edge™ Insulated Jacket,,7,7,3.5714285714285716,7,835140,assets/product_images/C43WE4686010.jpg,styleship_cdn_pattern+downloaded,1.0
C64XE9996010,남성 타임 투 트레일 옴니히트 팬츠,Time to Trail Omni-Heat Pant,,7,7,4.0,7,828680,assets/product_images/C64XE9996010.jpg,styleship_cdn_pattern+downloaded,1.0
C65BM1935063,남성 PFG 프로 스포츠 부츠,PFG PRO SPORT BOOT,,6,6,2.6666666666666665,6,828500,assets/product_images/C65BM1935063.jpg,excel_map+downloaded,1.0
C63AE8947010,남성 ROC 테크 카고 팬츠,ROC Tech Cargo Pant,,8,8,3.875,8,815610,assets/product_images/C63AE8947010.jpg,styleship_cdn_pattern+downloaded,1.0
C54YM8478010,남성 마운틴 후드™ 인슐레이션 스트레이트 팬츠,M's MT.Hood™ Insulation Straight Pants,,5,5,4.2,6,813370,assets/product_images/C54YM8478010.jpg,excel_map+downloaded,1.0
C62XE2326010,남성 클레어몬트II 경량 바람막이 자켓,Clearmont II Jacket,,9,9,2.1,11,813050,assets/product_images/C62XE2326010.jpg,excel_map+downloaded,1.0
C56BM0225010,남성 패시트 75 이쿼녹스,FACET™ 75 EQUINOX™,,6,6,3.0,6,809910,assets/product_images/C56BM0225010.jpg,styleship_cdn_pattern+downloaded,1.0
C64YL3574027,여성 마운틴 후드 다운 자켓,W's MT.Hood Down Jacket,,2,2,5.5,2,807940,assets/product_images/C64YL3574027.jpg,excel_map+downloaded,1.0
C56YM2343010,[STAR WARS] 공용 베이더 부츠,VADER™ BOOT,,3,3,0.33333333333333337,3,807000,https://assetscdn49.styleship.com/assets/columbia/data/ProductImages/a/4/C56YM2343010.jpg,styleship_cdn_pattern,1.0
C56YU4749352,공용 헨리포크 부츠 OT OHI,HENRYFORK BOOT OT OHI,,7,6,3.7142857142857144,7,805500,assets/product_images/C56YU4749352.jpg,excel_map+downloaded,0.8571428571428571
C54YL3481299,여성 체리 크레스트 다운 자켓,Ws Cherry Crest™ Down Jacket,,4,4,1.5,4,804100,assets/product_images/C54YL3481299.jpg,excel_map+downloaded,1.0
C66YU5200010,공용 호버튜버 옴니테크,HOVERTUBER OMNI-TECH,,9,7,1.1,10,798590,assets/product_images/C66YU5200010.jpg,excel_map+downloaded,0.7777777777777778
C64YM3596346,남성 스톤 데쉬 플리스 자켓,M's Stone Dash Fleece Jacket,,5,5,2.0,5,794020,assets/product_images/C64YM3596346.jpg,excel_map+downloaded,1.0
C51AR9425012,여성 바운더리스 트랙 카고 팬츠,Boundless Trek™ Cargo Pant,,14,14,3.428571428571429,15,790110,assets/product_images/C51AR9425012.jpg,styleship_cdn_pattern+downloaded,1.0
C46BK4552286,여성 뉴튼릿지 플러스 와이드핏,NEWTON RIDGE™ PLUS WATERPROOF AMPED WIDE,,12,10,2.428571428571429,14,789000,assets/product_images/C46BK4552286.jpg,styleship_cdn_pattern+downloaded,0.8333333333333334
C52FM7047019,공용 PFG 바하마II 반팔 셔츠,Bahama™ II S/S Shirt,,8,7,1.9090909090909092,15,779480,assets/product_images/C52FM7047019.jpg,styleship_cdn_pattern+downloaded,0.875
C54YL8496010,여성 하이크 보울 코브™ 플리스 조거 팬츠,Ws Hike Bowl Cove™ Fleece Jogger Pants,,9,8,4.0,9,771930,assets/product_images/C54YL8496010.jpg,excel_map+downloaded,0.8888888888888888
C54WR9860224,여성 로로 패스 인터체인지 자켓,Lolo Pass™ Interchange Jacket,,3,3,2.666666666666667,3,768600,assets/product_images/C54WR9860224.jpg,excel_map+downloaded,1.0
C54YM8476319,남성 샷오버 힐™ 인슐레이션 팬츠,Ms Shotover Hill™ Insulation Straight Pants,,5,4,2.8333333333333335,6,768260,https://assetscdn49.styleship.com/assets/columbia/data/ProductImages/a/4/C54YM8476319.jpg,styleship_cdn_pattern,0.8
C54YM3496010,남성 하이크 보울 코브™ 플리스 자켓,Ms Hike Bowl Cove™ Fleece Jacket,,7,7,4.428571428571429,7,763830,assets/product_images/C54YM3496010.jpg,excel_map+downloaded,1.0
C64YM3572027,남성 컬럼비아 락 다운 자켓,M's Columbia Rock Down Jacket,,2,2,4.0,2,760175,assets/product_images/C64YM3572027.jpg,excel_map+downloaded,1.0
C64WE6671010,공용 캐스케이드 인터체인지 자켓,Cascade Peak VI Interchange Jacket,,3,3,3.666666666666667,3,759490,assets/product_images/C64WE6671010.jpg,excel_map+downloaded,1.0
C52YM6435404,남성 레이크 투 림™ 폴로,Ms Lake to Rim™ Polo,,8,8,2.1818181818181817,18,759280,https://assetscdn49.styleship.com/assets/columbia/data/ProductImages/a/4/C52YM6435404.jpg,styleship_cdn_pattern,1.0
C61YM3594335,공용 365 마운틴 3L 방수자켓,365 Mountain Rain Jacket,,4,3,0.0,4,758000,https://assetscdn49.styleship.com/assets/columbia/data/ProductImages/a/4/C61YM3594335.jpg,styleship_cdn_pattern,0.75
C65YU0366010,공용 레드우드 30L 뉴 플러스 백팩,REDWOOD30 N.PLUS BACKPACK,,7,7,3.4285714285714284,7,750630,assets/product_images/C65YU0366010.jpg,excel_map+downloaded,1.0
C56YU5200273,[공식몰 단독] 공용 호버튜버 옴니테크,HOVERTUBER OMNI-TECH,,10,8,2.6999999999999997,10,750160,assets/product_images/C56YU5200273.jpg,excel_map+downloaded,0.8
C64AE4498461,[추영우 착용] 공용 헬베시아 II 프린티드 하프스냅 플리스 풀오버,Helvetia II Printed Half Snap Fleece,,12,10,3.25,12,744300,assets/product_images/C64AE4498461.jpg,excel_map+downloaded,0.8333333333333334
C53WE4318010,남성 왈로와™ 소프트쉘 풀이밴드 팬츠,Wallowa™ Softshell Pant,,11,11,3.0,11,734950,assets/product_images/C53WE4318010.jpg,styleship_cdn_pattern+downloaded,1.0
C65BI5371241,남성 크레스트우드 미드 워터프루프 와이드핏,CRESTWOOD MID WATERPROOF,,7,7,2.7142857142857144,7,733870,assets/product_images/C65BI5371241.jpg,styleship_cdn_pattern+downloaded,1.0
C54PM0372010,남성 스파이어 투 돔™ 다운 자켓,Spire to Dome™ Down Jacket,,3,2,1.6666666666666665,3,733500,assets/product_images/C54PM0372010.jpg,excel_map+downloaded,0.6666666666666666
C46BK4552008,여성 뉴튼릿지 플러스 와이드핏,NEWTON RIDGE™ PLUS WATERPROOF AMPED WIDE,,11,10,3.5833333333333326,12,729800,assets/product_images/C46BK4552008.jpg,styleship_cdn_pattern+downloaded,0.9090909090909091
C64YM3596010,남성 스톤 데쉬 플리스 자켓,M's Stone Dash Fleece Jacket,,5,5,1.4,5,725040,assets/product_images/C64YM3596010.jpg,excel_map+downloaded,1.0
C64YM8578439,남성 니나 트레일 인슐레이션 스트레이트 팬츠,M's Nina Trail Insulation Straight Pants,,5,5,1.8,5,723770,assets/product_images/C64YM8578439.jpg,excel_map+downloaded,1.0
C46BM6754231,남성 픽프릭2 미드 아웃드라이 레더,PEAKFREAK II MID OUTDRY LEATHER,,6,6,5.666666666666667,6,721840,assets/product_images/C46BM6754231.jpg,styleship_cdn_pattern+downloaded,1.0
C54WR6910100,여성 알틱 크레스트 경량 후드 다운자켓,Arctic Crest™ Down Hooded Jacket,,4,3,2.5,4,718000,https://assetscdn49.styleship.com/assets/columbia/data/ProductImages/a/4/C54WR6910100.jpg,styleship_cdn_pattern,0.75
C61YM3594466,공용 365 마운틴 3L 방수자켓,365 Mountain Rain Jacket,,3,2,0.6666666666666667,3,713600,assets/product_images/C61YM3594466.jpg,excel_map+downloaded,0.6666666666666666
C64YM3588313,[추영우 착용] 남성 톤토 돔 디터쳐블 다운 자켓,M's Tonto Dome Detachable Down Jacket,,3,2,3.0,3,709700,assets/product_images/C64YM3588313.jpg,excel_map+downloaded,0.6666666666666666
C66YM9725MUL,남성 컬럼비아 미드 패턴 양말 5종,M's Columbia Mid Length Pattern Socks 5 Pack,,4,4,3.0,27,707760,https://assetscdn49.styleship.com/assets/columbia/data/ProductImages/a/4/C66YM9725MUL.jpg,styleship_cdn_pattern,1.0
C65PU8722030,공용 타이거 브룩 20L 트래블 백팩,Tyger Brook20+L Travel Backpack,,5,5,4.0,5,706270,https://assetscdn49.styleship.com/assets/columbia/data/ProductImages/a/4/C65PU8722030.jpg,styleship_cdn_pattern,1.0
C54WR9293010,여성 롱혼 릿지 리버서블 셔켓,Longhorn Ridge™ Reversible Shirt Jacket,,8,7,4.5,8,705290,assets/product_images/C54WR9293010.jpg,styleship_cdn_pattern+downloaded,0.875
C64YM3584010,남성 블루 에비뉴 다운 자켓,M's Blue Avenue Down Jacket,,3,3,3.6666666666666665,3,691990,assets/product_images/C64YM3584010.jpg,excel_map+downloaded,1.0
C62XE2326270,남성 클레어몬트II 경량 바람막이 자켓,Clearmont II Jacket,,10,4,1.1,10,691110,assets/product_images/C62XE2326270.jpg,excel_map+downloaded,0.4
C62YM6537191,[추영우 착용] 남성 코브 투 애비뉴 옴니프리즈 제로 아이스 플러스 크루 티셔츠,M's Cove to Avenue OFZ ICE+ Crew,,14,14,2.2142857142857144,14,684550,assets/product_images/C62YM6537191.jpg,excel_map+downloaded,1.0
C64YL3587010,여성 유니온 리버 다운 자켓,Union River Down Jacket,,3,3,2.3333333333333335,3,681590,assets/product_images/C64YL3587010.jpg,excel_map+downloaded,1.0
C64YL3583010,여성 패스 대쉬 포레스트Ⅲ 다운 자켓,W's Path Dash ForestⅢ Down Jacket,,2,2,3.5,2,679000,assets/product_images/C64YL3583010.jpg,excel_map+downloaded,1.0
C75BK8634083,여성 텔루릭스 타이타늄 아웃드라이 와이드,TELLURIX TITANIUM OUTDRY WIDE,,4,4,4.25,4,678020,assets/product_images/C75BK8634083.jpg,excel_map+downloaded,1.0
C62XE3513492,[추영우 착용] 남성 글레시얼 비스타 그래픽 쿨링 티셔츠,Glacial Vista Graphic Tee,,14,14,2.071428571428571,14,671860,assets/product_images/C62XE3513492.jpg,excel_map+downloaded,1.0
C56PU8729010,공용 그레이트 스모키 가든 2 WAY 토트백,Great Smoky Garden™ 2Way Tote,,3,3,5.333333333333333,14,667500,https://assetscdn49.styleship.com/assets/columbia/data/ProductImages/a/4/C56PU8729010.jpg,styleship_cdn_pattern,1.0
C55YM1086011,남성 플라토 벤쳐 워터프루프 보아,PLATEAU VENTURE WP BOA,,6,5,2.8333333333333335,6,666750,assets/product_images/C55YM1086011.jpg,styleship_cdn_pattern+downloaded,0.8333333333333334
C61YM8506010,남성 캐니 코브 조거 팬츠,M's Caney Cove Jogger Pants,,5,5,2.8333333333333335,6,664940,https://assetscdn49.styleship.com/assets/columbia/data/ProductImages/a/4/C61YM8506010.jpg,styleship_cdn_pattern,1.0
C54AE3788010,남성 마블 캐니언™ 오버레이 후디 티셔츠,Marble Canyon™ Overlay Hoodie,,11,11,3.3333333333333335,12,664300,assets/product_images/C54AE3788010.jpg,styleship_cdn_pattern+downloaded,1.0
C55YU6488063,공용 호쏜 레인 로우 알트 방수 스니커즈,HAWTHORNE™ RAIN LO ALT,,6,5,3.833333333333333,6,658520,assets/product_images/C55YU6488063.jpg,styleship_cdn_pattern+downloaded,0.8333333333333334
C64YM3584030,남성 블루 에비뉴 다운 자켓,M's Blue Avenue Down Jacket,,3,2,2.6666666666666665,3,658500,assets/product_images/C64YM3584030.jpg,excel_map+downloaded,0.6666666666666666
C56YU5200191,공용 호버튜버 옴니테크,HOVERTUBER OMNI-TECH,,9,9,2.444444444444444,9,656795,assets/product_images/C56YU5200191.jpg,excel_map+downloaded,1.0
C56BM6246012,남성 코노스 TRS 아웃드라이,KONOS™ TRS OUTDRY,,5,5,4.0,5,654790,assets/product_images/C56BM6246012.jpg,styleship_cdn_pattern+downloaded,1.0
C66YU0154010,공용 헤이지 저니 2 워터프루프,HAZY JOURNEY II WATERPROOF,,6,6,3.0,6,653830,assets/product_images/C66YU0154010.jpg,styleship_cdn_pattern+downloaded,1.0
C56BI5371241,남성 크레스트우드 미드 워터프루프 와이드핏,CRESTWOOD MID WATERPROOF,,7,6,2.4285714285714284,7,653010,assets/product_images/C56BI5371241.jpg,excel_map+downloaded,0.8571428571428571
C53WE4318084,남성 왈로와™ 소프트쉘 풀이밴드 팬츠,Wallowa™ Softshell Pant,,11,11,4.454545454545454,11,652500,assets/product_images/C53WE4318084.jpg,styleship_cdn_pattern+downloaded,1.0
C62YM3533010,남성 선 레이크 경량 바람막이 패커블 자켓,M's Sun Lake Jacket,,5,5,3.2,5,649920,https://assetscdn49.styleship.com/assets/columbia/data/ProductImages/a/4/C62YM3533010.jpg,styleship_cdn_pattern,1.0
C54YL3486102,여성 앤 로드 다운 자켓,Ws Anne Road™ Down Jacket,,5,4,3.8,5,649830,assets/product_images/C54YL3486102.jpg,excel_map+downloaded,0.8
C55YL7787292,[공식몰 단독] 여성 쓰라이브 리바이브 샌들,THRIVE™ REVIVE SHANDAL,,7,3,0.7142857142857143,7,640700,https://assetscdn49.styleship.com/assets/columbia/data/ProductImages/a/4/C55YL7787292.jpg,styleship_cdn_pattern,0.42857142857142855
C71XM4875265,남성 CSC1938 듀얼리 마운틴 카모프린트 아우터체인지,CSC1938 Dually Mountain Outerchange,,1,1,7.0,1,629000,https://assetscdn49.styleship.com/assets/columbia/data/ProductImages/a/4/C71XM4875265.jpg,styleship_cdn_pattern,1.0
C65YM8908102,남성 이스케이프 쓰라이브 샌들,THRIVE REVIVE SHANDAL,,6,6,0.33333333333333337,6,627920,assets/product_images/C65YM8908102.jpg,excel_map+downloaded,1.0
C54YM8496010,남성 하이크 보울 코브™ 플리스 조거 팬츠,Ms Hike Bowl Cove™ Fleece Jogger Pants,,5,5,4.4,6,625400,assets/product_images/C54YM8496010.jpg,excel_map+downloaded,1.0
C51AR9425352,여성 바운더리스 트랙 카고 팬츠,Boundless Trek™ Cargo Pant,,12,12,3.583333333333333,12,621250,assets/product_images/C51AR9425352.jpg,styleship_cdn_pattern+downloaded,1.0
C46BM9621010,남성 패시트75 알파 아웃드라이,FACET 75 ALPHA OUTDRY,,5,5,2.6,5,620920,assets/product_images/C46BM9621010.jpg,styleship_cdn_pattern+downloaded,1.0
C56BK2938395,여성 스노우트롯 와이드 쇼티 부츠,SNOWTROT™ SHORTY WIDE,,6,6,3.333333333333333,7,620825,assets/product_images/C56BK2938395.jpg,excel_map+downloaded,1.0
C65BM0341010,남성 픽프릭 러쉬 샌달,PEAKFREAK RUSH SHANDAL,,8,7,1.75,9,619200,assets/product_images/C65BM0341010.jpg,excel_map+downloaded,0.875
C64AE5780191,공용 헬베시아 II 하프스냅 플리스 아노락,Helvetia II Half Snap Fleece,,10,10,4.2,10,618610,assets/product_images/C64AE5780191.jpg,excel_map+downloaded,1.0
C54XY4893193,[DISNEY] 키즈 미키와 친구들 하프 스냅 플리스,Y CSC X Disney Mickey & Friends Half Snap Fleece,,8,7,1.1111111111111112,9,616200,assets/product_images/C54XY4893193.jpg,styleship_cdn_pattern+downloaded,0.875
C64AE4498349,공용 헬베시아 II 프린티드 하프스냅 플리스 풀오버,Helvetia II Printed Half Snap Fleece,,8,8,3.5,8,605170,assets/product_images/C64AE4498349.jpg,excel_map+downloaded,1.0
C55DE3668102,남성 트랜스트레커,TRANS TREKKER™ WIDE,,5,5,4.4,5,603760,assets/product_images/C55DE3668102.jpg,styleship_cdn_pattern+downloaded,1.0
C52YM6422010,남성 피나클 투 에비뉴™ OFZ Ice 폴로,Ms Pinnacle to Avenue™ OFZ Ice Polo,,7,7,2.142857142857143,7,603680,assets/product_images/C52YM6422010.jpg,styleship_cdn_pattern+downloaded,1.0
C64YM3574011,공용 마운틴 후드 다운 자켓,M's MT.Hood Down Jacket,,1,1,0.0,1,602030,assets/product_images/C64YM3574011.jpg,excel_map+downloaded,1.0
C55BI5371020,남성 크레스트우드 미드 워터프루프 와이드핏,CRESTWOOD™ MID WATERPROOF WIDE,,6,6,4.0,6,601280,assets/product_images/C55BI5371020.jpg,styleship_cdn_pattern+downloaded,1.0
C54AE4075010,남성 옴니히트™ 헬릭스 베이스레이어 타이츠,Omni-Heat™ Helix Baselayer Tight,,12,11,3.5,13,600140,assets/product_images/C54AE4075010.jpg,styleship_cdn_pattern+downloaded,0.9166666666666666
C64XR9092191,여성 미스티 트리즈 II 인터체인지 자켓,Misty Trees II Interchange Jacket,,3,3,4.333333333333333,3,598500,assets/product_images/C64XR9092191.jpg,styleship_cdn_pattern+downloaded,1.0
C66YM2461342,[스타워즈] 남성 엔도어 이슈 부츠,Endor Issue Boot,,2,2,1.0,2,598000,https://assetscdn49.styleship.com/assets/columbia/data/ProductImages/a/4/C66YM2461342.jpg,styleship_cdn_pattern,1.0
C63XM9038102,[스타워즈] 공용 엔도어 이슈 후드 티셔츠,Endor Issue Pullover,,3,3,2.0,3,597000,https://assetscdn49.styleship.com/assets/columbia/data/ProductImages/a/4/C63XM9038102.jpg,styleship_cdn_pattern,1.0
C66YU0154191,공용 헤이지 저니 2 워터프루프,HAZY JOURNEY II WATERPROOF,,5,5,3.2,5,596000,assets/product_images/C66YU0154191.jpg,excel_map+downloaded,1.0
C64YL3587105,여성 유니온 리버 다운 자켓,Union River Down Jacket,,3,3,2.3333333333333335,3,595030,assets/product_images/C64YL3587105.jpg,excel_map+downloaded,1.0
C51AE4572397,남성 맥스트레일 라이트 컨버터블 팬츠,Maxtrail™ Lite Convertible Pant,,7,7,2.7142857142857144,7,595000,assets/product_images/C51AE4572397.jpg,styleship_cdn_pattern+downloaded,1.0
C65YU0657010,공용 베이스 투 스위프 쉐이드 부니,Bay to Sweep Shade Booney,,10,9,2.5,10,591310,assets/product_images/C65YU0657010.jpg,excel_map+downloaded,0.9
C64XM5107100,[DISNEY] 남성 디즈니 하프 스냅 플리스 티셔츠,M ColumbiaㅣDISNEY Half Snap,,5,5,2.5999999999999996,5,589140,assets/product_images/C64XM5107100.jpg,styleship_cdn_pattern+downloaded,1.0
C64XM4179313,[스타워즈] 남성 엔도어 리버서블 자켓,Endor Issue Reversible Jacket,,2,2,4.5,2,588150,assets/product_images/C64XM4179313.jpg,excel_map+downloaded,1.0
C54AR7330010,여성 헬베시아 II 크롭 하프스냅 플리스 아노락,Helvetia™ II Cropped Half Snap Fleece,,10,10,4.3999999999999995,10,586010,assets/product_images/C54AR7330010.jpg,excel_map+downloaded,1.0
C56YU0694319,공용 스트림 투 포크 플리스 리버서블 트래퍼,Stream to Fork™ Fleece Trapper,,14,14,2.642857142857143,14,585890,assets/product_images/C56YU0694319.jpg,excel_map+downloaded,1.0
C62YM8524439,[추영우 착용] 남성 다나 코브 OFZ ICE 스트레이트 팬츠,M's Dana Cove OFZ ICE Straight Pants,,4,4,5.75,5,584160,assets/product_images/C62YM8524439.jpg,excel_map+downloaded,1.0
C75BI8634083,남성 텔루릭스 타이타늄 아웃드라이 와이드,TELLURIX TITANIUM OUTDRY WIDE,,4,4,4.0,4,582860,assets/product_images/C75BI8634083.jpg,excel_map+downloaded,1.0
C64AE1334010,남성 옴니히트인피니티 베이스레이어 긴팔 티셔츠,M Omni-Heat Infinity Knit LS Crew,,7,7,3.1428571428571432,9,581070,assets/product_images/C64AE1334010.jpg,styleship_cdn_pattern+downloaded,1.0
C63PM0537126,[요나스 컬렉션] 공용 레이크 투 에비뉴 그래픽 반팔 티셔츠,Lake To Avenue Graphic Ss Tee,,12,12,2.75,12,578660,assets/product_images/C63PM0537126.jpg,styleship_cdn_pattern+downloaded,1.0
C55YM8908292,[공식몰 단독] 남성 쓰라이브 리바이브 샌들,THRIVE™ REVIVE SHANDAL,,5,4,2.8,5,577920,assets/product_images/C55YM8908292.jpg,styleship_cdn_pattern+downloaded,0.8
C44AE8545011,공용 헬베시아 플리스 베스트,Helvetia™ Vest,,12,9,3.0,12,577500,assets/product_images/C44AE8545011.jpg,styleship_cdn_pattern+downloaded,0.75
C51AE4572011,남성 맥스트레일 라이트 컨버터블 팬츠,Maxtrail™ Lite Convertible Pant,,5,4,4.0,6,577480,assets/product_images/C51AE4572011.jpg,styleship_cdn_pattern+downloaded,0.8
C66YU9682286,공용 샙랜드4 처카 워터프루프 옴니히트,SAPLAND IV CHUKKA WP OH INFINITY,,4,4,2.0,4,575240,assets/product_images/C66YU9682286.jpg,styleship_cdn_pattern+downloaded,1.0
C52YM6435439,남성 레이크 투 림™ 폴로,Ms Lake to Rim™ Polo,,5,5,3.166666666666667,13,575180,https://assetscdn49.styleship.com/assets/columbia/data/ProductImages/a/4/C52YM6435439.jpg,styleship_cdn_pattern,1.0
C56YU5200681,[공식몰 단독] 공용 호버튜버 옴니테크,HOVERTUBER OMNI-TECH,,8,5,3.625,8,572880,assets/product_images/C56YU5200681.jpg,excel_map+downloaded,0.625
C64YM8596346,남성 스톤 데쉬 플리스 스트레이트 팬츠,M's Stone Dash Fleece Straight Pants,,4,4,4.5,4,572770,https://assetscdn49.styleship.com/assets/columbia/data/ProductImages/a/4/C64YM8596346.jpg,styleship_cdn_pattern,1.0
C63PM0537467,[요나스 컬렉션] 공용 레이크 투 에비뉴 그래픽 반팔 티셔츠,Lake To Avenue Graphic Ss Tee,,10,10,3.4,10,569140,assets/product_images/C63PM0537467.jpg,styleship_cdn_pattern+downloaded,1.0
C54YM3489010,남성 밸리 투 패스™ 헤비 다운 자켓,Ms Valley to Pass™ Down Jacket,,2,2,3.0,2,567160,assets/product_images/C54YM3489010.jpg,excel_map+downloaded,1.0
C64YM8573011,남성 그레이 락 스트레이트 팬츠,M's Gray Rock Straight Pants,,2,2,0.5,3,567000,https://assetscdn49.styleship.com/assets/columbia/data/ProductImages/a/4/C64YM8573011.jpg,styleship_cdn_pattern,1.0
C54YL3487010,여성 파운 피크 다운 자켓,Ws Fawn Peak™ Down Jacket,,3,3,4.333333333333333,3,563100,assets/product_images/C54YL3487010.jpg,excel_map+downloaded,1.0
C54YM3484010,남성 그로스터 브룩™ 다운 자켓,Ms Gloster Brook™ Down Jacket,,3,3,3.0,3,561176,assets/product_images/C54YM3484010.jpg,excel_map+downloaded,1.0
C64WE0604429,남성 실버 리프 라이트 하이브리드 후디드 인슐레이션 자켓,Silver Leaf Lite Hooded Jacket,,3,3,1.6666666666666665,3,559740,assets/product_images/C64WE0604429.jpg,styleship_cdn_pattern+downloaded,1.0
C52WR8142010,여성 파라큐티™ 자켓,Paracutie™ Windbreaker,,4,4,3.25,5,556500,https://assetscdn49.styleship.com/assets/columbia/data/ProductImages/a/4/C52WR8142010.jpg,styleship_cdn_pattern,1.0
C66YE6448010,남성 트랜스 트레일 워터프루프,TRANS TRAIL WATERPROOF,,4,4,2.25,4,554900,assets/product_images/C66YE6448010.jpg,excel_map+downloaded,1.0
C64YM8578010,남성 니나 트레일 인슐레이션 스트레이트 팬츠,M's Nina Trail Insulation Straight Pants,,4,4,3.75,4,548120,assets/product_images/C64YM8578010.jpg,excel_map+downloaded,1.0
C52XE4919257,남성 아덴 폴즈 팬츠,Arden Falls™ Pant,,9,9,2.111111111111111,9,547470,assets/product_images/C52XE4919257.jpg,styleship_cdn_pattern+downloaded,1.0
C56YU4947247,공용 스노우피아 처카 옴니테크,SNOWPIA™ CHUKKA OMNI-TECH™,,6,6,3.8333333333333335,6,547260,assets/product_images/C56YU4947247.jpg,excel_map+downloaded,1.0
C46BK4552305,여성 뉴튼릿지 플러스 와이드핏,NEWTON RIDGE™ PLUS WATERPROOF AMPED WIDE,,9,8,2.7777777777777772,9,547060,assets/product_images/C46BK4552305.jpg,styleship_cdn_pattern+downloaded,0.8888888888888888
C72XE9962027,남성 라이트 캐논 소프트쉘 자켓,Light Canyon Soft Shell Jacket,,1,1,0.0,4,546000,https://assetscdn49.styleship.com/assets/columbia/data/ProductImages/a/4/C72XE9962027.jpg,styleship_cdn_pattern,1.0
C63YM6565160,[추영우 착용] 남성 제리 코브 크루 티셔츠,M's Jerry Cove Crew,,10,10,2.3,10,544949,https://assetscdn49.styleship.com/assets/columbia/data/ProductImages/a/4/C63YM6565160.jpg,styleship_cdn_pattern,1.0
C54AE4498464,남성 헬베시아 II 프린티드 하프스냅 플리스 아노락,Helvetia™ II Printed Half Snap Fleece,,7,6,2.714285714285714,7,542900,assets/product_images/C54AE4498464.jpg,styleship_cdn_pattern+downloaded,0.8571428571428571
C61YM7591348,공용 365 마운틴 긴팔 셔켓,M's 365 Mountain Shirts Jacket,,4,4,2.5,4,542530,assets/product_images/C61YM7591348.jpg,excel_map+downloaded,1.0
C64YM3586010,남성 브릿지 힐 라이트웨이트 자켓,M's Bridge Hill Lightweight Jacket,,3,3,3.333333333333333,3,540600,assets/product_images/C64YM3586010.jpg,excel_map+downloaded,1.0
C66UU4597010,공용 트리플 캐니언 24L 백팩,Triple Canyon 24L Backpack,,1,1,0.0,4,540000,assets/product_images/C66UU4597010.jpg,excel_map+downloaded,1.0
C51AM5287027,남성 랜드로머 카고 셔츠,Landroamer™ Cargo Shirt,,10,10,2.0999999999999996,10,538530,assets/product_images/C51AM5287027.jpg,styleship_cdn_pattern+downloaded,1.0
C54WE5258043,남성 알틱 크레스트 경량 다운자켓,Arctic Crest™ Down Jacket,,3,3,3.0,3,538500,https://assetscdn49.styleship.com/assets/columbia/data/ProductImages/a/4/C54WE5258043.jpg,styleship_cdn_pattern,1.0
C65BL7763278,여성 몬트레일 트리니티 AG 2,MONTRAIL TRINITY AG II,,5,5,1.4,5,537300,assets/product_images/C65BL7763278.jpg,styleship_cdn_pattern+downloaded,1.0
C61WE5801464,남성 헤더 캐논 II 스트레치 자켓,Heather Canyon II Jacket,,5,4,1.4285714285714286,8,534300,https://assetscdn49.styleship.com/assets/columbia/data/ProductImages/a/4/C61WE5801464.jpg,styleship_cdn_pattern,0.8
C56BI7306278,남성 벤슨 와이드핏,BENSON™ WIDE,,5,5,2.8,5,533260,assets/product_images/C56BI7306278.jpg,excel_map+downloaded,1.0
C54YL1481010,여성 체리 크레스트 다운 베스트,Ws Cherry Crest™ Down Vest,,4,3,2.25,4,532860,https://assetscdn49.styleship.com/assets/columbia/data/ProductImages/a/4/C54YL1481010.jpg,styleship_cdn_pattern,0.75
C56YM0696027,공용 다운 투 다크 트래퍼,Dawn-to-Dark™Ⅱ TRAPPER,,11,10,2.5454545454545454,11,532640,assets/product_images/C56YM0696027.jpg,styleship_cdn_pattern+downloaded,0.9090909090909091
C55BL2858082,여성 코노스 TRS,KONOS™ TRS,,6,6,4.166666666666667,6,532350,assets/product_images/C55BL2858082.jpg,styleship_cdn_pattern+downloaded,1.0
C55YU5270292,남성 호쏜 레인 로우 옴니테크 스니커즈,HAWTHORNE™ RAIN LO OMNI-TECH™,,6,6,4.0,6,531180,assets/product_images/C55YU5270292.jpg,styleship_cdn_pattern+downloaded,1.0
C62YM3521346,[추영우 착용] 남성 보이어 하이크 경량 바람막이 패커블 자켓,M's Boyer Hike Jacket,,5,5,2.0,5,529200,https://assetscdn49.styleship.com/assets/columbia/data/ProductImages/a/4/C62YM3521346.jpg,styleship_cdn_pattern,1.0
C55YU6327452,공용 호쏜 레인 로우 방수 스니커즈,HAWTHORNE™ RAIN LO,,5,5,3.4,6,528500,assets/product_images/C55YU6327452.jpg,styleship_cdn_pattern+downloaded,1.0
C66BI0652014,남성 크레스트우드 미드 워터프루프 와이드핏,CRESTWOOD MID WATERPROOF WIDE,,4,4,2.5,4,527300,assets/product_images/C66BI0652014.jpg,excel_map+downloaded,1.0
C54YL3471010,여성 스노우 타워 레이크™ 다운 자켓,Ws Snow Tower Lake™ Down Jacket,,3,3,6.333333333333333,3,527040,assets/product_images/C54YL3471010.jpg,excel_map+downloaded,1.0
C54WE2476225,남성 스트릿 트래커 2.0 인터체인지 자켓,Street Trekker™ 2.0 Interchange Jacket,,1,1,7.0,1,526890,assets/product_images/C54WE2476225.jpg,styleship_cdn_pattern+downloaded,1.0
C64YM8582011,남성 커렌트 코브 테이퍼드 팬츠,M's Current Cove Tapered Pants,,4,4,1.75,4,524830,https://assetscdn49.styleship.com/assets/columbia/data/ProductImages/a/4/C64YM8582011.jpg,styleship_cdn_pattern,1.0
C66YU0154273,공용 헤이지 저니 2 워터프루프,HAZY JOURNEY II WATERPROOF,,5,5,1.8,5,524600,https://assetscdn49.styleship.com/assets/columbia/data/ProductImages/a/4/C66YU0154273.jpg,styleship_cdn_pattern,1.0
C54YM3483366,남성 빅토리아 루프 롱 다운 자켓,Ms Victoria Loop™ Long Down Jacket,,2,2,4.0,2,523530,assets/product_images/C54YM3483366.jpg,excel_map+downloaded,1.0
C56BL7763278,여성 몬트레일 트리니티 AG 2,MONTRAIL™ TRINITY™ AG II,,4,3,0.0,4,521370,https://assetscdn49.styleship.com/assets/columbia/data/ProductImages/a/4/C56BL7763278.jpg,styleship_cdn_pattern,0.75
C55BM8043278,남성 쓰라이브 리바이브 슬라이드,THRIVE™ REVIVE,,9,8,4.888888888888889,13,519950,https://assetscdn49.styleship.com/assets/columbia/data/ProductImages/a/4/C55BM8043278.jpg,styleship_cdn_pattern,0.8888888888888888
C54WE4714257,공용 하이크바운드 인터체인지 자켓,Hikebound™ II Interchange Jacket,,4,4,1.0,4,518690,assets/product_images/C54WE4714257.jpg,styleship_cdn_pattern+downloaded,1.0
C51WE2939010,남성 아웃드라이 익스트림™ 와일드우드 방수 자켓,OutDry Extreme™ Wyldwood™ Shell,,2,2,3.5,2,518000,https://assetscdn49.styleship.com/assets/columbia/data/ProductImages/a/4/C51WE2939010.jpg,styleship_cdn_pattern,1.0
C61XE2738028,남성 글레시얼 비스타 긴팔 쿨링 셔츠,Glacial Vista Long Sleeve Shirt,,5,5,3.2,6,516790,assets/product_images/C61XE2738028.jpg,excel_map+downloaded,1.0
C52XE8841370,남성 콜드 베이 대쉬 숏 반팔 라운드 티셔츠,Cold Bay Dash™ Short Sleeve Tee,,13,13,3.1538461538461537,13,516680,assets/product_images/C52XE8841370.jpg,styleship_cdn_pattern+downloaded,1.0
C54YM3471010,남성 스노우 타워 레이크™ 다운 자켓,Ms Snow Tower Lake™ Down Jacket,,3,3,2.666666666666667,3,515350,assets/product_images/C54YM3471010.jpg,excel_map+downloaded,1.0
C63PM0537659,[요나스 컬렉션] 공용 레이크 투 에비뉴 그래픽 반팔 티셔츠,Lake To Avenue Graphic Ss Tee,,10,10,3.2,10,515130,assets/product_images/C63PM0537659.jpg,styleship_cdn_pattern+downloaded,1.0
C56BM8261008,남성 뉴튼릿지 베이스캠프,NEWTON RIDGE™ BC,,5,5,2.2,5,514400,assets/product_images/C56BM8261008.jpg,excel_map+downloaded,1.0
C55YL7787271,[공식몰 단독] 여성 쓰라이브 리바이브 샌들,THRIVE™ REVIVE SHANDAL,,6,5,1.6666666666666667,6,512630,assets/product_images/C55YL7787271.jpg,styleship_cdn_pattern+downloaded,0.8333333333333334
C54XR9829010,여성 타임 투 트레일™ 옴니히트™ 팬츠,W Time to Trail™ Omni-Heat™ Pant,,6,6,4.333333333333334,6,512130,assets/product_images/C54XR9829010.jpg,styleship_cdn_pattern+downloaded,1.0
C65BM0423011,남성 쓰라이브 리바이브 클로그,THRIVE REVIVE CLOG,,11,11,2.909090909090909,11,512000,assets/product_images/C65BM0423011.jpg,styleship_cdn_pattern+downloaded,1.0
C53FM6882011,남성 PFG 언차티드™ 팬츠,PFG Unted™ Pant,,4,2,3.25,9,511000,https://assetscdn49.styleship.com/assets/columbia/data/ProductImages/a/4/C53FM6882011.jpg,styleship_cdn_pattern,0.5
C54AE3788075,남성 마블 캐니언™ 오버레이 후디 티셔츠,Marble Canyon™ Overlay Hoodie,,10,10,3.8,10,509100,assets/product_images/C54AE3788075.jpg,styleship_cdn_pattern+downloaded,1.0
C56YU0694010,공용 스트림 투 포크 플리스 리버서블 트래퍼,Stream to Fork™ Fleece Trapper,,11,11,2.5833333333333335,12,508700,assets/product_images/C56YU0694010.jpg,excel_map+downloaded,1.0
C65BM7763278,남성 몬트레일 트리니티 AG 2,MONTRAIL TRINITY AG II,,4,4,3.75,4,503600,assets/product_images/C65BM7763278.jpg,styleship_cdn_pattern+downloaded,1.0
C66YU0368010,공용 더글라스 패스 30L 백팩,DUGLAS PASS 30 BACKPACK,,6,3,2.0,6,500860,assets/product_images/C66YU0368010.jpg,excel_map+downloaded,0.5
C44AE8545278,공용 헬베시아 플리스 베스트,Helvetia™ Vest,,10,7,2.9090909090909096,11,500060,assets/product_images/C44AE8545278.jpg,styleship_cdn_pattern+downloaded,0.7
C62XE3513431,남성 글레시얼 비스타 그래픽 티셔츠,Glacial Vista Graphic Tee,,11,11,3.3636363636363633,12,499420,https://assetscdn49.styleship.com/assets/columbia/data/ProductImages/a/4/C62XE3513431.jpg,styleship_cdn_pattern,1.0
C62AE5806028,남성 샤프 캐니언 팬츠,Sharpe Canyon Pant,,5,5,1.4,5,497740,https://assetscdn49.styleship.com/assets/columbia/data/ProductImages/a/4/C62AE5806028.jpg,styleship_cdn_pattern,1.0
C64AE5780010,공용 헬베시아 II 하프스냅 플리스 풀오버,Helvetia II Half Snap Fleece,,8,8,2.666666666666667,10,495380,assets/product_images/C64AE5780010.jpg,excel_map+downloaded,1.0
C61YM7591466,공용 365 마운틴 긴팔 셔켓,365 Mountain Shirts Jacket,,4,4,2.0,4,494300,assets/product_images/C61YM7591466.jpg,excel_map+downloaded,1.0
C53AP3450010,여성 시커™ 레전드 2.0 티셔츠,Seeker™ Legend 2.0 LS Tee,,17,17,3.764705882352941,17,493800,assets/product_images/C53AP3450010.jpg,excel_map+downloaded,1.0
C64YL8578010,여성 클로버 폴스 스트레이트 라이닝 팬츠,W's Clover Falls Lining Straight Pants,,4,4,1.5,4,493690,https://assetscdn49.styleship.com/assets/columbia/data/ProductImages/a/4/C64YL8578010.jpg,styleship_cdn_pattern,1.0
C55BI5371241,남성 크레스트우드 미드 워터프루프 와이드핏,CRESTWOOD MID WATERPROOF,,5,4,3.8,5,491910,assets/product_images/C55BI5371241.jpg,styleship_cdn_pattern+downloaded,0.8
C53YM3452278,공용 베이스 포레스트™ 방수 자켓,Bays Forest™ Jacket,,3,3,3.3333333333333335,3,490372,https://assetscdn49.styleship.com/assets/columbia/data/ProductImages/a/4/C53YM3452278.jpg,styleship_cdn_pattern,1.0
C61XE2738227,남성 글레시얼 비스타 긴팔 쿨링 셔츠,Glacial Vista Long Sleeve Shirt,,2,2,1.6666666666666667,6,487730,assets/product_images/C61XE2738227.jpg,excel_map+downloaded,1.0
C54AE5780366,남성 헬베시아 II 하프스냅 플리스 아노락,Helvetia™ II Half Snap Fleece,,9,9,3.3333333333333335,9,487700,assets/product_images/C54AE5780366.jpg,excel_map+downloaded,1.0
C54YM8487010,남성 로터리 릿지™ 라이닝 조거 팬츠,Ms Lottery Ridge™ Lining Jogger Pants,,4,4,5.25,4,487550,assets/product_images/C54YM8487010.jpg,excel_map+downloaded,1.0
C52AE5590278,남성 타이타늄 서크 리버 라운드 티셔츠,Cirque River™ LS Crew,,10,10,1.1,10,484330,https://assetscdn49.styleship.com/assets/columbia/data/ProductImages/a/4/C52AE5590278.jpg,styleship_cdn_pattern,1.0
C55YU5270349,공용 호쏜 레인 로우 옴니테크 방수 스니커즈,HAWTHORNE™ RAIN LO OMNI-TECH™,,6,6,2.3333333333333335,6,483810,assets/product_images/C55YU5270349.jpg,styleship_cdn_pattern+downloaded,1.0
C54PM0384010,[BLACK LABEL] 남성 윌킨슨 생츄어리 피크™ 풀집 스웻 자켓,Wilkinson Sanctuary Peak™ Full Zip Sweat,,3,3,1.75,5,483680,https://assetscdn49.styleship.com/assets/columbia/data/ProductImages/a/4/C54PM0384010.jpg,styleship_cdn_pattern,1.0
C75BM7473010,[추영우 착용] 남성 코노스 트릴리움 ATR 트레일 러닝화,KONOS TRILLIUM ATR,,3,3,3.0,3,483080,assets/product_images/C75BM7473010.jpg,excel_map+downloaded,1.0
C54YM3489435,남성 밸리 투 패스™ 헤비 다운 자켓,Ms Valley to Pass™ Down Jacket,,2,2,4.0,2,483040,https://assetscdn49.styleship.com/assets/columbia/data/ProductImages/a/4/C54YM3489435.jpg,styleship_cdn_pattern,1.0
C64YM8576028,남성 혹킹 림 인슐레이션 스트레이트 팬츠,M's Hocking Rim Insulation Straight Pants,,4,4,3.75,4,482210,https://assetscdn49.styleship.com/assets/columbia/data/ProductImages/a/4/C64YM8576028.jpg,styleship_cdn_pattern,1.0
C64YM7587211,남성 다트 포레스트 코듀로이 셔츠,M's Dart Forest Corduroy Shirts,,4,4,3.75,4,480870,assets/product_images/C64YM7587211.jpg,excel_map+downloaded,1.0
C61XE5850022,[추영우 착용] 공용 센트릴리엄 2.5 레이어 방수 자켓,Centrillium Jacket,,3,3,3.3333333333333335,3,480600,assets/product_images/C61XE5850022.jpg,excel_map+downloaded,1.0
C44AE2155460,[공식몰 단독] 공용 백볼™ 리마스터드 플리스 자켓,Backbowl™ Remastered Fleece,,7,7,3.2857142857142856,7,480080,assets/product_images/C44AE2155460.jpg,styleship_cdn_pattern+downloaded,1.0
C62YM4536010,[추영우 착용] 남성 스토니 레이크 OFZ 아이스플러스 셋업 팬츠,M's Stony Lake OFZ ICE+ Set Up Pants,,6,6,2.3333333333333335,6,479820,https://assetscdn49.styleship.com/assets/columbia/data/ProductImages/a/4/C62YM4536010.jpg,styleship_cdn_pattern,1.0
C52XE4476010,남성 제로 아이스 시에로-쿨 폴로 반팔 티셔츠,Zero Ice Cirro-Cool™ Polo,,9,9,3.7777777777777777,9,479290,assets/product_images/C52XE4476010.jpg,styleship_cdn_pattern+downloaded,1.0
C62XE1652010,공용 리드 아일랜드 쇼츠,Reed Island Short,,12,12,2.666666666666667,12,478060,https://assetscdn49.styleship.com/assets/columbia/data/ProductImages/a/4/C62XE1652010.jpg,styleship_cdn_pattern,1.0
C65BI9168010,남성 픽프릭 러쉬 아웃드라이 와이드,PEAKFREAK RUSH OUTDRY WIDE,,4,3,4.25,4,477600,assets/product_images/C65BI9168010.jpg,excel_map+downloaded,0.75
C54WR9293224,여성 롱혼 릿지 리버서블 셔켓,Longhorn Ridge™ Reversible Shirt Jacket,,5,5,3.1999999999999997,5,477470,assets/product_images/C54WR9293224.jpg,styleship_cdn_pattern+downloaded,1.0
C53XM9968010,[스타워즈] 공용 베이더 후디 티셔츠,VADER™ Hoodie,,2,2,0.6666666666666666,3,477000,https://assetscdn49.styleship.com/assets/columbia/data/ProductImages/a/4/C53XM9968010.jpg,styleship_cdn_pattern,1.0
C56YU4947010,공용 스노우피아 처카 옴니테크,SNOWPIA™ CHUKKA OMNI-TECH™,,5,4,0.4,5,476700,https://assetscdn49.styleship.com/assets/columbia/data/ProductImages/a/4/C56YU4947010.jpg,styleship_cdn_pattern,0.8
C62AE9267010,공용 코브 비치 팬츠,Cove Beach Pant,,7,6,3.571428571428571,7,476000,assets/product_images/C62AE9267010.jpg,excel_map+downloaded,0.8571428571428571
C54XL5603193,[DISNEY] 여성 미키와 친구들 하프 스냅 플리스,W CSC X Disney Mickey & Friends Half Snap Fleece,,4,3,2.0,4,476000,assets/product_images/C54XL5603193.jpg,styleship_cdn_pattern+downloaded,0.75
C62PM0855010,[BLACK LABEL] 남성 더글러스 볼 반팔 셔츠,Douglas Ball S/S Shirt,,4,4,2.25,4,474000,https://assetscdn49.styleship.com/assets/columbia/data/ProductImages/a/4/C62PM0855010.jpg,styleship_cdn_pattern,1.0
C56YM1086247,남성 플라토 벤쳐 워터프루프 보아,PLATEAU VENTURE WP BOA,,4,4,4.5,4,473700,assets/product_images/C56YM1086247.jpg,excel_map+downloaded,1.0
C65BM1935010,남성 PFG 프로 스포츠 부츠,PFG PRO SPORT BOOT,,5,5,3.6,5,473200,assets/product_images/C65BM1935010.jpg,excel_map+downloaded,1.0
C56YU9904607,공용 니들 락 데쉬™ 3단 듀얼스틱,NEEDLE ROCK DASH™ 3 STICK,,5,5,3.0,6,472600,https://assetscdn49.styleship.com/assets/columbia/data/ProductImages/a/4/C56YU9904607.jpg,styleship_cdn_pattern,1.0
C72XE9962010,남성 라이트 캐논 소프트쉘 자켓,Light Canyon Soft Shell Jacket,,2,2,0.0,4,466600,https://assetscdn49.styleship.com/assets/columbia/data/ProductImages/a/4/C72XE9962010.jpg,styleship_cdn_pattern,1.0
C63FM3447011,남성 PFG 바하마 엘리트 긴팔 셔츠,Bahama Elite LS Shirt,,5,4,2.4,5,463840,https://assetscdn49.styleship.com/assets/columbia/data/ProductImages/a/4/C63FM3447011.jpg,styleship_cdn_pattern,0.8
C54YM3486010,남성 그레타 에비뉴™ 다운 자켓,Ms Greta Avenue™ Down Jacket,,4,4,2.5,4,463220,assets/product_images/C54YM3486010.jpg,excel_map+downloaded,1.0
C55YU5270469,공용 호쏜 레인 로우 옴니테크 방수 스니커즈,HAWTHORNE™ RAIN LO OMNI-TECH™,,7,7,5.428571428571429,7,462920,assets/product_images/C55YU5270469.jpg,styleship_cdn_pattern+downloaded,1.0
C54YM8473010,남성 먼데이 하버™ 스트레이트 팬츠,Ms Monday Harbor™ Straight Pants,,4,4,4.0,4,462160,https://assetscdn49.styleship.com/assets/columbia/data/ProductImages/a/4/C54YM8473010.jpg,styleship_cdn_pattern,1.0
C63AE5846010,남성 ROC 테크 5 포켓 팬츠,ROC Tech 5 Pocket Pant,,5,5,5.6000000000000005,6,461740,assets/product_images/C63AE5846010.jpg,styleship_cdn_pattern+downloaded,1.0
C53AE9081084,남성 왈로와™ 플리스 스웨트팬츠,Wallowa™ Fleece Sweatpant,,9,8,3.0,9,461710,assets/product_images/C53AE9081084.jpg,styleship_cdn_pattern+downloaded,0.8888888888888888
C54FO9344316,남성 PFG 언차티드™ 플리스 자켓,PFG Unted™ Fleece Full Zip,,6,5,3.1428571428571432,7,460480,https://assetscdn49.styleship.com/assets/columbia/data/ProductImages/a/4/C54FO9344316.jpg,styleship_cdn_pattern,0.8333333333333334
C54YM8496211,남성 하이크 보울 코브™ 플리스 조거 팬츠,Ms Hike Bowl Cove™ Fleece Jogger Pants,,5,5,1.8,5,459340,assets/product_images/C54YM8496211.jpg,excel_map+downloaded,1.0
C54YM3489299,남성 밸리 투 패스™ 헤비 다운 자켓,Ms Valley to Pass™ Down Jacket,,2,1,7.0,2,459000,assets/product_images/C54YM3489299.jpg,excel_map+downloaded,0.5
C64WE5258010,남성 아틱 크레스트 경량 구스 다운자켓,Arctic Crest Down Jacket,,2,2,4.5,2,454060,assets/product_images/C64WE5258010.jpg,styleship_cdn_pattern+downloaded,1.0
C51YL3413010,여성 리틀 그레이 패스™ 인슐레이션 자켓,Ws Little Grey Pass™ Insulation Jacket,,4,4,2.25,4,453705,https://assetscdn49.styleship.com/assets/columbia/data/ProductImages/a/4/C51YL3413010.jpg,styleship_cdn_pattern,1.0
C55BL8043010,여성 쓰라이브 리바이브 슬라이드,THRIVE™ REVIVE,,11,10,3.454545454545455,11,450720,https://assetscdn49.styleship.com/assets/columbia/data/ProductImages/a/4/C55BL8043010.jpg,styleship_cdn_pattern,0.9090909090909091
C54YL3496249,여성 하이크 보울 코브™ 플리스 자켓,Ws Hike Bowl Cove™ Fleece Jacket,,4,4,5.0,4,444890,assets/product_images/C54YL3496249.jpg,excel_map+downloaded,1.0
C66YU2743256,공용 옐로우테일 쇼티 워터프루프 옴니히트,YELLOWTAIL SHORTY WP OH,,4,4,3.5,4,444600,assets/product_images/C66YU2743256.jpg,styleship_cdn_pattern+downloaded,1.0
C52AE9642011,남성 아이스 레이크 라운드 반팔 티셔츠,Ice Lake™ II SS Tee,,11,11,3.272727272727273,11,444040,assets/product_images/C52AE9642011.jpg,styleship_cdn_pattern+downloaded,1.0
C54AE5780191,남성 헬베시아 II 하프스냅 플리스 아노락,Helvetia™ II Half Snap Fleece,,8,8,1.375,9,442780,assets/product_images/C54AE5780191.jpg,excel_map+downloaded,1.0
C52AM3912278,남성 페인티드 피크 반팔 셔츠,Painted Peak™ Woven SS Top,,7,7,3.8571428571428568,7,441140,https://assetscdn49.styleship.com/assets/columbia/data/ProductImages/a/4/C52AM3912278.jpg,styleship_cdn_pattern,1.0
C54YL8496249,여성 하이크 보울 코브™ 플리스 조거 팬츠,Ws Hike Bowl Cove™ Fleece Jogger Pants,,5,5,4.0,5,441080,https://assetscdn49.styleship.com/assets/columbia/data/ProductImages/a/4/C54YL8496249.jpg,styleship_cdn_pattern,1.0
C54WM3476010,공용 파우더케그 인터체인지 봄버 자켓,Powderkeg™ II Remastered Interchange,,2,2,3.5,2,440740,assets/product_images/C54WM3476010.jpg,styleship_cdn_pattern+downloaded,1.0
C56YU0154433,[공식몰 단독] 공용 헤이지 저니 2 워터프루프 방수 스니커즈,HAZY JOURNEY II WATERPROOF,,5,5,3.4,5,440160,assets/product_images/C56YU0154433.jpg,excel_map+downloaded,1.0
C66BM4131247,[추영우 착용] 남성 픽프릭 러쉬 아웃드라이 미드,PEAKFREAK RUSH MID OUTDRY,,3,2,3.6666666666666665,3,438900,assets/product_images/C66BM4131247.jpg,excel_map+downloaded,0.6666666666666666
C61YM6506439,남성 캐니 코브 크루,M's Caney Cove Crew,,7,6,1.857142857142857,7,438370,https://assetscdn49.styleship.com/assets/columbia/data/ProductImages/a/4/C61YM6506439.jpg,styleship_cdn_pattern,0.8571428571428571
C63AE8947366,남성 ROC 테크 카고 팬츠,ROC Tech Cargo Pant,,4,4,2.75,4,437860,https://assetscdn49.styleship.com/assets/columbia/data/ProductImages/a/4/C63AE8947366.jpg,styleship_cdn_pattern,1.0
C51WE2636011,남성 페인티드 피크 윈드 바지,Painted Peak™ Wind Pant,,9,9,2.7777777777777777,9,436910,assets/product_images/C51WE2636011.jpg,styleship_cdn_pattern+downloaded,1.0
C64AE4498491,[공식몰 단독] 공용 헬베시아 II 프린티드 하프스냅 플리스 풀오버,Helvetia II Printed Half Snap Fleece,,6,6,2.166666666666667,6,435880,assets/product_images/C64AE4498491.jpg,styleship_cdn_pattern+downloaded,1.0
C62YM6596024,공용 엔조이 365 그래픽 반팔 라운드티,Enjoy 365 Graphic SS Crew,,7,7,2.142857142857143,7,435200,https://assetscdn49.styleship.com/assets/columbia/data/ProductImages/a/4/C62YM6596024.jpg,styleship_cdn_pattern,1.0
C55BM8043010,남성 쓰라이브 리바이브 슬라이드,THRIVE™ REVIVE,,11,7,3.909090909090909,11,434290,assets/product_images/C55BM8043010.jpg,styleship_cdn_pattern+downloaded,0.6363636363636364
C65BK2780008,여성 베다니 와이드핏,BETHANY WIDE,,3,3,5.5,5,433470,https://assetscdn49.styleship.com/assets/columbia/data/ProductImages/a/4/C65BK2780008.jpg,styleship_cdn_pattern,1.0
C63PM0537466,[요나스 컬렉션] 공용 레이크 투 에비뉴 그래픽 반팔 티셔츠,Lake To Avenue Graphic Ss Tee,,10,10,3.1,10,431890,https://assetscdn49.styleship.com/assets/columbia/data/ProductImages/a/4/C63PM0537466.jpg,styleship_cdn_pattern,1.0
C54YM3476010,남성 샷오버 힐™ 경량 패딩 자켓,Ms Shotover Hill™ Insulation Jacket,,3,3,3.0,3,430000,assets/product_images/C54YM3476010.jpg,excel_map+downloaded,1.0
C65BM6243278,남성 몬트레일 트리니티 MX,MONTRAIL TRINITY MX,,3,3,0.3333333333333333,3,426900,assets/product_images/C65BM6243278.jpg,styleship_cdn_pattern+downloaded,1.0
C63AR4742010,여성 브리 폴스 코튼 립스탑 카고 팬츠,Brea Falls Cotton Ripstop Pant,,6,6,1.8333333333333335,6,424640,assets/product_images/C63AR4742010.jpg,styleship_cdn_pattern+downloaded,1.0
C54AE5884010,남성 옴니히트™ 헬릭스 베이스레이어 크루넥 티셔츠,Omni-Heat™ Helix Baselayer Crew,,7,6,2.4285714285714284,9,423000,assets/product_images/C54AE5884010.jpg,styleship_cdn_pattern+downloaded,0.8571428571428571
C56BK9165395,여성 스노우트롯 미드 와이드 부츠,SNOWTROT™ MID WIDE,,4,4,2.5,4,418930,https://assetscdn49.styleship.com/assets/columbia/data/ProductImages/a/4/C56BK9165395.jpg,styleship_cdn_pattern,1.0
C71XE9920464,공용 센트릴리엄 II 3 레이어 방수 자켓,Centrillium II Jacket,,2,2,3.0,2,418600,assets/product_images/C71XE9920464.jpg,excel_map+downloaded,1.0
C72AE5094214,공용 애커 록 컨버터블 팬츠,Acker Rock Convertible Pant,,4,4,3.25,4,418130,assets/product_images/C72AE5094214.jpg,excel_map+downloaded,1.0
C64YM6576160,남성 세컨드 픽 크루,M's Second Peak Crew,,4,4,2.25,4,417110,assets/product_images/C64YM6576160.jpg,excel_map+downloaded,1.0
C65YU2555214,공용 채드윅 니트,CHADWICK KNIT,,5,5,3.666666666666667,6,416500,assets/product_images/C65YU2555214.jpg,excel_map+downloaded,1.0
C65BL6246101,여성 코노스 TRS 아웃드라이,KONOS TRS OUTDRY,,3,3,2.5,4,415800,https://assetscdn49.styleship.com/assets/columbia/data/ProductImages/a/4/C65BL6246101.jpg,styleship_cdn_pattern,1.0
C54YL8473010,여성 먼데이 하버™ 스트레이트 팬츠,W's Monday Harbor™ Lining Stright Pants,,4,4,2.75,4,415030,assets/product_images/C54YL8473010.jpg,excel_map+downloaded,1.0
C54YM3471271,남성 스노우 타워 레이크™ 다운 자켓,Ms Snow Tower Lake™ Down Jacket,,2,2,3.0,2,413950,https://assetscdn49.styleship.com/assets/columbia/data/ProductImages/a/4/C54YM3471271.jpg,styleship_cdn_pattern,1.0
C45YL5489102,여성 픽프릭2 아웃드라이 보아,PEAKFREAK™ II OUTDRY™ BOA,,4,4,1.5,4,413300,assets/product_images/C45YL5489102.jpg,styleship_cdn_pattern+downloaded,1.0
C56XU6343010,[STAR WARS] 공용 베이더 크로스 백,VADER™ Crossbody Bag,,5,5,1.8,6,413150,https://assetscdn49.styleship.com/assets/columbia/data/ProductImages/a/4/C56XU6343010.jpg,styleship_cdn_pattern,1.0
C54YM3473278,남성 클라이브 레이크 Ⅱ 다운 자켓,Ms Clive Lake™ Ⅱ Down Jacket,,1,1,3.0,1,411400,assets/product_images/C54YM3473278.jpg,excel_map+downloaded,1.0
C51WE3507010,남성 앰플리 드라이™ 방수 2.5L 자켓,Ampli-Dry™ II Shell,,3,3,3.666666666666667,3,410470,assets/product_images/C51WE3507010.jpg,styleship_cdn_pattern+downloaded,1.0
C54YL3496010,여성 하이크 보울 코브™ 플리스 자켓,Ws Hike Bowl Cove™ Fleece Jacket,,4,4,0.75,4,407840,assets/product_images/C54YL3496010.jpg,excel_map+downloaded,1.0
C53WE2939010,남성 아웃드라이 익스트림™ 와일드우드 방수 자켓,OutDry Extreme™ Wyldwood™ Shell,,3,3,3.6666666666666665,3,407000,https://assetscdn49.styleship.com/assets/columbia/data/ProductImages/a/4/C53WE2939010.jpg,styleship_cdn_pattern,1.0
C52YL8427010,여성 밸리 투 뷰트™ 아이스 팬츠,Ws Valley to Butte™ OFZ ICE+ Tapered Pants,,5,5,6.2,5,404270,https://assetscdn49.styleship.com/assets/columbia/data/ProductImages/a/4/C52YL8427010.jpg,styleship_cdn_pattern,1.0
C54PM0411191,[BLACK LABEL] 남성 리틀 그레이 릿지™ 리버서블 플리스 자켓,Little Grey Ridge™ Jacket,,3,2,5.333333333333333,3,403500,https://assetscdn49.styleship.com/assets/columbia/data/ProductImages/a/4/C54PM0411191.jpg,styleship_cdn_pattern,0.6666666666666666
C64YM3579010,공용 컬럼비아 락 롱 다운 자켓,M's Columbia Rock Long Down Jacket,,1,1,0.0,1,399500,assets/product_images/C64YM3579010.jpg,excel_map+downloaded,1.0
C54YM3488011,남성 왈라 왈라 대쉬™ 다운 자켓,Ms Walla Walla Dash™ Down Jacket,,2,2,2.5,2,399000,assets/product_images/C54YM3488011.jpg,excel_map+downloaded,1.0
C65YL0199050,여성 이스케이프 쓰라이브 울트라 아웃드라이 보아2,ESCAPE THRIVE ULTRA OUTDRY BOA II,,3,3,5.333333333333333,3,398960,assets/product_images/C65YL0199050.jpg,styleship_cdn_pattern+downloaded,1.0
C52XO3600213,남성 블루스템 7부 팬츠,Bluestem™ Knee Pant,,9,9,5.111111111111112,9,398630,assets/product_images/C52XO3600213.jpg,styleship_cdn_pattern+downloaded,1.0
C65YU0367010,공용 레드우드 35L 백팩,REDWOOD35 BACKPACK,,3,3,3.0,3,397500,assets/product_images/C65YU0367010.jpg,excel_map+downloaded,1.0
C52WR8142191,여성 파라큐티™ 윈드브레이커 자켓,Paracutie™ Windbreaker,,4,4,4.2,5,397500,https://assetscdn49.styleship.com/assets/columbia/data/ProductImages/a/4/C52WR8142191.jpg,styleship_cdn_pattern,1.0
C56PU8732719,공용 그레이트 스모키 가든 바디백,Great Smoky Garden™ Body bag,,3,3,2.6666666666666665,12,395300,https://assetscdn49.styleship.com/assets/columbia/data/ProductImages/a/4/C56PU8732719.jpg,styleship_cdn_pattern,1.0
C54WR3753010,여성 스트릿 트래커 2.0 인터체인지 자켓,Street Trekker™ 2.0 Interchange Jacket,,1,1,4.0,1,395000,https://assetscdn49.styleship.com/assets/columbia/data/ProductImages/a/4/C54WR3753010.jpg,styleship_cdn_pattern,1.0
C62YL3595330,여성 엔조이365 방풍 자켓,W’s Enjoy 365 Wind Jacket,,3,3,4.333333333333333,3,394730,https://assetscdn49.styleship.com/assets/columbia/data/ProductImages/a/4/C62YL3595330.jpg,styleship_cdn_pattern,1.0
C46BM6578063,남성 몬트레일 트리니티 FKT,MONTRAIL TRINITY FKT,,4,4,1.25,4,394200,assets/product_images/C46BM6578063.jpg,styleship_cdn_pattern+downloaded,1.0
C62YL6534105,여성 스콧 리버 OFZI+ 크루,W's Scotts River OFZI+ Crew,,9,8,3.2222222222222223,9,393680,https://assetscdn49.styleship.com/assets/columbia/data/ProductImages/a/4/C62YL6534105.jpg,styleship_cdn_pattern,0.8888888888888888
C56YM0696231,공용 다운 투 다크 트래퍼,Dawn-to-Dark™Ⅱ TRAPPER,,7,6,2.9999999999999996,7,393290,assets/product_images/C56YM0696231.jpg,styleship_cdn_pattern+downloaded,0.8571428571428571
C64WE4925278,남성 하이 캐스케이드 셔츠 자켓,High Cascades Shirt Jacket,,3,3,4.333333333333333,3,392860,https://assetscdn49.styleship.com/assets/columbia/data/ProductImages/a/4/C64WE4925278.jpg,styleship_cdn_pattern,1.0
C62YM6525346,[추영우 착용] 남성 다나 코브 OFZ ICE+ 크루 티셔츠,M's Dana Cove OFZ ICE+ Crew,,6,6,3.8333333333333335,6,392230,https://assetscdn49.styleship.com/assets/columbia/data/ProductImages/a/4/C62YM6525346.jpg,styleship_cdn_pattern,1.0
C55YM0199105,남성 이스케이프 쓰라이브 울트라 아웃드라이 보아2,ESCAPE™ THRIVE ULTRA™ OUTDRY™ BOA II,,3,3,4.666666666666667,3,390290,https://assetscdn49.styleship.com/assets/columbia/data/ProductImages/a/4/C55YM0199105.jpg,styleship_cdn_pattern,1.0
C45YU5529100,공용 호쏜 레인 로우 III,HAWTHORNE™ RAIN LO III WATERPROOF,,8,7,3.125,8,390000,assets/product_images/C45YU5529100.jpg,styleship_cdn_pattern+downloaded,0.875
C64YM3583035,공용 롤링 콘 롱 다운 자켓,M's Rolling Cone Long Down Jacket,,1,1,7.0,1,389970,https://assetscdn49.styleship.com/assets/columbia/data/ProductImages/a/4/C64YM3583035.jpg,styleship_cdn_pattern,1.0
C64YL3588010,여성 앤 로드 미드 경량 다운 자켓,W's Anne Road Mid Down Jacket,,3,3,4.333333333333334,3,388500,https://assetscdn49.styleship.com/assets/columbia/data/ProductImages/a/4/C64YL3588010.jpg,styleship_cdn_pattern,1.0
C55YU6488430,공용 호쏜 레인 로우 알트 방수 스니커즈,HAWTHORNE™ RAIN LOW ALT,,4,3,2.25,4,388000,assets/product_images/C55YU6488430.jpg,styleship_cdn_pattern+downloaded,0.75
C65BL0341010,여성 픽프릭 러쉬 샌달,PEAKFREAK RUSH SHANDAL,,5,4,2.166666666666667,6,387000,https://assetscdn49.styleship.com/assets/columbia/data/ProductImages/a/4/C65BL0341010.jpg,styleship_cdn_pattern,0.8
C52YM6422397,남성 피나클 투 에비뉴™ OFZ Ice 폴로,Ms Pinnacle to Avenue™ OFZ Ice Polo,,5,5,2.4,5,386100,assets/product_images/C52YM6422397.jpg,styleship_cdn_pattern+downloaded,1.0
C52YM8424048,남성 클린치 레이크™ OFZ ICE+ 팬츠,Ms Clinch Lake™ OFZ ICE+ Pants,,3,3,3.0,3,384750,https://assetscdn49.styleship.com/assets/columbia/data/ProductImages/a/4/C52YM8424048.jpg,styleship_cdn_pattern,1.0
C72AE5094375,공용 애커 록 컨버터블 팬츠,Acker Rock Convertible Pant,,3,3,3.6666666666666665,3,384700,https://assetscdn49.styleship.com/assets/columbia/data/ProductImages/a/4/C72AE5094375.jpg,styleship_cdn_pattern,1.0
C66YU0428010,공용 호버튜버 II 워터프루프,HOVERTUBER II WATERPROOF,,5,5,2.4000000000000004,5,384140,assets/product_images/C66YU0428010.jpg,styleship_cdn_pattern+downloaded,1.0
C64FO8530011,[공식몰 단독] 남성 PFG 언차티드 인슐레이션 아노락,PFG Uncharted II Insulated Anorak,,3,3,2.6666666666666665,3,382300,https://assetscdn49.styleship.com/assets/columbia/data/ProductImages/a/4/C64FO8530011.jpg,styleship_cdn_pattern,1.0
C54YM6482039,남성 밸리 투 패스™ 크루,Ms Valley to Pass™ Crew,,5,5,2.2,5,382120,https://assetscdn49.styleship.com/assets/columbia/data/ProductImages/a/4/C54YM6482039.jpg,styleship_cdn_pattern,1.0
C56BK5371397,여성 크레스트우드 미드 워터프루프 와이드핏,CRESTWOOD™ MID WATERPROOF WIDE,,4,4,2.0,4,380980,assets/product_images/C56BK5371397.jpg,excel_map+downloaded,1.0
C52YL6435626,여성 레이크 투 림 폴로,Ws Lake to Rim™ Polo,,4,3,2.0,9,380540,https://assetscdn49.styleship.com/assets/columbia/data/ProductImages/a/4/C52YL6435626.jpg,styleship_cdn_pattern,0.75
C71YM3590212,남성 365 마운틴 II 3L 방수자켓,M's 365 Mountain II Rain Jacket,,1,1,4.0,1,379530,https://assetscdn49.styleship.com/assets/columbia/data/ProductImages/a/4/C71YM3590212.jpg,styleship_cdn_pattern,1.0
C66CU5879011,공용 인피니티 트레일 바라클라바,Infinity Trail Balaclava,,13,12,3.692307692307692,16,379530,assets/product_images/C66CU5879011.jpg,excel_map+downloaded,0.9230769230769231
C64YL3582010,여성 애플 리버 다운 자켓,W's Apple River Down Jacket,,2,2,5.0,2,379000,assets/product_images/C64YL3582010.jpg,excel_map+downloaded,1.0
C64YL3582211,여성 애플 리버 다운 자켓,W's Apple River Down Jacket,,2,2,4.5,2,379000,https://assetscdn49.styleship.com/assets/columbia/data/ProductImages/a/4/C64YL3582211.jpg,styleship_cdn_pattern,1.0
C51WE4267011,남성 페인티드 피크™ 윈드 자켓,Painted Peak™ Wind Jacket,,7,7,2.285714285714286,7,378780,assets/product_images/C51WE4267011.jpg,styleship_cdn_pattern+downloaded,1.0
C55BM0378012,남성 코노스 TRS 아웃드라이,KONOS™ TRS OUTDRY™,,3,3,2.3333333333333335,3,378000,assets/product_images/C55BM0378012.jpg,styleship_cdn_pattern+downloaded,1.0
C56YE4769039,남성 트랜스트레커 아웃드라이,TRANS TREKKER™ OUTDRY,,4,2,0.5,4,378000,assets/product_images/C56YE4769039.jpg,styleship_cdn_pattern+downloaded,0.5
C62XE3513010,남성 글레시얼 비스타 그래픽 티셔츠,Glacial Vista Graphic Tee,,6,6,1.5,8,377800,assets/product_images/C62XE3513010.jpg,excel_map+downloaded,1.0
C65BM7679202,남성 뉴튼릿지 베이스캠프,NEWTON RIDGE BC NB,,4,4,2.5,4,376500,assets/product_images/C65BM7679202.jpg,styleship_cdn_pattern+downloaded,1.0
C56CM4734278,남성 부가부™ 인터체인지 장갑,Mens Bugaboo™ Interchange Glove,,7,7,2.142857142857143,7,375770,https://assetscdn49.styleship.com/assets/columbia/data/ProductImages/a/4/C56CM4734278.jpg,styleship_cdn_pattern,1.0
C61YL3502160,여성 카우 마운틴 2L 방수 자켓,W's Cow Mountain 2L Jacket,,2,2,3.0,2,375420,https://assetscdn49.styleship.com/assets/columbia/data/ProductImages/a/4/C61YL3502160.jpg,styleship_cdn_pattern,1.0
C51WE4517352,남성 스트리트 트레커 방수 3L 자켓,M Street Trekker™ Jacket 3L,,2,2,3.0,2,374800,https://assetscdn49.styleship.com/assets/columbia/data/ProductImages/a/4/C51WE4517352.jpg,styleship_cdn_pattern,1.0
C55YM8908271,[공식몰 단독] 남성 쓰라이브 리바이브 샌들,THRIVE™ REVIVE SHANDAL,,4,4,2.25,4,372500,assets/product_images/C55YM8908271.jpg,styleship_cdn_pattern+downloaded,1.0
C66BI1209234,남성 크레스트우드 로우 워터프루프 와이드핏,CRESTWOOD WATERPROOF WIDE,,3,3,2.6666666666666665,3,372290,https://assetscdn49.styleship.com/assets/columbia/data/ProductImages/a/4/C66BI1209234.jpg,styleship_cdn_pattern,1.0
C52PM3894010,남성 아이스버그 가든™ 팬츠,Iceberg Garden™ Pant,,3,3,0.3333333333333333,3,371800,https://assetscdn49.styleship.com/assets/columbia/data/ProductImages/a/4/C52PM3894010.jpg,styleship_cdn_pattern,1.0
C63AE5846464,남성 ROC 테크 5 포켓 팬츠,ROC Tech 5 Pocket Pant,,5,5,3.8,5,371700,https://assetscdn49.styleship.com/assets/columbia/data/ProductImages/a/4/C63AE5846464.jpg,styleship_cdn_pattern,1.0
C75YM5970010,남성 쓰라이브 리바이브 맥스 브리즈 메쉬 샌들,THRIVE REVIVE MX BREEZE,,3,3,2.6666666666666665,3,371600,assets/product_images/C75YM5970010.jpg,excel_map+downloaded,1.0
C65PU2409010,공용 스트림 이어폰케이스,Price Stream Earphone Case,,8,7,3.0,46,370900,https://assetscdn49.styleship.com/assets/columbia/data/ProductImages/a/4/C65PU2409010.jpg,styleship_cdn_pattern,0.875
C52FM7047316,공용 PFG 바하마™II 반팔 셔츠,Bahama™ II S/S Shirt,,5,5,2.6,5,370520,assets/product_images/C52FM7047316.jpg,styleship_cdn_pattern+downloaded,1.0
C56BK5371271,여성 크레스트우드 미드 워터프루프 와이드핏,CRESTWOOD MID WATERPROOF,,3,3,1.25,4,370470,assets/product_images/C56BK5371271.jpg,excel_map+downloaded,1.0
C44EE0371460,공용 헬베시아™ 하프 스냅 플리스 티셔츠,Helvetia™ Half Snap Fleece,,7,7,3.5714285714285716,7,370230,https://assetscdn49.styleship.com/assets/columbia/data/ProductImages/a/4/C44EE0371460.jpg,styleship_cdn_pattern,1.0
C52XE4919010,남성 아덴 폴즈 팬츠,Arden Falls™ Pant,,6,6,3.3333333333333335,6,369750,assets/product_images/C52XE4919010.jpg,styleship_cdn_pattern+downloaded,1.0
C52YM6438023,남성 파인즈 투 애비뉴™ 크루,M's Pines to Avenue™ Crew,,8,8,3.0,8,369260,https://assetscdn49.styleship.com/assets/columbia/data/ProductImages/a/4/C52YM6438023.jpg,styleship_cdn_pattern,1.0
C54WE8837010,남성 발리스틱 릿지 인슐레이션 셔켓,Ballistic Ridge™ II Shirt Jacket,,4,3,0.4,5,366960,assets/product_images/C54WE8837010.jpg,excel_map+downloaded,0.75
C55BI5371326,남성 크레스트우드 미드 워터프루프 와이드핏,CRESTWOOD™ MID WATERPROOF WIDE,,4,4,3.5,4,365470,assets/product_images/C55BI5371326.jpg,styleship_cdn_pattern+downloaded,1.0
C71WE0791454,남성 애커 록 트윌 인터체인지 데님 자켓,Acker Rock Twill Interchange Jacket,,2,2,5.5,2,365170,https://assetscdn49.styleship.com/assets/columbia/data/ProductImages/a/4/C71WE0791454.jpg,styleship_cdn_pattern,1.0
C52XO3600010,남성 블루스템 7부 니 팬츠,Bluestem™ Knee Pant,,6,6,3.0,6,364920,https://assetscdn49.styleship.com/assets/columbia/data/ProductImages/a/4/C52XO3600010.jpg,styleship_cdn_pattern,1.0
C54YM3472211,남성 마운틴 후드™ 다운 자켓,Ms MT.Hood™ Down Jacket,,1,1,0.0,1,364770,assets/product_images/C54YM3472211.jpg,excel_map+downloaded,1.0
C62YM6536160,남성 스토니 레이크 OFZ 아이스플러스 셋업 폴로,M's Stony Lake OFZ ICE+ Set Up Polo,,5,5,3.4,5,362910,https://assetscdn49.styleship.com/assets/columbia/data/ProductImages/a/4/C62YM6536160.jpg,styleship_cdn_pattern,1.0
C65YE4769010,남성 트랜스트레커 아웃드라이,TRANS TREKKER OUTDRY WIDE,,3,3,2.0,3,359100,https://assetscdn49.styleship.com/assets/columbia/data/ProductImages/a/4/C65YE4769010.jpg,styleship_cdn_pattern,1.0
C63YM3593416,공용 365 트랙 2L 방수자켓,365 TREK 2L Rain Jacket,,2,2,1.0,2,359000,https://assetscdn49.styleship.com/assets/columbia/data/ProductImages/a/4/C63YM3593416.jpg,styleship_cdn_pattern,1.0
C53XO6631010,[Disney] 공용 미키마우스 아이벡스™ 레인 방수 자켓,CSC x Disney Mickey Mouse Ibex™ Rain Shell,,1,1,2.0,1,359000,assets/product_images/C53XO6631010.jpg,styleship_cdn_pattern+downloaded,1.0
C64WR9847554,[공식몰 단독] 여성 어메이즈 퍼프 후디드 다운자켓,Amaze Puff Hooded Jacket,,2,2,4.5,2,358800,https://assetscdn49.styleship.com/assets/columbia/data/ProductImages/a/4/C64WR9847554.jpg,styleship_cdn_pattern,1.0
C54YL3471271,여성 스노우 타워 레이크™ 다운 자켓,Ws Snow Tower Lake™ Down Jacket,,2,2,5.0,2,358800,https://assetscdn49.styleship.com/assets/columbia/data/ProductImages/a/4/C54YL3471271.jpg,styleship_cdn_pattern,1.0
C64WR9847010,[공식몰 단독] 여성 어메이즈 퍼프 후디드 다운자켓,Amaze Puff Hooded Jacket,,2,2,2.0,2,358800,assets/product_images/C64WR9847010.jpg,styleship_cdn_pattern+downloaded,1.0
C62XE8841371,공용 콜드 베이 대쉬 그래픽 반팔 티셔츠,Cold Bay Dash Short Sleeve Tee,,9,8,3.333333333333333,9,358250,assets/product_images/C62XE8841371.jpg,excel_map+downloaded,0.8888888888888888
C65YE6448010,남성 트랜스 트레일 워터프루프,TRANS TRAIL WATERPROOF,,3,3,2.3333333333333335,3,358000,assets/product_images/C65YE6448010.jpg,excel_map+downloaded,1.0
C66YM0696027,공용 다운 투 다크 트래퍼,Dawn-to-DarkⅡ TRAPPER,,6,6,4.833333333333334,6,357860,assets/product_images/C66YM0696027.jpg,excel_map+downloaded,1.0
C52AE9642027,남성 아이스 레이크 라운드 반팔 티셔츠,Ice Lake™ II SS Tee,,10,10,4.2,10,356760,assets/product_images/C52AE9642027.jpg,styleship_cdn_pattern+downloaded,1.0
C66YU0369010,공용 본레 포레스트 20L 패커블 경량 백팩,Bonre Forest 20L Packable Backpack,,8,8,3.1249999999999996,8,356690,assets/product_images/C66YU0369010.jpg,styleship_cdn_pattern+downloaded,1.0
C56YR0136039,여성 트랜스트레커 아웃드라이,TRANS TREKKER™ OUTDRY,,3,3,2.3333333333333335,3,356590,https://assetscdn49.styleship.com/assets/columbia/data/ProductImages/a/4/C56YR0136039.jpg,styleship_cdn_pattern,1.0
C62AM2590464,남성 유틸라이저 반팔 시어서커 캠프 셔츠,Utilizer SS Camp Shirt,,6,6,4.333333333333334,6,355680,https://assetscdn49.styleship.com/assets/columbia/data/ProductImages/a/4/C62AM2590464.jpg,styleship_cdn_pattern,1.0
C75BI9168096,남성 픽프릭 러쉬 아웃드라이 와이드,PEAKFREAK RUSH OUTDRY WIDE,,3,2,2.0,3,354300,assets/product_images/C75BI9168096.jpg,excel_map+downloaded,0.6666666666666666
C64YL8596010,여성 스톤 데쉬 플리스 스트레이트 팬츠,W's Stone Dash Fleece Straight Pants,,3,3,3.0,3,354230,https://assetscdn49.styleship.com/assets/columbia/data/ProductImages/a/4/C64YL8596010.jpg,styleship_cdn_pattern,1.0
C55BL5371020,여성 크레스트우드 미드 워터프루프,CRESTWOOD™ MID WATERPROOF,,4,4,1.0,4,354170,assets/product_images/C55BL5371020.jpg,styleship_cdn_pattern+downloaded,1.0
C56PU8732010,공용 그레이트 스모키 가든 바디백,Great Smoky Garden™ Body bag,,2,2,2.5,11,354000,https://assetscdn49.styleship.com/assets/columbia/data/ProductImages/a/4/C56PU8732010.jpg,styleship_cdn_pattern,1.0
C64XL8880454,[DISNEY] 여성 디즈니 하프 스냅 플리스 티셔츠,W ColumbiaㅣDISNEY Half Snap,,3,3,4.0,3,353840,assets/product_images/C64XL8880454.jpg,styleship_cdn_pattern+downloaded,1.0
C52WE9484349,[공식몰 단독]남성 루프 트레일 바람막이 방풍 자켓,Loop Trail™ II Windbreaker,,4,4,5.25,4,353750,assets/product_images/C52WE9484349.jpg,styleship_cdn_pattern+downloaded,1.0
C55YU6322212,공용 헤이지 저니 워터프루프,HAZY JOURNEY™ WATERPROOF,,3,3,2.3333333333333335,3,353100,assets/product_images/C55YU6322212.jpg,styleship_cdn_pattern+downloaded,1.0
C54AR3793224,여성 클라우드 포인트™ 스냅 플리스 자켓,Cloud Point™ Snap Fleece,,5,4,4.0,5,352490,https://assetscdn49.styleship.com/assets/columbia/data/ProductImages/a/4/C54AR3793224.jpg,styleship_cdn_pattern,0.8
C65UU4597010,공용 트리플캐니언 백팩,Triple Canyon 24L Backpack,,4,4,1.75,4,351850,https://assetscdn49.styleship.com/assets/columbia/data/ProductImages/a/4/C65UU4597010.jpg,styleship_cdn_pattern,1.0
C46RMS252AS1,남성 노르딕페어아일 보온양말 2팩,MEN S NORDIC FAIR ISLE MEDIUM WEIGHT THERMAL,,32,31,3.5625,56,350810,https://assetscdn49.styleship.com/assets/columbia/data/ProductImages/a/4/C46RMS252AS1.jpg,styleship_cdn_pattern,0.96875
C63PM0537125,[요나스 컬렉션] 공용 레이크 투 에비뉴 그래픽 반팔 티셔츠,Lake To Avenue Graphic Ss Tee,,8,8,1.875,8,350570,assets/product_images/C63PM0537125.jpg,styleship_cdn_pattern+downloaded,1.0
C62WR4004010,여성 파라큐티II 윈드브레이커 자켓,Paracutie II Windbreaker,,3,3,1.6666666666666667,3,349800,https://assetscdn49.styleship.com/assets/columbia/data/ProductImages/a/4/C62WR4004010.jpg,styleship_cdn_pattern,1.0
C54AE5057278,남성 크리스탈리프™ 옴니히트™ 헬릭스 하프집 티셔츠,Crystal Leaf™ Omni-Heat™ Helix Half Zip,,6,6,4.666666666666667,6,349720,assets/product_images/C54AE5057278.jpg,styleship_cdn_pattern+downloaded,1.0
C56YU4749247,공용 헨리포크 부츠 OT OHI,HENRYFORK BOOT OT OHI,,2,2,3.0,2,348950,assets/product_images/C56YU4749247.jpg,excel_map+downloaded,1.0
C54AR7330348,여성 헬베시아 II 크롭 하프스냅 플리스 아노락,Helvetia™ II Cropped Half Snap Fleece,,6,6,2.5,6,347500,assets/product_images/C54AR7330348.jpg,excel_map+downloaded,1.0
C55YU9904337,공용 니들락데쉬 3단 듀얼스틱,NEEDLE ROCK DASH™ 3 STICK,,4,4,4.25,4,347500,https://assetscdn49.styleship.com/assets/columbia/data/ProductImages/a/4/C55YU9904337.jpg,styleship_cdn_pattern,1.0
C56YL1117247,여성 플라토 벤쳐 워터프루프 보아,PLATEAU VENTURE WP BOA,,4,4,2.75,4,346400,assets/product_images/C56YL1117247.jpg,excel_map+downloaded,1.0
C64WR3825010,여성 드랍 릿지 II 인터체인지 자켓,Drop Ridge II Interchange Jacket,,2,2,1.5,2,345900,https://assetscdn49.styleship.com/assets/columbia/data/ProductImages/a/4/C64WR3825010.jpg,styleship_cdn_pattern,1.0
C62YM6596618,공용 엔조이 365 그래픽 반팔 라운드티,Enjoy 365 Graphic SS Crew,,7,6,3.2857142857142856,7,344500,https://assetscdn49.styleship.com/assets/columbia/data/ProductImages/a/4/C62YM6596618.jpg,styleship_cdn_pattern,0.8571428571428571
C53YL3465010,여성 앨리스 포인트 자켓,Ws Alice Point™ Jacket,,2,2,1.0,2,343500,https://assetscdn49.styleship.com/assets/columbia/data/ProductImages/a/4/C53YL3465010.jpg,styleship_cdn_pattern,1.0
C62YL8531191,여성 가든 투 파크 우븐 스커트,W's Garden to Park Skirt,,4,4,2.75,4,340700,https://assetscdn49.styleship.com/assets/columbia/data/ProductImages/a/4/C62YL8531191.jpg,styleship_cdn_pattern,1.0
C55YL1117063,여성 플라토 벤쳐 워터프루프 보아,PLATEAU VENTURE WP BOA,,4,4,2.75,4,340500,https://assetscdn49.styleship.com/assets/columbia/data/ProductImages/a/4/C55YL1117063.jpg,styleship_cdn_pattern,1.0
C52WE5638254,남성 스트리트 트랙 윈드 자켓,M Street Trek™ Wind Jacket,,3,3,1.0,3,340200,https://assetscdn49.styleship.com/assets/columbia/data/ProductImages/a/4/C52WE5638254.jpg,styleship_cdn_pattern,1.0
C54YL8485010,여성 코말 포크 인슐레이션 와이드 경량 패딩 팬츠,W's Comal Fork™ Insulation Wide Pants,,3,3,2.666666666666667,3,340100,assets/product_images/C54YL8485010.jpg,excel_map+downloaded,1.0
C54WE6671397,공용 캐스케이드 인터체인지 자켓,Cascade Peak™ VI Interchange Jacket,,2,2,1.5,2,339150,assets/product_images/C54WE6671397.jpg,excel_map+downloaded,1.0
C64YL3597125,여성 어드벤처365 경량 구스 다운 자켓,W’s Adventure 365 LW Down Jacket,,1,1,0.0,1,339000,https://assetscdn49.styleship.com/assets/columbia/data/ProductImages/a/4/C64YL3597125.jpg,styleship_cdn_pattern,1.0
C71AE4498227,[공식몰 단독] 공용 헬베시아 II 프린티드 하프스냅 플리스 풀오버,Helvetia II Printed Half Snap Fleece,,5,5,3.4,5,337500,assets/product_images/C71AE4498227.jpg,excel_map+downloaded,1.0
C54YM8478011,남성 마운틴 후드™ 인슐레이션 스트레이트 팬츠,M's MT.Hood™ Insulation Straight Pants,,3,3,2.6666666666666665,3,336300,assets/product_images/C54YM8478011.jpg,excel_map+downloaded,1.0
C62YM6524335,[추영우 착용] 남성 루프 락 포인트 OFZ ICE+ 하프 집업 티셔츠,M's Loop Rock Point OFZ ICE+ Half Zip Up,,4,4,2.0,4,336020,https://assetscdn49.styleship.com/assets/columbia/data/ProductImages/a/4/C62YM6524335.jpg,styleship_cdn_pattern,1.0
C65YU9901845,공용 패스투스프링 4단 싱글스틱,Path to Springs 4 Stick,,2,2,3.5,4,336000,https://assetscdn49.styleship.com/assets/columbia/data/ProductImages/a/4/C65YU9901845.jpg,styleship_cdn_pattern,1.0
C52YM8431262,남성 로스트 포인트™ 와이드 팬츠,M's Lost Point™ Wide Pants,,4,4,3.25,4,335400,https://assetscdn49.styleship.com/assets/columbia/data/ProductImages/a/4/C52YM8431262.jpg,styleship_cdn_pattern,1.0
C54YM3483010,남성 빅토리아 루프 롱 다운 자켓,Ms Victoria Loop™ Long Down Jacket,,1,1,6.0,1,335300,assets/product_images/C54YM3483010.jpg,excel_map+downloaded,1.0
C62YL8531010,여성 가든 투 파크 우븐 스커트,W's Garden to Park Skirt,,3,3,3.0,3,335260,https://assetscdn49.styleship.com/assets/columbia/data/ProductImages/a/4/C62YL8531010.jpg,styleship_cdn_pattern,1.0
C55BM2858100,남성 코노스 TRS,KONOS™ TRS,,4,4,3.5,4,333775,assets/product_images/C55BM2858100.jpg,styleship_cdn_pattern+downloaded,1.0
C52XE8841011,남성 콜드 베이 대쉬 숏 반팔 라운드 티셔츠,Cold Bay Dash™ Short Sleeve Tee,,9,8,2.333333333333333,9,333570,assets/product_images/C52XE8841011.jpg,styleship_cdn_pattern+downloaded,0.8888888888888888
C62WE2798125,공용 코브 비치 윈드브레이커 자켓,Cove Beach Windbreaker,,4,4,1.0,4,333500,assets/product_images/C62WE2798125.jpg,excel_map+downloaded,1.0
C52AM9099629,남성 페인티드 피크 반팔 니트,Painted Peak™ Knit SS Top,,11,11,2.7272727272727275,11,333370,https://assetscdn49.styleship.com/assets/columbia/data/ProductImages/a/4/C52AM9099629.jpg,styleship_cdn_pattern,1.0
C46UU0138010,[공식몰 단독] 뉴튼릿지 65L 백팩,Newton Ridge™ 65L Backpack,,2,2,3.0,2,332270,assets/product_images/C46UU0138010.jpg,styleship_cdn_pattern+downloaded,1.0
C75YU0369060,공용 본레 포레스트 20L 패커블 경량 백팩,Bonre Forest 20L Packable Backpack,,7,4,2.2857142857142856,9,331200,assets/product_images/C75YU0369060.jpg,excel_map+downloaded,0.5714285714285714
C54WE8290010,남성 실버 리프 하이브리드 인슐레이션 팬츠,Silver Leaf™ Hybrid Pant,,2,2,5.5,3,331020,https://assetscdn49.styleship.com/assets/columbia/data/ProductImages/a/4/C54WE8290010.jpg,styleship_cdn_pattern,1.0
C72AE5094011,공용 애커 록 컨버터블 팬츠,Acker Rock Convertible Pant,,3,3,2.3333333333333335,3,330760,assets/product_images/C72AE5094011.jpg,excel_map+downloaded,1.0
C55YU5270010,공용 호쏜 레인 로우 옴니테크,HAWTHORNE™ RAIN LO OMNI-TECH™,,3,3,3.6666666666666665,3,330570,assets/product_images/C55YU5270010.jpg,styleship_cdn_pattern+downloaded,1.0
C65YL7787102,여성 이스케이프 쓰라이브 샌들,THRIVE REVIVE SHANDAL,,4,4,1.75,4,330430,assets/product_images/C65YL7787102.jpg,excel_map+downloaded,1.0
C54FM1910316,남성 PFG 스위프트가이드™ 인슐레이션 자켓,PFG Swiftguide™ Insulated Jacket,,4,4,5.5,4,330330,https://assetscdn49.styleship.com/assets/columbia/data/ProductImages/a/4/C54FM1910316.jpg,styleship_cdn_pattern,1.0
C64YL3574010,여성 마운틴 후드 다운 자켓,W's MT.Hood Down Jacket,,1,1,6.0,1,329500,assets/product_images/C64YL3574010.jpg,excel_map+downloaded,1.0
C64YM3574027,[추영우 착용] 남성 마운틴 후드 다운 자켓,M's MT.Hood Down Jacket,,1,1,1.0,1,329500,assets/product_images/C64YM3574027.jpg,excel_map+downloaded,1.0
C54YL3486010,여성 앤 로드 다운 자켓,Ws Anne Road™ Down Jacket,,3,3,1.6666666666666665,3,328500,assets/product_images/C54YL3486010.jpg,excel_map+downloaded,1.0
C75BI9168010,남성 픽프릭 러쉬 아웃드라이 와이드,PEAKFREAK RUSH OUTDRY WIDE,,2,2,0.0,2,328300,https://assetscdn49.styleship.com/assets/columbia/data/ProductImages/a/4/C75BI9168010.jpg,styleship_cdn_pattern,1.0
C66BI5718373,남성 뉴튼 완다 와이드 미드,NEWTON WANDER WIDE,,3,3,2.6666666666666665,3,328090,assets/product_images/C66BI5718373.jpg,styleship_cdn_pattern+downloaded,1.0
C66BM6246036,남성 코노스 TRS 아웃드라이,KONOS TRS OUTDRY,,3,3,3.6666666666666665,3,328040,https://assetscdn49.styleship.com/assets/columbia/data/ProductImages/a/4/C66BM6246036.jpg,styleship_cdn_pattern,1.0
C64AE3907010,[공식몰 단독] 남성 아틱 크레스트 하이브리드 풀집 자켓,Arctic Crest Hybrid Full Zip,,2,2,3.5,2,328000,https://assetscdn49.styleship.com/assets/columbia/data/ProductImages/a/4/C64AE3907010.jpg,styleship_cdn_pattern,1.0
C54WR5329010,여성 실버 리프 하이브리드 인슐레이션 팬츠,Silver Leaf™ Insulated Hybrid Pant,,3,3,2.666666666666667,3,327540,https://assetscdn49.styleship.com/assets/columbia/data/ProductImages/a/4/C54WR5329010.jpg,styleship_cdn_pattern,1.0
C62YM6524043,남성 루프 락 포인트 OFZ ICE+ 하프 집업,M's Loop Rock Point OFZ ICE+ Half Zip Up,,5,5,4.0,5,327320,https://assetscdn49.styleship.com/assets/columbia/data/ProductImages/a/4/C62YM6524043.jpg,styleship_cdn_pattern,1.0
C54AE5344084,남성 왈로와™ 셔켓,Wallowa™ Shirt Jacket,,3,3,3.666666666666667,3,326330,https://assetscdn49.styleship.com/assets/columbia/data/ProductImages/a/4/C54AE5344084.jpg,styleship_cdn_pattern,1.0
C55BM0423011,남성 쓰라이브 리바이브 클로그,THRIVE™ REVIVE CLOG,,6,6,3.5,6,325900,https://assetscdn49.styleship.com/assets/columbia/data/ProductImages/a/4/C55BM0423011.jpg,styleship_cdn_pattern,1.0
C65YU0154023,공용 헤이지 저니 2 워터프루프,HAZY JOURNEY II WATERPROOF,,4,3,4.5,4,325800,https://assetscdn49.styleship.com/assets/columbia/data/ProductImages/a/4/C65YU0154023.jpg,styleship_cdn_pattern,0.75
C61YL3502010,여성 카우 마운틴 2L 방수 자켓,W's Cow Mountain 2L Jacket,,2,2,2.5,2,325690,https://assetscdn49.styleship.com/assets/columbia/data/ProductImages/a/4/C61YL3502010.jpg,styleship_cdn_pattern,1.0
C54YL6483105,여성 리버 투 스윕 터틀넥,W's River to Sweep™ Turtleneck,,6,6,4.166666666666667,6,324820,https://assetscdn49.styleship.com/assets/columbia/data/ProductImages/a/4/C54YL6483105.jpg,styleship_cdn_pattern,1.0
C63YM3556395,[추영우 착용] 남성 리 하이크 바람막이 자켓,M's Lee Hike Jacket,,2,2,4.5,2,324470,https://assetscdn49.styleship.com/assets/columbia/data/ProductImages/a/4/C63YM3556395.jpg,styleship_cdn_pattern,1.0
C44AE2155010,[공식몰 단독] 공용 백볼™ 리마스터드 플리스 자켓,Backbowl™ Remastered Fleece,,6,6,3.8333333333333335,6,324380,assets/product_images/C44AE2155010.jpg,styleship_cdn_pattern+downloaded,1.0
C55BL6283100,여성 캐스트백 TC PFG,CASTBACK™ TC PFG™,,3,3,2.0,3,324250,https://assetscdn49.styleship.com/assets/columbia/data/ProductImages/a/4/C55BL6283100.jpg,styleship_cdn_pattern,1.0
C63YM6565439,남성 제리 코브 크루 티셔츠,M's Jerry Cove Crew,,6,6,2.6666666666666665,6,323500,https://assetscdn49.styleship.com/assets/columbia/data/ProductImages/a/4/C63YM6565439.jpg,styleship_cdn_pattern,1.0
C55YU0618271,공용 베이 스위프 아일 버킷,Bay Sweep Isle™ Bucket,,10,10,4.199999999999999,10,323340,https://assetscdn49.styleship.com/assets/columbia/data/ProductImages/a/4/C55YU0618271.jpg,styleship_cdn_pattern,1.0
C51AE5164278,남성 서밋 밸리 우븐 셔츠,Summit Valley™ Woven LS Shirt,,6,6,2.666666666666667,6,323290,assets/product_images/C51AE5164278.jpg,styleship_cdn_pattern+downloaded,1.0
C66CU5224010,공용 잭 그릭 트래퍼 햇,Jack Creek Trapper Hat,,8,6,3.125,8,322800,assets/product_images/C66CU5224010.jpg,styleship_cdn_pattern+downloaded,0.75
C66YU4749247,공용 헨리포크 부츠 OT OHI,HENRYFORK BOOT OT OHI,,3,2,1.6666666666666667,3,322200,assets/product_images/C66YU4749247.jpg,excel_map+downloaded,0.6666666666666666
C54YL8485381,여성 코말 포크 인슐레이션 와이드 경량 패딩 팬츠,W's Comal Fork™ Insulation Wide Pants,,3,3,2.3333333333333335,3,321800,assets/product_images/C54YL8485381.jpg,excel_map+downloaded,1.0
C75YU0705010,공용 애쉬 브러쉬 메쉬 버켓,Ash Brush Mesh Bucket,,1,1,0.0,6,320680,https://assetscdn49.styleship.com/assets/columbia/data/ProductImages/a/4/C75YU0705010.jpg,styleship_cdn_pattern,1.0
C71YM7592063,남성 365 마운틴 긴팔 셔츠 자켓,M's 365 Mountain II Shirts Jacket,,2,2,2.5,2,320620,https://assetscdn49.styleship.com/assets/columbia/data/ProductImages/a/4/C71YM7592063.jpg,styleship_cdn_pattern,1.0
C56CL4474010,여성 부가부™ 인터체인지 장갑,Womens Bugaboo™ Interchange Glove,,5,5,2.6,5,320340,https://assetscdn49.styleship.com/assets/columbia/data/ProductImages/a/4/C56CL4474010.jpg,styleship_cdn_pattern,1.0
C65YU9904494,공용 니들 락 데쉬 3단 듀얼스틱,NEEDLE ROCK DASH 3 STICK,,4,4,2.5,4,319700,https://assetscdn49.styleship.com/assets/columbia/data/ProductImages/a/4/C65YU9904494.jpg,styleship_cdn_pattern,1.0
C56CM3865010,남성 피크 퍼슈트™ 장갑,Mens Peak Pursuit™ Glove,,4,4,2.5,4,319480,https://assetscdn49.styleship.com/assets/columbia/data/ProductImages/a/4/C56CM3865010.jpg,styleship_cdn_pattern,1.0
C54YM8482011,남성 밸리 투 패스™ 카고 테이퍼드 팬츠,M's Valley to Pass™ Cargo Tapered Pants,,3,3,6.0,3,319120,assets/product_images/C54YM8482011.jpg,excel_map+downloaded,1.0
C54WR3825010,여성 드랍 릿지 II 인터체인지 자켓,Drop Ridge™ II Interchange Jacket,,1,1,4.0,2,319000,assets/product_images/C54WR3825010.jpg,excel_map+downloaded,1.0
C56BK9165012,여성 스노우트롯 미드 와이드 부츠,SNOWTROT™ MID WIDE,,3,2,1.5,4,318000,assets/product_images/C56BK9165012.jpg,excel_map+downloaded,0.6666666666666666
C53YM8451211,남성 모이에 패스™ 테이퍼드 팬츠,Ms Moyie Pass™ Tapered Pants,,3,3,1.6666666666666665,3,317800,https://assetscdn49.styleship.com/assets/columbia/data/ProductImages/a/4/C53YM8451211.jpg,styleship_cdn_pattern,1.0
C64YM8576010,남성 혹킹 림 인슐레이션 스트레이트 팬츠,M's Hocking Rim Insulation Straight Pants,,2,2,6.0,2,316560,assets/product_images/C64YM8576010.jpg,excel_map+downloaded,1.0
C52YL3427010,여성 밸리 투 뷰트 아이스 자켓,Ws Valley to Butte™ ICE Jacket,,3,3,3.6666666666666665,3,316470,https://assetscdn49.styleship.com/assets/columbia/data/ProductImages/a/4/C52YL3427010.jpg,styleship_cdn_pattern,1.0
C63YM3556011,남성 리 하이크 바람막이 자켓,M's Lee Hike Jacket,,2,2,3.5,2,316400,https://assetscdn49.styleship.com/assets/columbia/data/ProductImages/a/4/C63YM3556011.jpg,styleship_cdn_pattern,1.0
C64XY7077100,[DISNEY] 키즈 디즈니 하프 스냅 플리스 티셔츠,Y ColumbiaㅣDISNEY Half Snap,,4,4,2.0,4,316000,assets/product_images/C64XY7077100.jpg,styleship_cdn_pattern+downloaded,1.0
C62YM6535432,[그라플렉스] 공용 대쉬 투 코브 그래픽 반팔 티셔츠,[GRAFFLEX] Dash to Cove Graphic Tee,,6,6,3.833333333333333,6,315600,https://assetscdn49.styleship.com/assets/columbia/data/ProductImages/a/4/C62YM6535432.jpg,styleship_cdn_pattern,1.0
C44WE8853346,남성 하이랜드 써밋™ 방수자켓,Highland Summit™ Jacket,,2,2,0.0,2,315270,https://assetscdn49.styleship.com/assets/columbia/data/ProductImages/a/4/C44WE8853346.jpg,styleship_cdn_pattern,1.0
C55YU0657346,공용 베이스 투 스위프™ 쉐이드 부니,Bay to Sweep™ Shade Booney,,4,4,1.7499999999999998,4,315000,https://assetscdn49.styleship.com/assets/columbia/data/ProductImages/a/4/C55YU0657346.jpg,styleship_cdn_pattern,1.0
C75BI1209234,남성 크레스트우드 로우 워터프루프 와이드핏,CRESTWOOD™ WATERPROOF WIDE,,3,3,4.333333333333333,3,314890,https://assetscdn49.styleship.com/assets/columbia/data/ProductImages/a/4/C75BI1209234.jpg,styleship_cdn_pattern,1.0
C53AP3450292,여성 시커™ 레전드 2.0 티셔츠,Seeker™ Legend 2.0 LS Tee,,10,10,2.9,10,314450,assets/product_images/C53AP3450292.jpg,excel_map+downloaded,1.0
C52AE8827278,[공식몰 단독]남성 노스 패시지 그래픽 반팔 티셔츠,North Passage™ II Graphic SS Tee,,10,10,3.0000000000000004,10,313700,assets/product_images/C52AE8827278.jpg,styleship_cdn_pattern+downloaded,1.0
C55BL6243088,여성 몬트레일 트리니티 MX,MONTRAIL™ TRINITY™ MX,,3,3,3.0,3,313500,https://assetscdn49.styleship.com/assets/columbia/data/ProductImages/a/4/C55BL6243088.jpg,styleship_cdn_pattern,1.0
C64WE0604010,남성 실버 리프 라이트 하이브리드 후디드 인슐레이션 경량 패딩 자켓,Silver Leaf Lite Hooded Jacket,,2,2,4.0,2,313140,https://assetscdn49.styleship.com/assets/columbia/data/ProductImages/a/4/C64WE0604010.jpg,styleship_cdn_pattern,1.0
C66YU0368397,공용 더글라스 패스 30L 백팩,DUGLAS PASS 30 BACKPACK,,3,3,3.3333333333333335,3,312900,assets/product_images/C66YU0368397.jpg,excel_map+downloaded,1.0
C54YM1484010,남성 밸리 투 패스™ 다운 베스트,Ms Valley to Pass™ Down Vest,,2,2,3.5,2,312800,https://assetscdn49.styleship.com/assets/columbia/data/ProductImages/a/4/C54YM1484010.jpg,styleship_cdn_pattern,1.0
C56PU5711010,공용 세이버스 돔 이어플랩 캡,Saviers Dome Earflap Cap,,8,6,2.125,8,312790,https://assetscdn49.styleship.com/assets/columbia/data/ProductImages/a/4/C56PU5711010.jpg,styleship_cdn_pattern,0.75
C64YM8573010,남성 그레이 락 스트레이트 팬츠,M's Gray Rock Straight Pants,,2,2,3.5,2,312590,https://assetscdn49.styleship.com/assets/columbia/data/ProductImages/a/4/C64YM8573010.jpg,styleship_cdn_pattern,1.0
C46RUS001191,공용 18온스 텀블러 (530ml),18 oz SS Coffee Vacuum Bottle,,13,13,4.615384615384616,13,308190,assets/product_images/C46RUS001191.jpg,styleship_cdn_pattern+downloaded,1.0
C72WR4004191,여성 파라큐티II 방풍 자켓,Paracutie II Windbreaker,,2,2,0.5,3,308000,https://assetscdn49.styleship.com/assets/columbia/data/ProductImages/a/4/C72WR4004191.jpg,styleship_cdn_pattern,1.0
C54AE5057010,남성 크리스탈리프™ 옴니히트™ 헬릭스 하프집 티셔츠,Crystal Leaf™ Omni-Heat™ Helix Half Zip,,5,5,2.8,5,306620,assets/product_images/C54AE5057010.jpg,excel_map+downloaded,1.0
C45BM6578417,남성 몬트레일 트리니티 FKT,MONTRAIL™ TRINITY™ FKT,,3,3,3.333333333333333,3,305930,https://assetscdn49.styleship.com/assets/columbia/data/ProductImages/a/4/C45BM6578417.jpg,styleship_cdn_pattern,1.0
C65YU0371010,[공식몰 단독] 공용 애슐리 코브 30L 백팩 + 파우치,Ashley Cove 30L Backpack,,3,3,4.0,3,305790,assets/product_images/C65YU0371010.jpg,excel_map+downloaded,1.0
C64YM3576373,남성 혹킹 림 인슐레이션 자켓,M's Hocking Rim Insulation Jacket,,2,2,2.5,2,305520,https://assetscdn49.styleship.com/assets/columbia/data/ProductImages/a/4/C64YM3576373.jpg,styleship_cdn_pattern,1.0
C64YL3585010,여성 파운 피크 다운 자켓,W's Fawn Peak Down Jacket,,1,1,6.0,1,304290,assets/product_images/C64YL3585010.jpg,excel_map+downloaded,1.0
C54AR3793278,여성 클라우드 포인트™ 스냅 플리스 자켓,Cloud Point™ Snap Fleece,,4,4,5.5,4,303980,assets/product_images/C54AR3793278.jpg,styleship_cdn_pattern+downloaded,1.0
C52XE4919347,남성 아덴 폴즈 팬츠,Arden Falls™ Pant,,5,5,2.0,5,303040,assets/product_images/C52XE4919347.jpg,styleship_cdn_pattern+downloaded,1.0
C65BM7922083,남성 보야져 FLX,VOYAGER FLX PCT,,3,3,0.33333333333333337,3,302100,https://assetscdn49.styleship.com/assets/columbia/data/ProductImages/a/4/C65BM7922083.jpg,styleship_cdn_pattern,1.0
C63AE5737278,남성 드라이벤처 하프집업 긴팔 티셔츠,DriVenture Half Zip,,5,5,4.2,5,301480,https://assetscdn49.styleship.com/assets/columbia/data/ProductImages/a/4/C63AE5737278.jpg,styleship_cdn_pattern,1.0
C56BK2938125,여성 스노우트롯 와이드 쇼티 부츠,SNOWTROT™ SHORTY WIDE,,4,3,2.25,4,300480,https://assetscdn49.styleship.com/assets/columbia/data/ProductImages/a/4/C56BK2938125.jpg,styleship_cdn_pattern,0.75
C56BI5371240,남성 크레스트우드 미드 워터프루프 와이드핏,CRESTWOOD MID WATERPROOF,,3,3,3.0,3,299480,assets/product_images/C56BI5371240.jpg,excel_map+downloaded,1.0
C52PM3889010,남성 아이스버그 가든™ 반팔 셔츠,Iceberg Garden™ Short Sleeve Shirt,,2,2,2.0,2,299100,https://assetscdn49.styleship.com/assets/columbia/data/ProductImages/a/4/C52PM3889010.jpg,styleship_cdn_pattern,1.0
C61YM3502160,남성 카우 마운틴 2L 방수 자켓,M's Cow Mountain 2L Jacket,,2,2,0.5,2,299000,https://assetscdn49.styleship.com/assets/columbia/data/ProductImages/a/4/C61YM3502160.jpg,styleship_cdn_pattern,1.0
