order_date,member_grade_label,orders,buyers,quantity,revenue,aov
2024-04-16,FAMILY,75,71,100,7324700,97662.66666666667
2024-04-16,SILVER,2,2,2,167450,83725.0
2024-04-17,FAMILY,58,57,75,5047860,87032.06896551725
2024-04-17,SILVER,1,1,3,396270,396270.0
2024-04-17,GOLD,1,1,1,73000,73000.0
2024-04-18,FAMILY,50,50,85,6034250,120685.0
2024-04-18,SILVER,1,1,1,109920,109920.0
2024-04-19,FAMILY,51,47,94,9466850,185624.50980392157
2024-04-19,SILVER,3,3,3,366650,122216.66666666667
2024-04-20,FAMILY,60,60,82,6172530,102875.5
2024-04-20,SILVER,1,1,1,50670,50670.0
2024-04-21,FAMILY,49,49,71,3926820,80139.1836734694
2024-04-21,SILVER,1,1,1,52040,52040.0
2024-04-22,FAMILY,75,71,98,8173360,108978.13333333333
2024-04-22,SILVER,2,2,4,458230,229115.0
2024-04-23,FAMILY,51,49,66,4397210,86219.80392156863
2024-04-23,SILVER,4,4,5,446640,111660.0
2024-04-23,GOLD,1,1,1,139000,139000.0
2024-04-24,FAMILY,55,52,73,5527620,100502.18181818182
2024-04-24,SILVER,3,2,3,273300,91100.0
2024-04-25,FAMILY,50,50,57,4571780,91435.6
2024-04-25,SILVER,3,3,4,244650,81550.0
2024-04-26,FAMILY,78,77,101,7966440,102133.84615384616
2024-04-26,SILVER,4,4,10,861330,215332.5
2024-04-26,GOLD,1,1,1,48200,48200.0
2024-04-27,FAMILY,63,61,84,6766670,107407.46031746031
2024-04-28,FAMILY,81,81,107,8466790,104528.27160493827
2024-04-28,SILVER,2,2,2,139710,69855.0
2024-04-29,FAMILY,51,51,79,4914660,96365.88235294117
2024-04-29,GOLD,2,2,2,159060,79530.0
2024-04-29,SILVER,1,1,1,90620,90620.0
2024-04-30,FAMILY,72,68,102,7465420,103686.38888888889
2024-04-30,SILVER,2,2,3,301020,150510.0
2024-05-01,FAMILY,72,72,98,6892800,95733.33333333333
2024-05-01,SILVER,3,3,7,434110,144703.33333333334
2024-05-02,FAMILY,83,83,122,8782760,105816.38554216867
2024-05-02,GOLD,4,2,6,506100,126525.0
2024-05-02,SILVER,2,2,2,116820,58410.0
2024-05-03,FAMILY,68,68,102,7058340,103799.11764705883
2024-05-04,FAMILY,58,58,70,4935300,85091.37931034483
2024-05-04,SILVER,1,1,1,109000,109000.0
2024-05-05,FAMILY,69,68,90,7602220,110177.10144927536
2024-05-05,SILVER,1,1,6,383900,383900.0
2024-05-06,FAMILY,62,61,77,6417220,103503.54838709677
2024-05-06,SILVER,2,2,4,319200,159600.0
2024-05-07,FAMILY,70,69,102,6846890,97812.71428571429
2024-05-07,SILVER,4,4,5,490930,122732.5
2024-05-08,FAMILY,68,67,97,7607980,111882.05882352941
2024-05-08,SILVER,4,4,7,644160,161040.0
2024-05-08,TITANIUM,1,1,3,360000,360000.0
2024-05-09,FAMILY,54,54,78,5973220,110615.18518518518
2024-05-09,SILVER,1,1,1,42030,42030.0
2024-05-10,FAMILY,66,65,109,6470050,98031.06060606061
2024-05-10,SILVER,3,3,7,306700,102233.33333333333
2024-05-11,FAMILY,58,54,81,5951730,102616.03448275862
2024-05-11,SILVER,3,3,3,279300,93100.0
2024-05-11,GOLD,2,2,2,203950,101975.0
2024-05-12,FAMILY,68,67,96,6962570,102390.73529411765
2024-05-12,SILVER,2,2,2,78000,39000.0
2024-05-13,FAMILY,61,61,82,6226100,102067.2131147541
2024-05-13,SILVER,2,2,4,89360,44680.0
2024-05-14,FAMILY,53,53,63,4831730,91164.71698113208
2024-05-14,SILVER,2,2,6,336500,168250.0
2024-05-15,FAMILY,83,82,120,9610870,115793.61445783133
2024-05-15,SILVER,4,4,8,647550,161887.5
2024-05-15,TITANIUM,1,1,1,27200,27200.0
2024-05-16,FAMILY,60,59,79,5642250,94037.5
2024-05-16,SILVER,1,1,5,371270,371270.0
2024-05-17,FAMILY,38,38,55,3662730,96387.63157894737
2024-05-17,GOLD,1,1,1,87000,87000.0
2024-05-17,SILVER,1,1,1,39000,39000.0
2024-05-18,FAMILY,50,50,63,4470500,89410.0
2024-05-18,SILVER,3,3,5,398740,132913.33333333334
2024-05-19,FAMILY,64,63,86,6296140,98377.1875
2024-05-19,SILVER,2,2,2,305020,152510.0
2024-05-20,FAMILY,62,62,107,7382510,119072.74193548386
2024-05-20,SILVER,2,2,3,178590,89295.0
2024-05-21,FAMILY,56,56,81,5748980,102660.35714285714
2024-05-21,SILVER,3,2,3,307870,102623.33333333333
2024-05-22,FAMILY,53,53,69,4903160,92512.45283018867
2024-05-22,SILVER,2,2,6,281220,140610.0
2024-05-23,FAMILY,53,53,73,5152800,97222.64150943396
2024-05-23,SILVER,1,1,1,46320,46320.0
2024-05-24,FAMILY,53,49,81,4854670,91597.54716981133
2024-05-25,FAMILY,35,34,46,3400330,97152.28571428571
2024-05-25,SILVER,3,3,3,271880,90626.66666666667
2024-05-26,FAMILY,66,64,91,6522140,98820.30303030302
2024-05-26,SILVER,1,1,4,236000,236000.0
2024-05-26,GOLD,1,1,1,62950,62950.0
2024-05-27,FAMILY,70,68,114,7579370,108276.71428571429
2024-05-27,SILVER,3,3,10,834050,278016.6666666667
2024-05-27,TITANIUM,1,1,7,467200,467200.0
2024-05-27,GOLD,2,2,3,336760,168380.0
2024-05-28,FAMILY,51,48,110,7070400,138635.29411764705
2024-05-28,SILVER,3,3,7,737480,245826.66666666666
2024-05-29,FAMILY,51,51,84,5674670,111268.03921568628
2024-05-29,SILVER,3,3,7,464910,154970.0
2024-05-30,FAMILY,54,50,87,6271010,116129.81481481482
2024-05-30,SILVER,1,1,5,222160,222160.0
2024-05-31,FAMILY,32,31,67,4356260,136133.125
2024-06-01,FAMILY,39,39,64,4592640,117760.0
2024-06-02,FAMILY,48,47,60,3580770,74599.375
2024-06-02,SILVER,2,2,5,330340,165170.0
2024-06-03,FAMILY,53,53,73,5605640,105766.7924528302
2024-06-03,SILVER,1,1,2,211280,211280.0
2024-06-03,GOLD,1,1,1,130240,130240.0
2024-06-04,FAMILY,60,60,89,5605120,93418.66666666667
2024-06-04,SILVER,2,2,3,420700,210350.0
2024-06-05,FAMILY,34,33,41,2848650,83783.82352941176
2024-06-05,SILVER,1,1,1,77230,77230.0
2024-06-06,FAMILY,52,52,65,4572120,87925.38461538461
2024-06-06,SILVER,2,2,3,147060,73530.0
2024-06-06,GOLD,1,1,1,53000,53000.0
2024-06-07,FAMILY,53,52,66,4911960,92678.49056603774
2024-06-07,SILVER,4,4,4,388710,97177.5
2024-06-07,GOLD,1,1,1,35000,35000.0
2024-06-08,FAMILY,42,41,60,4780420,113819.52380952382
2024-06-08,SILVER,5,5,7,817990,163598.0
2024-06-09,FAMILY,54,54,74,5628150,104225.0
2024-06-09,SILVER,3,2,4,239190,79730.0
2024-06-09,GOLD,1,1,2,54000,54000.0
2024-06-10,FAMILY,62,61,85,5629190,90793.3870967742
2024-06-10,SILVER,5,5,8,437450,87490.0
2024-06-11,FAMILY,49,48,81,4029590,82236.5306122449
2024-06-11,SILVER,1,1,1,38000,38000.0
2024-06-12,FAMILY,55,55,85,5190700,94376.36363636363
2024-06-12,SILVER,1,1,1,84450,84450.0
2024-06-13,FAMILY,57,57,88,5677750,99609.64912280702
2024-06-13,SILVER,5,5,11,795940,159188.0
2024-06-13,GOLD,1,1,2,114240,114240.0
2024-06-14,FAMILY,125,124,209,13217350,105738.8
2024-06-14,SILVER,8,7,18,1239950,154993.75
2024-06-14,GOLD,5,4,9,387280,77456.0
2024-06-15,FAMILY,51,50,82,4602490,90244.90196078431
2024-06-15,SILVER,3,3,6,292820,97606.66666666667
2024-06-16,FAMILY,88,83,144,8721940,99112.95454545454
2024-06-16,SILVER,3,3,3,215400,71800.0
2024-06-17,FAMILY,84,82,124,7927520,94375.23809523809
2024-06-17,SILVER,1,1,1,74010,74010.0
2024-06-18,FAMILY,94,91,138,8604360,91535.74468085106
2024-06-18,GOLD,1,1,5,428000,428000.0
2024-06-18,SILVER,4,4,8,411220,102805.0
2024-06-19,FAMILY,87,86,135,7624030,87632.52873563218
2024-06-19,SILVER,7,7,21,1239800,177114.2857142857
2024-06-20,FAMILY,90,89,118,7087510,78750.11111111111
2024-06-20,SILVER,4,4,6,445550,111387.5
2024-06-21,FAMILY,68,66,103,6566140,96560.88235294117
2024-06-21,SILVER,4,4,7,497470,124367.5
2024-06-22,FAMILY,54,53,73,5346030,99000.55555555556
2024-06-22,SILVER,2,2,3,189000,94500.0
2024-06-23,FAMILY,78,78,127,7744140,99283.84615384616
2024-06-23,SILVER,2,2,5,300320,150160.0
2024-06-24,FAMILY,87,86,116,7833260,90037.47126436782
2024-06-24,GOLD,1,1,1,59000,59000.0
2024-06-25,FAMILY,58,58,80,5861310,101057.06896551725
2024-06-25,SILVER,1,1,4,208000,208000.0
2024-06-26,FAMILY,78,77,108,6564260,84157.17948717948
2024-06-26,SILVER,1,1,5,223790,223790.0
2024-06-26,GOLD,1,1,1,62300,62300.0
2024-06-27,FAMILY,39,38,82,4963100,127258.97435897436
2024-06-27,SILVER,4,4,7,440100,110025.0
2024-06-27,GOLD,1,1,1,69680,69680.0
2024-06-28,FAMILY,52,51,73,4240790,81553.65384615384
2024-06-28,SILVER,3,3,4,299370,99790.0
2024-06-29,FAMILY,45,45,62,4184060,92979.11111111111
2024-06-29,SILVER,1,1,1,72140,72140.0
2024-06-29,GOLD,1,1,1,69000,69000.0
2024-06-30,FAMILY,88,88,130,9744310,110730.79545454546
2024-06-30,SILVER,1,1,1,209300,209300.0
2024-07-01,FAMILY,65,65,92,6195490,95315.23076923077
2024-07-01,SILVER,3,2,4,226170,75390.0
2024-07-02,FAMILY,61,60,123,7382380,121022.62295081967
2024-07-02,SILVER,4,4,5,399790,99947.5
2024-07-03,FAMILY,72,60,94,6380790,88622.08333333333
2024-07-03,SILVER,2,2,2,104800,52400.0
2024-07-04,FAMILY,52,52,73,4814350,92583.65384615384
2024-07-04,TITANIUM,1,1,7,334960,334960.0
2024-07-04,GOLD,2,2,3,122700,61350.0
2024-07-04,SILVER,1,1,1,66880,66880.0
2024-07-05,FAMILY,58,54,80,6043940,104205.86206896552
2024-07-05,SILVER,2,2,5,177420,88710.0
2024-07-06,FAMILY,50,49,67,4421940,88438.8
2024-07-06,SILVER,2,1,11,144000,72000.0
2024-07-07,FAMILY,38,38,56,3446030,90685.0
2024-07-07,SILVER,1,1,1,143500,143500.0
2024-07-08,FAMILY,74,72,105,6332560,85575.13513513513
2024-07-08,SILVER,3,2,3,235640,78546.66666666667
2024-07-09,FAMILY,56,50,73,5021950,89677.67857142857
2024-07-09,SILVER,4,4,4,301940,75485.0
2024-07-10,FAMILY,73,72,96,5369320,73552.32876712328
2024-07-10,TITANIUM,1,1,5,369100,369100.0
2024-07-10,SILVER,1,1,6,103570,103570.0
2024-07-11,FAMILY,60,60,77,4664310,77738.5
2024-07-11,SILVER,2,2,6,310790,155395.0
2024-07-12,FAMILY,52,52,70,4665110,89713.65384615384
2024-07-12,SILVER,2,2,5,268010,134005.0
2024-07-12,GOLD,1,1,1,47190,47190.0
2024-07-13,FAMILY,42,42,54,3317390,78985.47619047618
2024-07-13,SILVER,3,3,6,346610,115536.66666666667
2024-07-14,FAMILY,83,81,98,5402500,65090.361445783135
2024-07-14,SILVER,3,3,7,333140,111046.66666666667
2024-07-14,GOLD,1,1,1,115500,115500.0
2024-07-15,FAMILY,73,73,86,6018120,82440.0
2024-07-15,SILVER,2,2,6,254100,127050.0
2024-07-16,FAMILY,60,58,86,4541350,75689.16666666667
2024-07-16,TITANIUM,1,1,4,375200,375200.0
2024-07-16,SILVER,4,4,5,210450,52612.5
2024-07-17,FAMILY,59,58,78,5079600,86094.91525423729
2024-07-17,SILVER,1,1,5,197500,197500.0
2024-07-17,GOLD,1,1,1,47530,47530.0
2024-07-17,TITANIUM,1,1,1,19150,19150.0
2024-07-18,FAMILY,123,123,162,10512490,85467.39837398374
2024-07-18,SILVER,3,3,8,498750,166250.0
2024-07-19,FAMILY,72,72,98,6137210,85239.02777777778
2024-07-19,SILVER,5,5,8,528530,105706.0
2024-07-19,GOLD,1,1,1,119200,119200.0
2024-07-20,FAMILY,72,70,91,5738430,79700.41666666667
2024-07-20,SILVER,2,2,3,168800,84400.0
2024-07-21,FAMILY,101,101,134,8864680,87769.10891089108
2024-07-21,SILVER,4,4,4,207710,51927.5
2024-07-22,FAMILY,72,71,97,6778620,94147.5
2024-07-22,SILVER,1,1,1,119200,119200.0
2024-07-23,FAMILY,61,61,79,5053960,82851.80327868853
2024-07-23,SILVER,4,4,7,412660,103165.0
2024-07-24,FAMILY,73,73,91,6456730,88448.35616438356
2024-07-24,SILVER,2,2,4,218530,109265.0
2024-07-24,GOLD,2,2,3,205660,102830.0
2024-07-25,FAMILY,85,85,112,6996740,82314.58823529411
2024-07-25,GOLD,1,1,1,64300,64300.0
2024-07-26,FAMILY,64,63,100,5501810,85965.78125
2024-07-26,SILVER,1,1,3,175570,175570.0
2024-07-27,FAMILY,39,39,49,3357800,86097.43589743589
2024-07-27,SILVER,3,3,4,206630,68876.66666666667
2024-07-28,FAMILY,56,55,73,5025040,89732.85714285714
2024-07-28,SILVER,3,3,5,207710,69236.66666666667
2024-07-29,FAMILY,61,61,78,4525590,74190.0
2024-07-29,SILVER,1,1,2,91460,91460.0
2024-07-30,FAMILY,60,59,87,4897520,81625.33333333333
2024-07-30,SILVER,3,3,4,426410,142136.66666666666
2024-07-30,GOLD,1,1,1,149860,149860.0
2024-07-31,FAMILY,48,47,71,4358310,90798.125
2024-07-31,SILVER,4,4,5,593540,148385.0
2024-08-01,FAMILY,56,54,69,4490890,80194.46428571429
2024-08-01,SILVER,4,4,9,499750,124937.5
2024-08-02,FAMILY,56,56,79,4440530,79295.17857142857
2024-08-02,SILVER,2,2,3,267670,133835.0
2024-08-03,FAMILY,43,42,64,3697080,85978.6046511628
2024-08-03,SILVER,2,2,2,170890,85445.0
2024-08-03,GOLD,1,1,1,45760,45760.0
2024-08-04,FAMILY,55,55,72,4440490,80736.18181818182
2024-08-04,SILVER,1,1,1,64800,64800.0
2024-08-05,FAMILY,46,46,55,3404380,74008.26086956522
2024-08-05,SILVER,2,2,3,244040,122020.0
2024-08-05,GOLD,1,1,2,35800,35800.0
2024-08-06,FAMILY,45,44,293,17351010,385578.0
2024-08-06,SILVER,6,6,10,656430,109405.0
2024-08-06,GOLD,1,1,3,129000,129000.0
2024-08-07,FAMILY,30,30,72,4119820,137327.33333333334
2024-08-07,SILVER,2,2,2,134300,67150.0
2024-08-07,GOLD,1,1,1,47200,47200.0
2024-08-08,FAMILY,77,77,95,5241690,68073.8961038961
2024-08-08,GOLD,1,1,3,196700,196700.0
2024-08-08,TITANIUM,1,1,3,171800,171800.0
2024-08-08,SILVER,2,2,3,139830,69915.0
2024-08-09,FAMILY,45,44,69,4610930,102465.11111111111
2024-08-09,SILVER,4,3,36,1604800,401200.0
2024-08-10,FAMILY,49,48,71,3669420,74886.12244897959
2024-08-10,SILVER,2,2,3,173130,86565.0
2024-08-11,FAMILY,53,53,66,4162490,78537.54716981133
2024-08-11,SILVER,1,1,1,36830,36830.0
2024-08-12,FAMILY,47,47,66,3714190,79025.31914893616
2024-08-12,SILVER,1,1,4,276000,276000.0
2024-08-13,FAMILY,40,40,51,3931340,98283.5
2024-08-14,FAMILY,46,46,67,4370210,95004.56521739131
2024-08-14,SILVER,2,2,2,71380,35690.0
2024-08-15,FAMILY,42,42,55,3467580,82561.42857142857
2024-08-15,GOLD,1,1,2,207500,207500.0
2024-08-15,SILVER,1,1,1,25940,25940.0
2024-08-16,FAMILY,46,45,58,3525680,76645.21739130435
2024-08-16,SILVER,2,2,2,141590,70795.0
2024-08-16,GOLD,1,1,2,97350,97350.0
2024-08-17,FAMILY,45,45,55,3594170,79870.44444444444
2024-08-17,SILVER,1,1,1,36670,36670.0
2024-08-18,FAMILY,48,47,60,3702260,77130.41666666667
2024-08-18,SILVER,2,2,2,171580,85790.0
2024-08-18,GOLD,1,1,2,74740,74740.0
2024-08-19,FAMILY,51,50,63,3247910,63684.509803921566
2024-08-19,SILVER,3,3,8,177800,59266.666666666664
2024-08-20,FAMILY,44,44,52,3849700,87493.18181818182
2024-08-20,SILVER,3,3,3,100730,33576.666666666664
2024-08-21,FAMILY,57,57,82,4466800,78364.91228070176
2024-08-21,SILVER,4,4,6,374880,93720.0
2024-08-21,GOLD,1,1,1,47200,47200.0
2024-08-22,FAMILY,60,59,83,6590570,109842.83333333333
2024-08-22,SILVER,3,3,4,225050,75016.66666666667
2024-08-23,FAMILY,35,35,44,3635700,103877.14285714286
2024-08-23,SILVER,1,1,8,461500,461500.0
2024-08-24,FAMILY,38,38,45,3159310,83139.73684210527
2024-08-24,SILVER,1,1,1,57830,57830.0
2024-08-25,FAMILY,54,54,77,4683600,86733.33333333333
2024-08-25,SILVER,4,4,7,696440,174110.0
2024-08-26,FAMILY,53,53,71,4528730,85447.7358490566
2024-08-26,SILVER,1,1,1,100660,100660.0
2024-08-26,GOLD,1,1,1,61330,61330.0
2024-08-27,FAMILY,44,43,80,5312450,120737.5
2024-08-27,SILVER,1,1,1,29000,29000.0
2024-08-28,FAMILY,43,43,55,3912270,90983.02325581395
2024-08-28,SILVER,4,4,9,465900,116475.0
2024-08-29,FAMILY,30,30,37,2224030,74134.33333333333
2024-08-29,SILVER,1,1,1,59170,59170.0
2024-08-30,FAMILY,39,39,66,3610350,92573.07692307692
2024-08-30,GOLD,1,1,4,160000,160000.0
2024-08-30,SILVER,2,2,2,142160,71080.0
2024-08-31,FAMILY,37,37,64,3722930,100619.72972972973
2024-08-31,TITANIUM,1,1,7,233600,233600.0
2024-08-31,SILVER,1,1,1,44500,44500.0
2024-09-01,FAMILY,48,46,77,5838330,121631.875
2024-09-01,SILVER,3,3,5,497800,165933.33333333334
2024-09-02,FAMILY,36,36,96,4789060,133029.44444444444
2024-09-02,SILVER,1,1,3,168920,168920.0
2024-09-03,FAMILY,48,48,60,3176300,66172.91666666667
2024-09-03,SILVER,3,3,3,277780,92593.33333333333
2024-09-04,FAMILY,45,45,69,4379820,97329.33333333333
2024-09-04,SILVER,3,3,5,299950,99983.33333333333
2024-09-05,FAMILY,64,63,106,6723870,105060.46875
2024-09-05,SILVER,3,3,5,353430,117810.0
2024-09-06,FAMILY,37,37,54,2991480,80850.81081081081
2024-09-06,SILVER,1,1,1,7500,7500.0
2024-09-07,FAMILY,58,58,84,4408810,76013.96551724138
2024-09-07,SILVER,3,3,8,725230,241743.33333333334
2024-09-08,FAMILY,78,77,95,5908590,75751.15384615384
2024-09-08,SILVER,4,4,18,683630,170907.5
2024-09-09,FAMILY,33,33,50,3793380,114950.90909090909
2024-09-10,FAMILY,39,39,56,4248430,108934.10256410256
2024-09-10,SILVER,2,2,5,294560,147280.0
2024-09-10,GOLD,2,2,3,216770,108385.0
2024-09-11,FAMILY,70,70,110,5973260,85332.28571428571
2024-09-11,SILVER,1,1,1,91590,91590.0
2024-09-11,TITANIUM,1,1,1,19600,19600.0
2024-09-12,FAMILY,243,241,319,13708120,56412.016460905346
2024-09-12,SILVER,9,9,14,1069850,118872.22222222222
2024-09-12,GOLD,1,1,2,73780,73780.0
2024-09-13,FAMILY,99,99,131,7322620,73965.85858585859
2024-09-13,SILVER,5,5,8,359600,71920.0
2024-09-13,GOLD,1,1,1,78840,78840.0
2024-09-14,FAMILY,64,64,80,3886760,60730.625
2024-09-14,TITANIUM,1,1,2,300000,300000.0
2024-09-14,SILVER,2,2,3,153130,76565.0
2024-09-15,FAMILY,70,70,95,4762860,68040.85714285714
2024-09-15,SILVER,3,3,5,312830,104276.66666666667
2024-09-16,FAMILY,68,68,89,4462879,65630.57352941176
2024-09-16,SILVER,3,3,7,569820,189940.0
2024-09-17,FAMILY,44,43,60,2434559,55330.88636363636
2024-09-17,TITANIUM,1,1,1,80460,80460.0
2024-09-17,SILVER,1,1,1,20000,20000.0
2024-09-18,FAMILY,125,124,195,10374309,82994.472
2024-09-18,SILVER,4,4,5,613180,153295.0
2024-09-19,FAMILY,55,55,68,3465229,63004.163636363635
2024-09-19,GOLD,1,1,1,127000,127000.0
2024-09-19,SILVER,2,2,2,112350,56175.0
2024-09-20,FAMILY,69,69,94,5477050,79377.53623188406
2024-09-20,GOLD,2,2,3,221040,110520.0
2024-09-20,SILVER,1,1,1,59490,59490.0
2024-09-20,TITANIUM,1,1,1,42660,42660.0
2024-09-21,FAMILY,66,66,93,5227370,79202.57575757576
2024-09-21,SILVER,3,3,3,421890,140630.0
2024-09-21,GOLD,2,2,4,91170,45585.0
2024-09-22,FAMILY,641,638,829,30870033,48159.17784711388
2024-09-22,SILVER,8,8,13,462510,57813.75
2024-09-22,GOLD,2,2,2,106370,53185.0
2024-09-23,FAMILY,51,49,62,4684110,91845.29411764706
2024-09-23,SILVER,3,3,3,291000,97000.0
2024-09-24,FAMILY,44,44,60,4820030,109546.13636363637
2024-09-24,SILVER,2,2,3,171020,85510.0
2024-09-24,GOLD,1,1,1,139000,139000.0
2024-09-25,FAMILY,40,40,47,3039229,75980.725
2024-09-25,SILVER,4,4,4,297860,74465.0
2024-09-26,FAMILY,38,38,53,3442240,90585.26315789473
2024-09-26,SILVER,1,1,1,65370,65370.0
2024-09-27,FAMILY,38,36,52,4915709,129360.76315789473
2024-09-27,SILVER,3,3,5,440220,146740.0
2024-09-27,GOLD,1,1,1,43510,43510.0
2024-09-28,FAMILY,32,31,35,3818210,119319.0625
2024-09-28,SILVER,2,2,3,326660,163330.0
2024-09-29,FAMILY,36,36,48,3780829,105023.02777777778
2024-09-30,FAMILY,92,90,116,10040650,109137.5
2024-09-30,SILVER,2,2,2,211440,105720.0
2024-10-01,FAMILY,84,84,112,10603609,126233.44047619047
2024-10-01,SILVER,6,5,8,762870,127145.0
2024-10-02,FAMILY,54,54,87,7948550,147195.37037037036
2024-10-02,SILVER,4,4,7,647180,161795.0
2024-10-02,TITANIUM,1,1,2,138000,138000.0
2024-10-03,FAMILY,59,58,80,7371609,124942.52542372882
2024-10-03,SILVER,3,3,4,424800,141600.0
2024-10-03,GOLD,1,1,1,38300,38300.0
2024-10-04,FAMILY,44,44,59,5676099,129002.25
2024-10-04,TITANIUM,1,1,2,478000,478000.0
2024-10-04,SILVER,1,1,1,104349,104349.0
2024-10-05,FAMILY,51,51,64,5387718,105641.5294117647
2024-10-05,SILVER,5,5,12,1048650,209730.0
2024-10-05,GOLD,1,1,1,63200,63200.0
2024-10-06,FAMILY,64,64,85,7731560,120805.625
2024-10-06,GOLD,1,1,1,83000,83000.0
2024-10-07,FAMILY,56,56,72,5775890,103140.89285714286
2024-10-07,SILVER,2,2,4,235500,117750.0
2024-10-07,GOLD,1,1,1,139000,139000.0
2024-10-08,FAMILY,57,55,86,7897289,138548.9298245614
2024-10-08,SILVER,1,1,3,243610,243610.0
2024-10-09,FAMILY,55,55,62,5364559,97537.43636363637
2024-10-09,SILVER,2,1,8,256000,128000.0
2024-10-09,GOLD,1,1,1,126110,126110.0
2024-10-10,FAMILY,66,66,83,8216700,124495.45454545454
2024-10-10,SILVER,1,1,1,99000,99000.0
2024-10-11,FAMILY,53,50,91,7480860,141148.30188679244
2024-10-11,SILVER,1,1,3,239400,239400.0
2024-10-12,FAMILY,55,55,74,7094779,128995.98181818181
2024-10-12,GOLD,1,1,7,381440,381440.0
2024-10-12,SILVER,1,1,2,50400,50400.0
2024-10-13,FAMILY,55,54,68,7361470,133844.9090909091
2024-10-13,SILVER,1,1,2,196000,196000.0
2024-10-13,GOLD,2,1,2,110400,55200.0
2024-10-14,FAMILY,49,45,87,7430899,151651.0
2024-10-14,SILVER,2,2,4,157980,78990.0
2024-10-15,FAMILY,56,55,76,6415990,114571.25
2024-10-15,SILVER,1,1,4,524320,524320.0
2024-10-15,GOLD,1,1,1,14500,14500.0
2024-10-16,FAMILY,75,74,101,6637909,88505.45333333334
2024-10-16,SILVER,7,6,8,569730,81390.0
2024-10-17,FAMILY,60,60,86,6695750,111595.83333333333
2024-10-17,SILVER,3,3,3,379800,126600.0
2024-10-18,FAMILY,54,54,69,5788150,107187.96296296296
2024-10-18,SILVER,1,1,1,17000,17000.0
2024-10-19,FAMILY,51,50,85,5841150,114532.35294117648
2024-10-19,SILVER,3,3,3,600480,200160.0
2024-10-19,GOLD,1,1,1,25000,25000.0
2024-10-20,FAMILY,74,74,97,8517199,115097.28378378379
2024-10-20,SILVER,7,5,9,941610,134515.7142857143
2024-10-20,GOLD,1,1,1,119200,119200.0
2024-10-21,FAMILY,58,57,73,6362270,109694.31034482758
2024-10-21,SILVER,3,3,5,326770,108923.33333333333
2024-10-21,GOLD,1,1,1,21300,21300.0
2024-10-22,FAMILY,54,54,68,4839350,89617.5925925926
2024-10-22,SILVER,4,3,8,671370,167842.5
2024-10-22,TITANIUM,1,1,2,258000,258000.0
2024-10-23,FAMILY,50,50,94,9408106,188162.12
2024-10-23,SILVER,1,1,4,716000,716000.0
2024-10-23,GOLD,1,1,1,183200,183200.0
2024-10-23,TITANIUM,1,1,1,139170,139170.0
2024-10-24,FAMILY,67,65,83,7084110,105732.98507462686
2024-10-24,SILVER,2,2,3,869700,434850.0
2024-10-25,FAMILY,47,44,65,8135620,173098.29787234042
2024-10-25,SILVER,2,2,5,611130,305565.0
2024-10-25,TITANIUM,1,1,1,179000,179000.0
2024-10-26,FAMILY,47,46,59,5756640,122481.70212765958
2024-10-26,GOLD,1,1,1,156600,156600.0
2024-10-26,SILVER,2,2,2,83000,41500.0
2024-10-27,FAMILY,64,64,87,7163610,111931.40625
2024-10-27,SILVER,2,2,2,405240,202620.0
2024-10-27,GOLD,1,1,3,156000,156000.0
2024-10-28,FAMILY,58,54,88,8204080,141449.6551724138
2024-10-28,SILVER,2,2,2,156100,78050.0
2024-10-29,FAMILY,56,56,79,9916390,177078.39285714287
2024-10-29,GOLD,2,1,2,266240,133120.0
2024-10-29,SILVER,2,2,5,255700,127850.0
2024-10-29,TITANIUM,1,1,1,169000,169000.0
2024-10-30,FAMILY,48,48,67,5744490,119676.875
2024-10-30,SILVER,3,3,3,776210,258736.66666666666
2024-10-31,FAMILY,97,94,122,12117279,124920.40206185567
2024-10-31,SILVER,5,5,5,568360,113672.0
2024-10-31,TITANIUM,1,1,1,171940,171940.0
2024-10-31,GOLD,1,1,1,103910,103910.0
2024-11-01,FAMILY,52,51,87,7417800,142650.0
2024-11-01,SILVER,4,4,8,479160,119790.0
2024-11-01,GOLD,1,1,1,119370,119370.0
2024-11-02,FAMILY,48,47,57,6133370,127778.54166666667
2024-11-02,GOLD,1,1,6,682650,682650.0
2024-11-02,SILVER,1,1,3,453500,453500.0
2024-11-03,FAMILY,82,82,104,10013890,122120.60975609756
2024-11-03,SILVER,8,8,10,961160,120145.0
2024-11-03,GOLD,2,2,3,731000,365500.0
2024-11-03,TITANIUM,1,1,1,169950,169950.0
2024-11-04,FAMILY,67,67,98,7575620,113068.95522388059
2024-11-04,SILVER,2,2,9,823260,411630.0
2024-11-04,GOLD,1,1,1,115730,115730.0
2024-11-05,FAMILY,87,86,110,10111480,116223.908045977
2024-11-05,GOLD,3,3,5,542970,180990.0
2024-11-05,SILVER,2,2,2,371040,185520.0
2024-11-05,TITANIUM,2,2,3,208220,104110.0
2024-11-06,FAMILY,79,78,125,13058360,165295.69620253163
2024-11-06,SILVER,7,6,21,1873680,267668.5714285714
2024-11-07,FAMILY,63,61,89,8147259,129321.57142857143
2024-11-07,SILVER,5,5,10,1053920,210784.0
2024-11-07,GOLD,2,2,2,299980,149990.0
2024-11-08,FAMILY,53,53,70,7936880,149752.45283018867
2024-11-08,GOLD,2,1,3,82000,41000.0
2024-11-08,SILVER,1,1,1,81000,81000.0
2024-11-09,FAMILY,25,25,30,3234899,129395.96
2024-11-09,SILVER,3,3,4,431020,143673.33333333334
2024-11-09,TITANIUM,1,1,1,121960,121960.0
2024-11-10,FAMILY,75,75,89,8606200,114749.33333333333
2024-11-10,SILVER,2,2,5,598790,299395.0
2024-11-11,FAMILY,44,43,63,5951540,135262.27272727274
2024-11-11,SILVER,2,2,2,268220,134110.0
2024-11-11,TITANIUM,1,1,1,125500,125500.0
2024-11-12,FAMILY,76,72,92,9523110,125304.07894736843
2024-11-12,SILVER,2,2,3,380260,190130.0
2024-11-12,TITANIUM,1,1,1,190050,190050.0
2024-11-13,FAMILY,45,44,79,6164990,136999.77777777778
2024-11-13,TITANIUM,2,1,2,278000,139000.0
2024-11-13,SILVER,2,2,2,270500,135250.0
2024-11-14,FAMILY,57,57,80,7339900,128770.17543859649
2024-11-14,SILVER,5,5,5,604290,120858.0
2024-11-15,FAMILY,200,197,251,25207700,126038.5
2024-11-15,SILVER,23,23,42,4464740,194119.13043478262
2024-11-15,GOLD,1,1,5,365000,365000.0
2024-11-16,FAMILY,139,134,173,18097490,130197.76978417266
2024-11-16,TITANIUM,4,3,7,775890,193972.5
2024-11-16,SILVER,4,4,5,576895,144223.75
2024-11-17,FAMILY,158,156,201,20112285,127292.94303797468
2024-11-17,SILVER,4,4,7,1013510,253377.5
2024-11-17,TITANIUM,1,1,1,137000,137000.0
2024-11-18,FAMILY,190,186,243,24106925,126878.55263157895
2024-11-18,SILVER,8,8,12,951180,118897.5
2024-11-18,TITANIUM,1,1,1,111730,111730.0
2024-11-19,FAMILY,176,175,236,23998579,136355.5625
2024-11-19,SILVER,8,8,10,1360750,170093.75
2024-11-20,FAMILY,170,168,224,22968020,135106.0
2024-11-20,SILVER,2,2,3,217530,108765.0
2024-11-20,TITANIUM,1,1,1,118300,118300.0
2024-11-20,GOLD,1,1,1,111300,111300.0
2024-11-21,FAMILY,194,194,248,25136350,129568.81443298969
2024-11-21,SILVER,7,7,11,1364530,194932.85714285713
2024-11-21,GOLD,1,1,2,173900,173900.0
2024-11-21,TITANIUM,1,1,1,115590,115590.0
2024-11-22,FAMILY,146,142,179,19607365,134297.0205479452
2024-11-22,SILVER,5,5,8,955980,191196.0
2024-11-22,TITANIUM,1,1,1,104170,104170.0
2024-11-23,FAMILY,160,157,192,20359609,127247.55625
2024-11-23,SILVER,3,3,3,182870,60956.666666666664
2024-11-24,FAMILY,202,200,266,27844195,137842.5495049505
2024-11-24,SILVER,7,6,8,1080030,154290.0
2024-11-24,GOLD,1,1,1,97470,97470.0
2024-11-25,FAMILY,142,142,177,19336410,136171.9014084507
2024-11-25,SILVER,6,5,9,1837480,306246.6666666667
2024-11-25,GOLD,1,1,4,630000,630000.0
2024-11-25,TITANIUM,1,1,1,70550,70550.0
2024-11-26,FAMILY,171,169,207,21786210,127404.73684210527
2024-11-26,SILVER,8,8,8,516450,64556.25
2024-11-26,TITANIUM,1,1,1,70820,70820.0
2024-11-27,FAMILY,229,225,276,29565829,129108.42358078602
2024-11-27,SILVER,4,4,4,568920,142230.0
2024-11-27,GOLD,2,2,2,232060,116030.0
2024-11-27,TITANIUM,1,1,1,138000,138000.0
2024-11-28,FAMILY,185,182,229,29930240,161785.0810810811
2024-11-28,SILVER,9,8,12,1897590,210843.33333333334
2024-11-28,TITANIUM,1,1,1,138000,138000.0
2024-11-28,GOLD,1,1,1,41070,41070.0
2024-11-29,FAMILY,150,149,190,25045010,166966.73333333334
2024-11-29,SILVER,4,4,6,934600,233650.0
2024-11-29,GOLD,1,1,1,229500,229500.0
2024-11-30,FAMILY,139,139,167,18639830,134099.4964028777
2024-11-30,SILVER,8,8,14,1217025,152128.125
2024-11-30,TITANIUM,1,1,4,353950,353950.0
2024-11-30,GOLD,1,1,1,182350,182350.0
2024-12-01,FAMILY,372,364,479,39929415,107337.1370967742
2024-12-01,SILVER,13,13,19,1933040,148695.38461538462
2024-12-01,TITANIUM,3,2,3,617550,205850.0
2024-12-01,GOLD,2,2,3,82180,41090.0
2024-12-02,FAMILY,211,210,259,27939114,132412.8625592417
2024-12-02,SILVER,10,10,15,1827450,182745.0
2024-12-02,GOLD,2,2,2,283310,141655.0
2024-12-02,TITANIUM,2,1,2,181820,90910.0
2024-12-03,FAMILY,158,155,193,21091990,133493.6075949367
2024-12-03,SILVER,8,8,11,900500,112562.5
2024-12-03,TITANIUM,1,1,2,177470,177470.0
2024-12-03,GOLD,2,2,2,168600,84300.0
2024-12-04,FAMILY,131,129,171,17197220,131276.4885496183
2024-12-04,TITANIUM,2,1,3,396900,198450.0
2024-12-04,SILVER,3,3,3,303960,101320.0
2024-12-04,GOLD,2,2,4,189600,94800.0
2024-12-05,FAMILY,97,96,112,14015660,144491.34020618556
2024-12-05,SILVER,3,3,3,298360,99453.33333333333
2024-12-05,TITANIUM,2,1,2,180700,90350.0
2024-12-06,FAMILY,174,168,236,27826300,159921.2643678161
2024-12-06,SILVER,16,13,21,4430700,276918.75
2024-12-06,GOLD,3,3,7,1304000,434666.6666666667
2024-12-06,TITANIUM,1,1,1,125400,125400.0
2024-12-07,FAMILY,113,113,136,16742830,148166.6371681416
2024-12-07,SILVER,3,3,3,425280,141760.0
2024-12-08,FAMILY,149,146,185,20951520,140614.22818791945
2024-12-08,SILVER,11,11,28,2473220,224838.18181818182
2024-12-08,TITANIUM,6,2,11,1207170,201195.0
2024-12-09,FAMILY,127,126,154,18339310,144404.0157480315
2024-12-09,SILVER,4,4,5,631500,157875.0
2024-12-09,TITANIUM,1,1,1,132300,132300.0
2024-12-09,GOLD,1,1,1,111510,111510.0
2024-12-10,FAMILY,121,112,157,16538839,136684.61983471076
2024-12-10,SILVER,4,4,5,705860,176465.0
2024-12-10,GOLD,2,2,4,185240,92620.0
2024-12-11,FAMILY,108,107,210,30381550,281310.64814814815
2024-12-11,SILVER,8,7,8,949110,118638.75
2024-12-11,TITANIUM,1,1,1,133840,133840.0
2024-12-11,GOLD,2,2,2,88000,44000.0
2024-12-12,FAMILY,100,96,133,13676910,136769.1
2024-12-12,SILVER,4,4,7,495430,123857.5
2024-12-12,GOLD,2,2,2,146470,73235.0
2024-12-13,FAMILY,94,94,115,10961330,116609.89361702128
2024-12-13,TITANIUM,4,2,6,684540,171135.0
2024-12-13,GOLD,1,1,1,391480,391480.0
2024-12-13,SILVER,3,3,3,285570,95190.0
2024-12-14,FAMILY,80,80,114,11155490,139443.625
2024-12-14,TITANIUM,1,1,2,278600,278600.0
2024-12-14,SILVER,3,3,3,181010,60336.666666666664
2024-12-15,FAMILY,127,127,167,17357410,136672.51968503938
2024-12-15,SILVER,3,3,6,350960,116986.66666666667
2024-12-15,GOLD,1,1,2,208500,208500.0
2024-12-16,FAMILY,116,114,156,15852950,136663.3620689655
2024-12-16,SILVER,5,5,6,637470,127494.0
2024-12-16,GOLD,1,1,1,43160,43160.0
2024-12-17,FAMILY,99,97,137,13283970,134181.51515151514
2024-12-17,TITANIUM,1,1,1,117580,117580.0
2024-12-17,SILVER,1,1,1,60000,60000.0
2024-12-18,FAMILY,89,89,117,12868790,144593.14606741574
2024-12-18,SILVER,7,6,8,865320,123617.14285714286
2024-12-18,TITANIUM,1,1,1,132300,132300.0
2024-12-18,GOLD,2,2,2,88520,44260.0
2024-12-19,FAMILY,128,126,172,19858470,155144.296875
2024-12-19,SILVER,4,4,5,752580,188145.0
2024-12-19,GOLD,4,3,6,474700,118675.0
2024-12-19,TITANIUM,1,1,2,215600,215600.0
2024-12-20,FAMILY,98,98,120,12565460,128218.97959183673
2024-12-20,SILVER,3,2,3,223300,74433.33333333333
2024-12-20,TITANIUM,1,1,1,135290,135290.0
2024-12-21,FAMILY,88,85,128,12841960,145931.36363636365
2024-12-21,SILVER,4,4,5,195860,48965.0
2024-12-22,FAMILY,129,128,155,17452393,135289.86821705426
2024-12-22,SILVER,4,4,9,1003510,250877.5
2024-12-22,TITANIUM,1,1,1,139300,139300.0
2024-12-23,FAMILY,95,92,136,15774700,166049.47368421053
2024-12-23,SILVER,5,5,8,723200,144640.0
2024-12-24,FAMILY,103,100,142,13689020,132903.1067961165
2024-12-24,SILVER,3,3,3,393380,131126.66666666666
2024-12-25,FAMILY,98,95,138,11776110,120164.38775510204
2024-12-25,SILVER,8,8,15,888860,111107.5
2024-12-26,FAMILY,102,102,145,10813140,106011.17647058824
2024-12-26,SILVER,3,3,3,278440,92813.33333333333
2024-12-26,GOLD,1,1,2,190500,190500.0
2024-12-26,TITANIUM,1,1,1,13750,13750.0
2024-12-27,FAMILY,88,87,108,9590150,108978.97727272728
2024-12-27,SILVER,4,4,4,295190,73797.5
2024-12-27,GOLD,2,1,2,109200,54600.0
2024-12-28,FAMILY,82,82,114,9731330,118674.75609756098
2024-12-28,SILVER,4,4,6,357950,89487.5
2024-12-28,TITANIUM,1,1,1,120940,120940.0
2024-12-29,FAMILY,96,95,147,12827360,133618.33333333334
2024-12-29,SILVER,6,6,7,584470,97411.66666666667
2024-12-29,TITANIUM,2,2,2,209720,104860.0
2024-12-30,FAMILY,73,71,87,9042350,123867.80821917808
2024-12-30,SILVER,7,7,16,1594620,227802.85714285713
2024-12-30,GOLD,1,1,1,215740,215740.0
2024-12-31,FAMILY,124,120,168,12277270,99010.24193548386
2024-12-31,SILVER,5,5,6,797760,159552.0
2025-01-01,FAMILY,82,81,110,9832360,119906.82926829268
2025-01-01,TITANIUM,3,2,6,657150,219050.0
2025-01-01,SILVER,4,4,8,424720,106180.0
2025-01-02,FAMILY,97,94,127,11317620,116676.49484536082
2025-01-02,SILVER,7,7,12,1528650,218378.57142857142
2025-01-02,TITANIUM,1,1,4,550000,550000.0
2025-01-03,FAMILY,69,69,87,8585440,124426.66666666667
2025-01-03,SILVER,5,5,6,1092480,218496.0
2025-01-03,GOLD,2,2,2,265500,132750.0
2025-01-04,FAMILY,55,55,68,7160440,130189.81818181818
2025-01-04,SILVER,4,4,9,1396240,349060.0
2025-01-04,TITANIUM,2,2,3,402660,201330.0
2025-01-04,GOLD,1,1,2,190000,190000.0
2025-01-05,FAMILY,74,74,89,9701830,131105.8108108108
2025-01-05,SILVER,4,4,6,525490,131372.5
2025-01-06,FAMILY,77,76,99,8882330,115354.93506493507
2025-01-06,SILVER,7,6,14,1368930,195561.42857142858
2025-01-06,GOLD,1,1,1,35450,35450.0
2025-01-07,FAMILY,88,88,105,11235500,127676.13636363637
2025-01-07,SILVER,5,5,5,1070030,214006.0
2025-01-07,TITANIUM,2,2,6,787560,393780.0
2025-01-08,FAMILY,89,87,111,11565830,129953.14606741573
2025-01-08,SILVER,10,10,14,2221310,222131.0
2025-01-09,FAMILY,82,81,97,11114840,135546.82926829267
2025-01-09,SILVER,8,8,23,1163550,145443.75
2025-01-09,TITANIUM,2,2,8,1040790,520395.0
2025-01-09,GOLD,1,1,1,125300,125300.0
2025-01-10,FAMILY,82,79,102,11078530,135104.0243902439
2025-01-10,GOLD,3,2,4,979310,326436.6666666667
2025-01-10,SILVER,3,3,3,367210,122403.33333333333
2025-01-10,TITANIUM,2,2,2,152500,76250.0
2025-01-11,FAMILY,65,65,86,7634150,117448.46153846153
2025-01-11,SILVER,8,8,8,1329430,166178.75
2025-01-12,FAMILY,81,80,100,9421310,116312.46913580247
2025-01-12,SILVER,11,9,19,1556640,141512.72727272726
2025-01-12,GOLD,1,1,1,209300,209300.0
2025-01-13,FAMILY,179,176,251,17049570,95248.99441340783
2025-01-13,SILVER,17,17,26,3242320,190724.70588235295
2025-01-13,TITANIUM,3,3,4,176580,58860.0
2025-01-14,FAMILY,105,104,137,10870620,103529.71428571429
2025-01-14,SILVER,10,10,34,3542400,354240.0
2025-01-14,TITANIUM,1,1,4,165500,165500.0
2025-01-15,FAMILY,81,81,103,6919140,85421.48148148147
2025-01-15,SILVER,12,11,21,2346040,195503.33333333334
2025-01-15,GOLD,1,1,1,652530,652530.0
2025-01-16,FAMILY,88,86,119,9354880,106305.45454545454
2025-01-16,SILVER,10,10,23,2815730,281573.0
2025-01-17,FAMILY,71,71,89,7080790,99729.43661971831
2025-01-17,SILVER,8,8,10,357710,44713.75
2025-01-17,TITANIUM,1,1,1,120000,120000.0
2025-01-17,GOLD,1,1,1,53550,53550.0
2025-01-18,FAMILY,48,48,63,5205620,108450.41666666667
2025-01-18,SILVER,3,3,3,458240,152746.66666666666
2025-01-18,GOLD,1,1,1,191200,191200.0
2025-01-18,TITANIUM,1,1,1,87470,87470.0
2025-01-19,FAMILY,68,68,94,7835750,115231.61764705883
2025-01-19,SILVER,8,7,14,1140460,142557.5
2025-01-20,FAMILY,60,60,77,6426940,107115.66666666667
2025-01-20,SILVER,8,8,8,1121970,140246.25
2025-01-20,GOLD,1,1,1,38000,38000.0
2025-01-21,FAMILY,77,76,96,9390843,121959.0
2025-01-21,SILVER,12,12,25,2504500,208708.33333333334
2025-01-22,FAMILY,102,102,127,9678040,94882.74509803922
2025-01-22,SILVER,12,12,21,1758520,146543.33333333334
2025-01-23,FAMILY,85,85,107,8014580,94289.17647058824
2025-01-23,SILVER,5,5,6,1047060,209412.0
2025-01-23,GOLD,4,3,5,705140,176285.0
2025-01-24,FAMILY,53,52,65,5682903,107224.58490566038
2025-01-24,SILVER,3,3,3,303730,101243.33333333333
2025-01-24,TITANIUM,1,1,1,85390,85390.0
2025-01-25,FAMILY,41,41,44,3174400,77424.39024390244
2025-01-25,SILVER,3,3,8,788510,262836.6666666667
2025-01-26,FAMILY,564,558,701,26320570,46667.67730496454
2025-01-26,SILVER,21,21,26,2243750,106845.23809523809
2025-01-26,GOLD,2,2,2,168420,84210.0
2025-01-26,TITANIUM,1,1,1,70300,70300.0
2025-01-27,FAMILY,424,424,508,21934613,51732.57783018868
2025-01-27,SILVER,24,24,30,2372800,98866.66666666667
2025-01-27,GOLD,4,4,8,473480,118370.0
2025-01-28,FAMILY,175,173,215,10366390,59236.514285714286
2025-01-28,SILVER,10,10,19,1390210,139021.0
2025-01-29,FAMILY,119,118,135,7364570,61887.142857142855
2025-01-29,SILVER,9,9,13,1123960,124884.44444444444
2025-01-29,GOLD,1,1,1,189300,189300.0
2025-01-29,TITANIUM,1,1,1,87670,87670.0
2025-01-30,FAMILY,200,200,230,14698830,73494.15
2025-01-30,SILVER,8,8,8,720140,90017.5
2025-01-30,TITANIUM,2,2,6,376410,188205.0
2025-01-30,GOLD,1,1,1,68500,68500.0
2025-01-31,FAMILY,951,950,1110,47634790,50089.15878023134
2025-01-31,SILVER,31,30,45,3301620,106503.87096774194
2025-01-31,GOLD,3,3,4,233850,77950.0
2025-01-31,TITANIUM,3,2,3,149620,49873.333333333336
2025-02-01,FAMILY,45,45,47,4376240,97249.77777777778
2025-02-01,SILVER,3,3,4,447650,149216.66666666666
2025-02-02,FAMILY,54,53,63,7437130,137724.62962962964
2025-02-02,TITANIUM,1,1,7,882950,882950.0
2025-02-02,SILVER,3,3,5,597080,199026.66666666666
2025-02-03,FAMILY,44,44,46,4495850,102178.40909090909
2025-02-03,SILVER,2,2,2,217100,108550.0
2025-02-03,TITANIUM,1,1,1,90300,90300.0
2025-02-03,GOLD,1,1,1,44000,44000.0
2025-02-04,FAMILY,55,54,59,6556920,119216.72727272728
2025-02-04,SILVER,5,5,10,691410,138282.0
2025-02-04,GOLD,1,1,1,74500,74500.0
2025-02-05,FAMILY,73,71,91,8602270,117839.31506849315
2025-02-05,SILVER,8,8,13,2509860,313732.5
2025-02-06,FAMILY,59,58,63,7132650,120892.37288135593
2025-02-06,SILVER,9,9,13,2654150,294905.55555555556
2025-02-06,TITANIUM,3,2,6,680300,226766.66666666666
2025-02-06,GOLD,1,1,1,144000,144000.0
2025-02-07,FAMILY,94,89,106,9161950,97467.55319148937
2025-02-07,SILVER,9,9,13,1428260,158695.55555555556
2025-02-07,GOLD,1,1,1,25040,25040.0
2025-02-08,FAMILY,49,48,57,5201440,106151.83673469388
2025-02-08,SILVER,9,8,10,1356260,150695.55555555556
2025-02-08,GOLD,3,2,6,409970,136656.66666666666
2025-02-08,TITANIUM,1,1,2,240000,240000.0
2025-02-09,FAMILY,82,81,97,10039620,122434.39024390244
2025-02-09,SILVER,13,13,22,2675670,205820.76923076922
2025-02-09,GOLD,1,1,1,142090,142090.0
2025-02-10,FAMILY,63,63,73,6973740,110694.28571428571
2025-02-10,SILVER,12,11,71,2819600,234966.66666666666
2025-02-10,TITANIUM,2,2,3,330260,165130.0
2025-02-10,GOLD,1,1,1,79500,79500.0
2025-02-11,FAMILY,52,51,63,5719700,109994.23076923077
2025-02-11,SILVER,11,11,11,1360570,123688.18181818182
2025-02-11,TITANIUM,2,1,7,370000,185000.0
2025-02-11,GOLD,2,2,2,194880,97440.0
2025-02-12,FAMILY,49,49,58,4937330,100761.83673469388
2025-02-12,SILVER,1,1,1,395830,395830.0
2025-02-12,GOLD,1,1,1,6170,6170.0
2025-02-13,FAMILY,67,67,76,7188540,107291.64179104478
2025-02-13,SILVER,9,9,15,1392830,154758.88888888888
2025-02-13,TITANIUM,1,1,4,67200,67200.0
2025-02-14,FAMILY,69,66,96,6616140,95886.08695652174
2025-02-14,SILVER,9,9,13,1349800,149977.77777777778
2025-02-14,TITANIUM,2,2,4,561660,280830.0
2025-02-15,FAMILY,44,43,54,5518910,125429.77272727272
2025-02-15,SILVER,5,5,9,1093720,218744.0
2025-02-16,FAMILY,61,59,75,6734080,110394.75409836066
2025-02-16,SILVER,8,7,11,1948700,243587.5
2025-02-16,TITANIUM,1,1,2,300000,300000.0
2025-02-16,GOLD,2,2,2,184540,92270.0
2025-02-17,FAMILY,63,59,84,7773210,123384.28571428571
2025-02-17,SILVER,9,9,13,1033590,114843.33333333333
2025-02-17,GOLD,2,2,5,282700,141350.0
2025-02-18,FAMILY,57,56,83,6565500,115184.21052631579
2025-02-18,SILVER,5,5,7,686660,137332.0
2025-02-18,GOLD,1,1,1,141300,141300.0
2025-02-18,TITANIUM,1,1,1,30270,30270.0
2025-02-19,FAMILY,55,53,138,10567550,192137.27272727274
2025-02-19,SILVER,7,6,17,2036390,290912.85714285716
2025-02-19,GOLD,2,2,4,86600,43300.0
2025-02-20,FAMILY,109,108,129,12466635,114372.79816513762
2025-02-20,SILVER,21,21,32,4580588,218123.2380952381
2025-02-20,TITANIUM,2,2,3,368970,184485.0
2025-02-21,FAMILY,75,75,86,7938492,105846.56
2025-02-21,SILVER,11,9,14,1946790,176980.9090909091
2025-02-21,GOLD,1,1,1,34500,34500.0
2025-02-22,FAMILY,57,57,73,5635009,98859.80701754386
2025-02-22,SILVER,3,3,8,398876,132958.66666666666
2025-02-23,FAMILY,76,76,98,8698215,114450.19736842105
2025-02-23,SILVER,10,10,11,1490200,149020.0
2025-02-23,GOLD,2,2,2,414790,207395.0
2025-02-24,FAMILY,68,68,77,8185128,120369.5294117647
2025-02-24,SILVER,6,6,8,962920,160486.66666666666
2025-02-25,FAMILY,59,59,68,6933322,117513.93220338984
2025-02-25,SILVER,9,9,28,2022419,224713.22222222222
2025-02-25,GOLD,1,1,2,35000,35000.0
2025-02-26,FAMILY,60,59,69,5523740,92062.33333333333
2025-02-26,SILVER,8,8,16,1358722,169840.25
2025-02-26,GOLD,2,2,2,344240,172120.0
2025-02-27,FAMILY,56,56,91,7002042,125036.46428571429
2025-02-27,SILVER,8,8,40,1421748,177718.5
2025-02-27,GOLD,1,1,6,369210,369210.0
2025-02-28,FAMILY,40,40,42,3261787,81544.675
2025-02-28,SILVER,4,4,10,371066,92766.5
2025-03-01,FAMILY,56,56,69,5517928,98534.42857142857
2025-03-01,SILVER,6,6,17,1114250,185708.33333333334
2025-03-02,FAMILY,55,55,61,6178596,112338.10909090909
2025-03-02,SILVER,5,5,9,1504760,300952.0
2025-03-02,GOLD,1,1,2,273440,273440.0
2025-03-02,TITANIUM,1,1,1,100000,100000.0
2025-03-03,FAMILY,69,69,101,7670557,111167.49275362318
2025-03-03,SILVER,7,7,8,1007622,143946.0
2025-03-03,GOLD,1,1,1,70000,70000.0
2025-03-04,FAMILY,51,51,61,5863598,114972.50980392157
2025-03-04,SILVER,2,2,2,205830,102915.0
2025-03-05,FAMILY,53,53,73,5196859,98053.94339622642
2025-03-05,SILVER,4,4,6,449882,112470.5
2025-03-05,GOLD,1,1,1,200970,200970.0
2025-03-06,FAMILY,58,58,66,6307960,108757.93103448275
2025-03-06,SILVER,5,5,8,1102330,220466.0
2025-03-06,GOLD,3,3,8,811910,270636.6666666667
2025-03-06,TITANIUM,2,2,7,582600,291300.0
2025-03-07,FAMILY,58,58,75,6062868,104532.20689655172
2025-03-07,SILVER,2,2,2,340272,170136.0
2025-03-08,FAMILY,51,50,76,5638724,110563.2156862745
2025-03-08,SILVER,4,4,5,499550,124887.5
2025-03-09,FAMILY,61,61,77,6013710,98585.40983606558
2025-03-09,GOLD,3,3,3,573684,191228.0
2025-03-09,SILVER,5,4,8,560864,112172.8
2025-03-10,FAMILY,51,50,217,13494050,264589.2156862745
2025-03-10,SILVER,3,3,4,434610,144870.0
2025-03-10,GOLD,1,1,1,94000,94000.0
2025-03-11,FAMILY,50,49,73,5564160,111283.2
2025-03-11,SILVER,5,5,6,885050,177010.0
2025-03-11,GOLD,2,2,9,369640,184820.0
2025-03-12,FAMILY,45,43,52,4693930,104309.55555555556
2025-03-12,SILVER,5,5,8,645580,129116.0
2025-03-12,GOLD,1,1,1,111300,111300.0
2025-03-13,FAMILY,70,67,106,6540230,93431.85714285714
2025-03-13,TITANIUM,2,1,2,350000,175000.0
2025-03-13,SILVER,3,2,3,175070,58356.666666666664
2025-03-14,FAMILY,50,48,62,5414010,108280.2
2025-03-14,SILVER,7,5,10,872090,124584.28571428571
2025-03-14,GOLD,1,1,1,57000,57000.0
2025-03-15,FAMILY,63,62,75,5234540,83087.93650793651
2025-03-15,SILVER,9,9,15,1366790,151865.55555555556
2025-03-16,FAMILY,54,54,74,5305290,98246.11111111111
2025-03-16,SILVER,10,9,14,1180460,118046.0
2025-03-16,TITANIUM,1,1,1,99000,99000.0
2025-03-17,FAMILY,55,54,71,5229730,95086.0
2025-03-17,SILVER,5,5,6,939800,187960.0
2025-03-18,FAMILY,37,37,46,3117049,84244.56756756757
2025-03-18,SILVER,6,6,15,1072860,178810.0
2025-03-18,GOLD,1,1,1,134500,134500.0
2025-03-19,FAMILY,63,60,81,5308010,84254.12698412698
2025-03-19,SILVER,5,5,5,314060,62812.0
2025-03-20,FAMILY,64,64,74,5342000,83468.75
2025-03-20,SILVER,6,6,6,439610,73268.33333333333
2025-03-21,FAMILY,51,49,74,4745820,93055.29411764706
2025-03-21,SILVER,5,5,8,748480,149696.0
2025-03-21,GOLD,1,1,2,154000,154000.0
2025-03-22,FAMILY,39,39,49,4112540,105449.7435897436
2025-03-22,GOLD,1,1,4,298200,298200.0
2025-03-22,SILVER,2,2,3,95140,47570.0
2025-03-23,FAMILY,57,55,80,5370730,94223.33333333333
2025-03-23,SILVER,5,5,10,662840,132568.0
2025-03-24,FAMILY,60,59,84,5555270,92587.83333333333
2025-03-24,SILVER,1,1,1,62300,62300.0
2025-03-25,FAMILY,60,60,95,6550800,109180.0
2025-03-25,SILVER,7,7,23,2035340,290762.85714285716
2025-03-25,TITANIUM,1,1,3,357300,357300.0
2025-03-25,GOLD,1,1,1,56150,56150.0
2025-03-26,FAMILY,46,46,57,4020770,87408.04347826086
2025-03-26,SILVER,7,5,17,1265160,180737.14285714287
2025-03-27,FAMILY,37,37,60,3709990,100270.0
2025-03-27,SILVER,5,5,24,423210,84642.0
2025-03-27,GOLD,1,1,2,119000,119000.0
2025-03-28,FAMILY,34,34,50,3204680,94255.29411764706
2025-03-28,SILVER,7,6,9,1276790,182398.57142857142
2025-03-28,GOLD,1,1,1,81670,81670.0
2025-03-29,FAMILY,37,37,45,3467550,93717.56756756757
2025-03-29,SILVER,3,3,6,264360,88120.0
2025-03-29,GOLD,1,1,2,123000,123000.0
2025-03-30,FAMILY,31,31,35,2571500,82951.6129032258
2025-03-30,SILVER,9,8,12,1284710,142745.55555555556
2025-03-30,GOLD,1,1,1,124190,124190.0
2025-03-31,FAMILY,35,35,41,2748660,78533.14285714286
2025-03-31,SILVER,5,5,5,402030,80406.0
2025-04-01,FAMILY,50,48,69,4897050,97941.0
2025-04-01,SILVER,8,7,11,898160,112270.0
2025-04-01,GOLD,1,1,1,87630,87630.0
2025-04-02,FAMILY,44,44,69,4459570,101353.86363636363
2025-04-02,SILVER,6,5,11,1298050,216341.66666666666
2025-04-03,FAMILY,62,62,90,6041395,97441.85483870968
2025-04-03,SILVER,8,8,8,501400,62675.0
2025-04-04,FAMILY,46,46,188,9466090,205784.5652173913
2025-04-04,SILVER,11,9,11,905230,82293.63636363637
2025-04-04,TITANIUM,1,1,4,350200,350200.0
2025-04-05,FAMILY,42,41,49,3055815,72757.5
2025-04-05,SILVER,5,5,7,463800,92760.0
2025-04-06,FAMILY,54,54,66,4101980,75962.5925925926
2025-04-06,SILVER,5,4,8,953290,190658.0
2025-04-07,FAMILY,57,53,106,6777380,118901.40350877192
2025-04-07,SILVER,6,6,10,521620,86936.66666666667
2025-04-07,GOLD,1,1,1,161100,161100.0
2025-04-08,FAMILY,46,45,75,5032235,109396.41304347826
2025-04-08,SILVER,7,7,8,731150,104450.0
2025-04-08,GOLD,1,1,1,71100,71100.0
2025-04-09,FAMILY,43,42,61,3459565,80455.0
2025-04-09,SILVER,7,7,7,513400,73342.85714285714
2025-04-09,GOLD,2,2,5,284150,142075.0
2025-04-10,FAMILY,63,62,82,5505535,87389.44444444444
2025-04-10,SILVER,4,4,9,696960,174240.0
2025-04-10,GOLD,1,1,1,70610,70610.0
2025-04-11,FAMILY,56,56,82,5467960,97642.14285714286
2025-04-11,SILVER,8,8,13,821445,102680.625
2025-04-11,GOLD,1,1,1,85870,85870.0
2025-04-12,FAMILY,46,46,62,3829240,83244.34782608696
2025-04-12,GOLD,1,1,10,1156500,1156500.0
2025-04-12,SILVER,6,6,10,665630,110938.33333333333
2025-04-13,FAMILY,73,72,96,6421030,87959.31506849315
2025-04-13,SILVER,6,6,15,854360,142393.33333333334
2025-04-13,GOLD,2,2,3,155420,77710.0
2025-04-14,FAMILY,64,64,91,6022940,94108.4375
2025-04-14,SILVER,7,7,12,826850,118121.42857142857
2025-04-14,GOLD,2,1,2,218000,109000.0
2025-04-15,FAMILY,64,64,98,4801435,75022.421875
2025-04-15,SILVER,10,10,16,1604270,160427.0
2025-04-16,FAMILY,55,54,83,5006595,91029.0
2025-04-16,SILVER,7,7,14,809500,115642.85714285714
2025-04-16,GOLD,2,2,4,164440,82220.0
2025-04-17,FAMILY,63,62,81,4349810,69044.60317460318
2025-04-17,SILVER,5,5,11,647420,129484.0
2025-04-18,FAMILY,86,86,141,7455850,86695.93023255814
2025-04-18,SILVER,9,9,13,699850,77761.11111111111
2025-04-18,GOLD,2,2,3,209600,104800.0
2025-04-19,FAMILY,40,39,66,3706020,92650.5
2025-04-19,SILVER,7,7,17,662850,94692.85714285714
2025-04-20,FAMILY,62,58,97,4407640,71090.96774193548
2025-04-20,SILVER,6,6,12,604730,100788.33333333333
2025-04-21,FAMILY,74,74,120,6634570,89656.35135135135
2025-04-21,SILVER,12,11,24,2543330,211944.16666666666
2025-04-21,GOLD,1,1,2,100020,100020.0
2025-04-22,FAMILY,61,61,79,5343470,87597.86885245901
2025-04-22,SILVER,6,6,6,454240,75706.66666666667
2025-04-22,GOLD,2,2,2,107970,53985.0
2025-04-23,FAMILY,67,65,111,6382510,95261.34328358209
2025-04-23,SILVER,10,8,19,1105910,110591.0
2025-04-24,FAMILY,84,81,118,7528580,89625.95238095238
2025-04-24,SILVER,12,12,20,1616620,134718.33333333334
2025-04-25,FAMILY,67,66,116,7432130,110927.31343283581
2025-04-25,SILVER,12,12,21,1234240,102853.33333333333
2025-04-26,FAMILY,49,49,66,4333540,88439.59183673469
2025-04-26,SILVER,5,5,7,429300,85860.0
2025-04-27,FAMILY,66,65,88,5915670,89631.36363636363
2025-04-27,SILVER,5,5,18,1846780,369356.0
2025-04-27,TITANIUM,1,1,6,436880,436880.0
2025-04-27,GOLD,1,1,5,372110,372110.0
2025-04-28,FAMILY,74,73,87,6655470,89938.78378378379
2025-04-28,SILVER,2,2,2,186550,93275.0
2025-04-28,GOLD,1,1,1,130900,130900.0
2025-04-29,FAMILY,39,39,50,3444970,88332.56410256411
2025-04-29,SILVER,7,6,15,914870,130695.71428571429
2025-04-30,FAMILY,166,166,217,8411200,50669.87951807229
2025-04-30,SILVER,11,11,18,1370000,124545.45454545454
2025-04-30,GOLD,2,1,2,139950,69975.0
2025-05-01,FAMILY,103,103,117,5663720,54987.57281553398
2025-05-01,SILVER,15,15,20,1322500,88166.66666666667
2025-05-01,GOLD,2,2,2,153690,76845.0
2025-05-02,FAMILY,55,55,67,3323520,60427.63636363636
2025-05-02,GOLD,2,2,11,1805700,902850.0
2025-05-02,SILVER,10,10,18,996820,99682.0
2025-05-03,FAMILY,61,61,77,3934800,64504.91803278688
2025-05-03,SILVER,8,7,12,856640,107080.0
2025-05-03,GOLD,3,3,8,537600,179200.0
2025-05-04,FAMILY,52,52,82,5061920,97344.61538461539
2025-05-04,SILVER,4,4,4,292600,73150.0
2025-05-04,GOLD,1,1,1,39000,39000.0
2025-05-05,FAMILY,53,53,65,3470500,65481.1320754717
2025-05-05,TITANIUM,1,1,2,337930,337930.0
2025-05-05,SILVER,3,3,6,296950,98983.33333333333
2025-05-05,GOLD,1,1,3,117000,117000.0
2025-05-06,FAMILY,92,91,114,6775240,73643.91304347826
2025-05-06,SILVER,6,5,10,1042460,173743.33333333334
2025-05-06,GOLD,2,2,5,579290,289645.0
2025-05-07,FAMILY,65,65,77,5332980,82045.84615384616
2025-05-07,SILVER,10,10,14,1151860,115186.0
2025-05-08,FAMILY,44,44,55,3899440,88623.63636363637
2025-05-08,SILVER,4,4,6,406220,101555.0
2025-05-08,GOLD,1,1,1,97000,97000.0
2025-05-09,FAMILY,48,47,64,3473320,72360.83333333333
2025-05-09,SILVER,8,7,11,1061670,132708.75
2025-05-09,TITANIUM,1,1,3,61740,61740.0
2025-05-10,FAMILY,46,46,60,2946510,64054.565217391304
2025-05-10,SILVER,2,2,2,151350,75675.0
2025-05-10,GOLD,2,2,2,136110,68055.0
2025-05-11,FAMILY,387,385,469,18301070,47289.58656330749
2025-05-11,SILVER,31,30,49,3294600,106277.41935483871
2025-05-11,GOLD,1,1,3,192710,192710.0
2025-05-12,FAMILY,54,53,89,4467290,82727.5925925926
2025-05-12,SILVER,4,4,7,682340,170585.0
2025-05-13,FAMILY,45,44,55,2694600,59880.0
2025-05-13,TITANIUM,1,1,4,398000,398000.0
2025-05-13,SILVER,5,5,5,330740,66148.0
2025-05-13,GOLD,1,1,1,88500,88500.0
2025-05-14,FAMILY,45,44,59,4360020,96889.33333333333
2025-05-14,SILVER,5,5,6,521600,104320.0
2025-05-14,TITANIUM,1,1,1,105610,105610.0
2025-05-14,GOLD,1,1,2,65500,65500.0
2025-05-15,FAMILY,54,54,75,5002830,92645.0
2025-05-15,SILVER,7,7,9,599900,85700.0
2025-05-16,FAMILY,55,53,83,4615420,83916.72727272728
2025-05-16,SILVER,5,5,9,723350,144670.0
2025-05-16,GOLD,1,1,1,39500,39500.0
2025-05-17,FAMILY,32,32,40,3011170,94099.0625
2025-05-17,SILVER,4,3,5,513700,128425.0
2025-05-18,FAMILY,39,37,55,3270780,83866.15384615384
2025-05-18,SILVER,5,5,6,545080,109016.0
2025-05-19,FAMILY,48,46,59,3356600,69929.16666666667
2025-05-19,SILVER,8,7,11,968890,121111.25
2025-05-20,FAMILY,57,56,71,4474220,78495.08771929824
2025-05-20,GOLD,4,4,20,1211160,302790.0
2025-05-20,SILVER,6,6,13,784220,130703.33333333333
2025-05-20,TITANIUM,1,1,3,58500,58500.0
2025-05-21,FAMILY,67,64,110,7583040,113179.70149253731
2025-05-21,SILVER,10,9,21,1583210,158321.0
2025-05-22,FAMILY,50,50,79,4702370,94047.4
2025-05-22,SILVER,9,9,22,1611230,179025.55555555556
2025-05-22,GOLD,1,1,1,19450,19450.0
2025-05-23,FAMILY,50,50,64,4040920,80818.4
2025-05-23,SILVER,4,4,4,316860,79215.0
2025-05-23,GOLD,1,1,4,71000,71000.0
2025-05-24,FAMILY,45,43,55,3117510,69278.0
2025-05-24,SILVER,7,6,9,691480,98782.85714285714
2025-05-24,GOLD,1,1,6,307210,307210.0
2025-05-25,FAMILY,53,53,70,4822180,90984.52830188679
2025-05-25,GOLD,1,1,2,106320,106320.0
2025-05-26,FAMILY,68,67,99,5574070,81971.61764705883
2025-05-26,GOLD,1,1,18,2250160,2250160.0
2025-05-26,SILVER,8,8,12,960100,120012.5
2025-05-27,FAMILY,55,54,71,4422120,80402.18181818182
2025-05-27,SILVER,6,6,13,849270,141545.0
2025-05-27,GOLD,1,1,1,83540,83540.0
2025-05-28,FAMILY,51,50,68,3267490,64068.43137254902
2025-05-28,SILVER,8,8,11,1188590,148573.75
2025-05-28,TITANIUM,1,1,4,130000,130000.0
2025-05-29,FAMILY,95,95,127,8083640,85090.94736842105
2025-05-29,SILVER,8,7,11,640220,80027.5
2025-05-29,GOLD,1,1,1,24500,24500.0
2025-05-30,FAMILY,47,45,58,3483590,74118.93617021276
2025-05-30,SILVER,3,3,5,594300,198100.0
2025-05-31,FAMILY,53,53,59,4105910,77470.0
2025-05-31,SILVER,5,5,8,343010,68602.0
2025-05-31,GOLD,1,1,3,151000,151000.0
2025-06-01,FAMILY,57,57,76,3722680,65310.17543859649
2025-06-01,SILVER,9,9,22,1645300,182811.11111111112
2025-06-02,FAMILY,54,53,68,4424570,81936.48148148147
2025-06-02,SILVER,10,10,20,1561590,156159.0
2025-06-02,TITANIUM,1,1,3,157000,157000.0
2025-06-03,FAMILY,49,49,62,3992090,81471.22448979592
2025-06-03,SILVER,1,1,1,80550,80550.0
2025-06-03,TITANIUM,1,1,1,59000,59000.0
2025-06-04,FAMILY,47,47,56,3772880,80274.0425531915
2025-06-04,SILVER,3,3,3,137600,45866.666666666664
2025-06-04,GOLD,1,1,1,75450,75450.0
2025-06-05,FAMILY,34,33,51,2931210,86212.05882352941
2025-06-05,SILVER,4,4,6,316710,79177.5
2025-06-06,FAMILY,44,44,55,2917030,66296.13636363637
2025-06-06,SILVER,3,3,3,201360,67120.0
2025-06-07,FAMILY,54,53,73,4282450,79304.62962962964
2025-06-07,SILVER,3,3,4,254890,84963.33333333333
2025-06-08,FAMILY,111,109,148,8386510,75554.14414414414
2025-06-08,SILVER,13,12,19,1518600,116815.38461538461
2025-06-08,GOLD,1,1,1,47200,47200.0
2025-06-09,FAMILY,74,73,102,6264450,84654.72972972973
2025-06-09,GOLD,2,2,11,1816520,908260.0
2025-06-09,SILVER,1,1,2,117500,117500.0
2025-06-09,TITANIUM,1,1,2,98100,98100.0
2025-06-10,FAMILY,68,67,87,5342350,78563.9705882353
2025-06-10,SILVER,5,5,8,596070,119214.0
2025-06-10,GOLD,2,2,5,447730,223865.0
2025-06-11,FAMILY,64,64,92,5825000,91015.625
2025-06-11,SILVER,7,7,12,1107140,158162.85714285713
2025-06-12,FAMILY,78,78,103,6671880,85536.92307692308
2025-06-12,SILVER,8,8,34,1421210,177651.25
2025-06-12,GOLD,1,1,1,32000,32000.0
2025-06-13,FAMILY,57,57,72,4344770,76224.0350877193
2025-06-13,SILVER,2,2,3,194200,97100.0
2025-06-13,GOLD,2,2,3,162770,81385.0
2025-06-14,FAMILY,81,79,104,7062100,87186.41975308642
2025-06-14,SILVER,4,4,5,321230,80307.5
2025-06-14,GOLD,1,1,1,47200,47200.0
2025-06-15,FAMILY,71,71,104,6064650,85417.60563380281
2025-06-15,SILVER,8,8,13,994420,124302.5
2025-06-15,GOLD,3,3,3,224880,74960.0
2025-06-16,FAMILY,63,61,74,4551610,72247.77777777778
2025-06-16,SILVER,6,6,12,732120,122020.0
2025-06-16,GOLD,3,3,5,370100,123366.66666666667
2025-06-17,FAMILY,73,73,217,9797360,134210.4109589041
2025-06-17,SILVER,3,3,3,140400,46800.0
2025-06-17,GOLD,1,1,1,99500,99500.0
2025-06-18,FAMILY,59,59,77,4610530,78144.57627118644
2025-06-18,SILVER,5,5,49,1907940,381588.0
2025-06-18,GOLD,2,2,3,325300,162650.0
2025-06-19,FAMILY,69,68,92,5503500,79760.86956521739
2025-06-19,SILVER,8,8,23,2325640,290705.0
2025-06-20,FAMILY,112,109,130,9619600,85889.28571428571
2025-06-20,SILVER,11,11,13,1163610,105782.72727272728
2025-06-20,GOLD,5,3,10,596750,119350.0
2025-06-21,FAMILY,51,50,71,4583360,89869.80392156863
2025-06-21,SILVER,6,6,9,518240,86373.33333333333
2025-06-21,GOLD,1,1,4,124420,124420.0
2025-06-22,FAMILY,66,66,77,5450070,82576.81818181818
2025-06-22,SILVER,3,3,5,465450,155150.0
2025-06-22,GOLD,1,1,2,238000,238000.0
2025-06-23,FAMILY,65,65,86,5381840,82797.53846153847
2025-06-23,SILVER,5,5,8,505580,101116.0
2025-06-24,FAMILY,53,53,65,3856330,72760.94339622642
2025-06-24,SILVER,10,9,15,1460790,146079.0
2025-06-24,GOLD,2,2,3,226140,113070.0
2025-06-25,FAMILY,63,63,76,5068260,80448.57142857143
2025-06-25,SILVER,9,9,11,975420,108380.0
2025-06-25,GOLD,3,3,3,125870,41956.666666666664
2025-06-26,FAMILY,57,56,68,4927210,86442.28070175438
2025-06-26,TITANIUM,1,1,5,364300,364300.0
2025-06-26,GOLD,3,2,3,182980,60993.333333333336
2025-06-26,SILVER,1,1,1,49280,49280.0
2025-06-27,FAMILY,193,177,212,10244430,53079.9481865285
2025-06-27,GOLD,1,1,14,2278980,2278980.0
2025-06-27,SILVER,5,4,6,577060,115412.0
2025-06-28,FAMILY,71,67,88,4806810,67701.54929577465
2025-06-28,SILVER,5,5,14,976090,195218.0
2025-06-29,FAMILY,74,72,80,4786590,64683.64864864865
2025-06-29,GOLD,2,2,6,331680,165840.0
2025-06-29,TITANIUM,2,2,2,156430,78215.0
2025-06-29,SILVER,2,2,4,134930,67465.0
2025-06-30,FAMILY,77,76,180,9692630,125878.31168831169
2025-06-30,SILVER,6,6,8,803760,133960.0
2025-06-30,GOLD,2,1,2,82000,41000.0
2025-07-01,FAMILY,60,60,90,5301690,88361.5
2025-07-01,SILVER,6,5,12,739520,123253.33333333333
2025-07-01,GOLD,1,1,1,62300,62300.0
2025-07-02,FAMILY,74,71,96,5252830,70984.18918918919
2025-07-02,SILVER,5,5,10,833970,166794.0
2025-07-03,FAMILY,68,66,86,4875580,71699.70588235294
2025-07-03,SILVER,7,7,10,583030,83290.0
2025-07-04,FAMILY,82,80,112,5814950,70914.0243902439
2025-07-04,SILVER,14,13,36,2084830,148916.42857142858
2025-07-04,GOLD,3,3,5,281950,93983.33333333333
2025-07-05,FAMILY,64,63,96,5749780,89840.3125
2025-07-05,SILVER,6,6,16,1048230,174705.0
2025-07-06,FAMILY,91,91,119,6653100,73110.98901098901
2025-07-06,SILVER,6,6,12,878840,146473.33333333334
2025-07-07,FAMILY,90,90,127,7228655,80318.38888888889
2025-07-07,SILVER,12,11,21,886940,73911.66666666667
2025-07-07,GOLD,3,3,3,240460,80153.33333333333
2025-07-07,TITANIUM,1,1,2,194750,194750.0
2025-07-08,FAMILY,100,100,143,8385425,83854.25
2025-07-08,SILVER,8,8,12,798115,99764.375
2025-07-08,GOLD,1,1,3,175100,175100.0
2025-07-09,FAMILY,108,102,172,12367705,114515.78703703704
2025-07-09,SILVER,18,17,48,3557755,197653.05555555556
2025-07-09,GOLD,2,2,3,214210,107105.0
2025-07-10,FAMILY,75,75,108,7358985,98119.8
2025-07-10,SILVER,13,13,25,1592595,122507.30769230769
2025-07-11,FAMILY,73,71,102,6311175,86454.45205479451
2025-07-11,SILVER,8,8,15,925275,115659.375
2025-07-11,GOLD,1,1,3,187500,187500.0
2025-07-12,FAMILY,56,55,84,5216930,93159.46428571429
2025-07-12,SILVER,13,9,29,2171435,167033.46153846153
2025-07-13,FAMILY,73,73,124,6773975,92794.17808219178
2025-07-13,SILVER,7,7,13,630620,90088.57142857143
2025-07-13,GOLD,1,1,2,311485,311485.0
2025-07-14,FAMILY,64,57,85,6146910,96045.46875
2025-07-14,SILVER,7,7,14,1068890,152698.57142857142
2025-07-14,GOLD,2,2,3,290180,145090.0
2025-07-14,TITANIUM,1,1,4,252220,252220.0
2025-07-15,FAMILY,54,50,65,4205855,77886.20370370371
2025-07-15,SILVER,14,13,26,2228225,159158.92857142858
2025-07-15,TITANIUM,1,1,5,415700,415700.0
2025-07-16,FAMILY,77,76,104,6561210,85210.51948051948
2025-07-16,SILVER,9,9,16,1897050,210783.33333333334
2025-07-16,TITANIUM,3,1,15,1437775,479258.3333333333
2025-07-17,FAMILY,123,117,183,12263745,99705.24390243902
2025-07-17,SILVER,13,13,42,2572265,197866.53846153847
2025-07-18,FAMILY,75,74,94,6102425,81365.66666666667
2025-07-18,SILVER,10,10,17,1290100,129010.0
2025-07-18,TITANIUM,2,2,6,494400,247200.0
2025-07-18,GOLD,2,2,2,128410,64205.0
2025-07-19,FAMILY,69,68,89,6015760,87184.92753623189
2025-07-19,SILVER,6,5,8,526880,87813.33333333333
2025-07-20,FAMILY,81,81,117,6800970,83962.5925925926
2025-07-20,SILVER,7,7,15,1213585,173369.2857142857
2025-07-20,GOLD,1,1,1,265525,265525.0
2025-07-21,FAMILY,69,69,87,5459200,79118.84057971014
2025-07-21,SILVER,11,9,21,1479990,134544.54545454544
2025-07-21,GOLD,3,3,8,507880,169293.33333333334
2025-07-22,FAMILY,72,72,109,6477645,89967.29166666667
2025-07-22,SILVER,5,5,9,1199120,239824.0
2025-07-23,FAMILY,65,64,152,10462325,160958.84615384616
2025-07-23,SILVER,9,8,18,1344430,149381.11111111112
2025-07-23,TITANIUM,1,1,1,64500,64500.0
2025-07-23,GOLD,1,1,1,7000,7000.0
2025-07-24,FAMILY,61,60,130,9853930,161539.83606557376
2025-07-24,SILVER,3,3,16,1034220,344740.0
2025-07-24,GOLD,1,1,4,200540,200540.0
2025-07-25,FAMILY,60,60,82,4793325,79888.75
2025-07-25,SILVER,3,2,8,478230,159410.0
2025-07-25,GOLD,1,1,1,49000,49000.0
2025-07-26,FAMILY,71,68,95,6117185,86157.5352112676
2025-07-26,SILVER,6,6,9,573140,95523.33333333333
2025-07-27,FAMILY,67,66,80,4435420,66200.29850746269
2025-07-27,SILVER,6,6,8,581960,96993.33333333333
2025-07-27,GOLD,1,1,4,179220,179220.0
2025-07-28,FAMILY,76,74,102,5222195,68713.09210526316
2025-07-28,SILVER,8,8,13,629170,78646.25
2025-07-28,GOLD,3,3,8,464770,154923.33333333334
2025-07-28,TITANIUM,1,1,5,192720,192720.0
2025-07-29,FAMILY,72,71,101,5615245,77989.51388888889
2025-07-29,SILVER,8,8,16,971460,121432.5
2025-07-29,GOLD,3,3,3,206180,68726.66666666667
2025-07-30,FAMILY,75,73,103,6248920,83318.93333333333
2025-07-30,SILVER,8,8,21,1529510,191188.75
2025-07-30,GOLD,1,1,9,630000,630000.0
2025-07-30,TITANIUM,1,1,1,80540,80540.0
2025-07-31,FAMILY,77,76,106,6618410,85953.37662337662
2025-07-31,SILVER,4,4,6,338320,84580.0
2025-07-31,GOLD,1,1,3,236440,236440.0
2025-07-31,TITANIUM,1,1,3,145620,145620.0
2025-08-01,FAMILY,77,77,106,5698790,74010.25974025975
2025-08-01,GOLD,3,3,37,2744280,914760.0
2025-08-01,SILVER,8,8,17,695870,86983.75
2025-08-01,TITANIUM,1,1,1,55200,55200.0
2025-08-02,FAMILY,59,59,84,4749690,80503.22033898305
2025-08-02,SILVER,2,2,11,721000,360500.0
2025-08-03,FAMILY,80,75,101,7010860,87635.75
2025-08-03,SILVER,4,4,5,253080,63270.0
2025-08-04,FAMILY,50,50,61,3691330,73826.6
2025-08-04,SILVER,9,9,20,1185110,131678.88888888888
2025-08-05,FAMILY,54,53,75,3754660,69530.74074074074
2025-08-05,SILVER,4,4,8,447720,111930.0
2025-08-05,GOLD,3,3,6,324570,108190.0
2025-08-06,FAMILY,64,61,84,4670100,72970.3125
2025-08-06,SILVER,8,8,16,888010,111001.25
2025-08-07,FAMILY,65,65,95,5200050,80000.76923076923
2025-08-07,SILVER,5,5,7,452700,90540.0
2025-08-07,GOLD,1,1,1,85010,85010.0
2025-08-08,TITANIUM,2,1,160,5632000,2816000.0
2025-08-08,FAMILY,38,38,49,2960270,77901.84210526316
2025-08-08,SILVER,5,5,11,761730,152346.0
2025-08-09,FAMILY,46,41,79,4719440,102596.52173913043
2025-08-09,SILVER,4,4,4,379100,94775.0
2025-08-09,GOLD,1,1,2,277380,277380.0
2025-08-10,FAMILY,50,48,76,3779870,75597.4
2025-08-10,GOLD,1,1,4,296070,296070.0
2025-08-10,SILVER,2,2,2,173600,86800.0
2025-08-11,FAMILY,37,37,53,2678100,72381.08108108108
2025-08-11,SILVER,3,3,5,270290,90096.66666666667
2025-08-11,GOLD,4,3,4,269840,67460.0
2025-08-12,FAMILY,43,43,60,3303540,76826.51162790698
2025-08-12,SILVER,1,1,1,69500,69500.0
2025-08-13,FAMILY,50,49,75,3753400,75068.0
2025-08-13,SILVER,6,6,10,713040,118840.0
2025-08-14,FAMILY,23,23,31,1478480,64281.739130434784
2025-08-14,SILVER,8,8,10,832130,104016.25
2025-08-15,FAMILY,39,38,50,2661450,68242.30769230769
2025-08-15,SILVER,5,5,9,509100,101820.0
2025-08-16,FAMILY,49,48,64,3829860,78160.40816326531
2025-08-16,SILVER,1,1,1,55300,55300.0
2025-08-16,GOLD,1,1,2,52640,52640.0
2025-08-17,FAMILY,47,47,68,4346490,92478.51063829787
2025-08-17,SILVER,5,5,7,330210,66042.0
2025-08-18,FAMILY,40,39,53,2813120,70328.0
2025-08-18,SILVER,2,2,2,171590,85795.0
2025-08-18,TITANIUM,1,1,1,114580,114580.0
2025-08-18,GOLD,1,1,2,106000,106000.0
2025-08-19,FAMILY,44,44,202,11531760,262085.45454545456
2025-08-19,SILVER,3,3,3,133360,44453.333333333336
2025-08-19,GOLD,1,1,1,109200,109200.0
2025-08-20,FAMILY,47,45,69,4696560,99926.8085106383
2025-08-20,SILVER,5,5,14,1434010,286802.0
2025-08-20,GOLD,2,2,4,227790,113895.0
2025-08-21,FAMILY,56,56,70,4565970,81535.17857142857
2025-08-21,GOLD,2,2,3,178570,89285.0
2025-08-21,SILVER,2,2,2,104000,52000.0
2025-08-22,FAMILY,36,35,53,2983380,82871.66666666667
2025-08-22,GOLD,2,2,2,357270,178635.0
2025-08-22,SILVER,2,2,4,214500,107250.0
2025-08-23,FAMILY,53,53,72,4249950,80187.7358490566
2025-08-23,SILVER,2,2,3,423660,211830.0
2025-08-23,GOLD,1,1,1,78380,78380.0
2025-08-24,FAMILY,47,47,63,3768870,80188.72340425532
2025-08-24,SILVER,7,7,14,1001350,143050.0
2025-08-25,FAMILY,45,44,59,3556850,79041.11111111111
2025-08-25,SILVER,8,8,9,520360,65045.0
2025-08-25,TITANIUM,1,1,7,394780,394780.0
2025-08-26,FAMILY,46,46,70,3642650,79188.04347826086
2025-08-26,SILVER,2,2,3,123500,61750.0
2025-08-26,GOLD,1,1,2,51300,51300.0
2025-08-27,FAMILY,37,37,48,3070380,82983.24324324324
2025-08-27,SILVER,7,7,13,721750,103107.14285714286
2025-08-27,GOLD,1,1,1,62300,62300.0
2025-08-28,FAMILY,48,48,63,4158200,86629.16666666667
2025-08-28,SILVER,6,6,12,654090,109015.0
2025-08-28,GOLD,3,3,6,405350,135116.66666666666
2025-08-29,FAMILY,33,33,43,3066300,92918.18181818182
2025-08-29,SILVER,3,3,5,418320,139440.0
2025-08-30,FAMILY,47,47,59,3812440,81115.74468085106
2025-08-30,SILVER,2,2,5,267070,133535.0
2025-08-31,FAMILY,42,42,52,3274520,77964.76190476191
2025-08-31,SILVER,4,4,8,529360,132340.0
2025-08-31,GOLD,1,1,4,210730,210730.0
2025-09-01,FAMILY,61,60,116,5974430,97941.47540983607
2025-09-01,SILVER,6,6,17,729110,121518.33333333333
2025-09-02,FAMILY,57,57,78,4241200,74407.masked_1777a30ae38b
2025-09-02,GOLD,1,1,1,32500,32500.0
2025-09-03,FAMILY,57,57,80,4741290,83180.52631578948
2025-09-03,SILVER,5,5,12,597950,119590.0
2025-09-04,FAMILY,53,52,85,4108620,77521.1320754717
2025-09-04,SILVER,5,5,9,823690,164738.0
2025-09-04,GOLD,1,1,2,164970,164970.0
2025-09-05,FAMILY,44,44,49,3664560,83285.45454545454
2025-09-05,SILVER,7,7,20,896730,128104.28571428571
2025-09-05,GOLD,1,1,1,83000,83000.0
2025-09-06,FAMILY,43,42,59,3476990,80860.23255813954
2025-09-06,SILVER,5,5,5,506580,101316.0
2025-09-07,FAMILY,70,70,87,5770170,82431.0
2025-09-07,SILVER,1,1,2,221220,221220.0
2025-09-08,FAMILY,59,58,70,4753770,80572.37288135593
2025-09-08,SILVER,5,5,6,624460,124892.0
2025-09-08,GOLD,2,2,4,308000,154000.0
2025-09-09,FAMILY,59,48,81,7275700,123316.94915254238
2025-09-09,SILVER,9,9,16,916070,101785.55555555556
2025-09-09,GOLD,1,1,2,23000,23000.0
2025-09-10,FAMILY,43,43,57,4301780,100041.3953488372
2025-09-10,SILVER,6,6,13,1069240,178206.66666666666
2025-09-11,FAMILY,42,41,47,3040990,72404.52380952382
2025-09-11,SILVER,4,4,10,501800,125450.0
2025-09-12,FAMILY,33,33,43,2981350,90343.93939393939
2025-09-12,SILVER,6,5,16,1096750,182791.66666666666
2025-09-12,GOLD,2,2,2,314450,157225.0
2025-09-13,FAMILY,31,31,39,2700670,87118.3870967742
2025-09-13,SILVER,3,2,4,410280,136760.0
2025-09-14,FAMILY,43,41,60,3796000,88279.06976744186
2025-09-14,SILVER,1,1,1,68270,68270.0
2025-09-15,FAMILY,121,120,161,8312090,68694.95867768595
2025-09-15,SILVER,6,5,20,1382830,230471.66666666666
2025-09-15,TITANIUM,1,1,6,652840,652840.0
2025-09-15,GOLD,3,2,5,236540,78846.66666666667
2025-09-16,FAMILY,72,72,141,12273870,170470.41666666666
2025-09-16,GOLD,2,2,50,1724860,862430.0
2025-09-16,SILVER,4,4,6,503890,125972.5
2025-09-16,TITANIUM,1,1,6,252430,252430.0
2025-09-17,FAMILY,65,65,88,5820100,89540.0
2025-09-17,GOLD,1,1,70,2182000,2182000.0
2025-09-17,SILVER,4,4,6,348730,87182.5
2025-09-18,FAMILY,101,101,151,9531920,94375.44554455446
2025-09-18,SILVER,10,10,14,940040,94004.0
2025-09-18,GOLD,4,4,7,332890,83222.5
2025-09-19,FAMILY,83,83,133,9777290,117798.67469879518
2025-09-19,SILVER,8,8,11,1924410,240551.25
2025-09-19,TITANIUM,1,1,2,224060,224060.0
2025-09-20,FAMILY,52,52,64,4201130,80790.96153846153
2025-09-20,TITANIUM,1,1,8,1138700,1138700.0
2025-09-20,GOLD,3,3,11,928730,309576.6666666667
2025-09-20,SILVER,4,4,6,618050,154512.5
2025-09-21,FAMILY,95,95,129,9002070,94758.63157894737
2025-09-21,SILVER,5,5,8,709980,141996.0
2025-09-21,TITANIUM,1,1,4,295300,295300.0
2025-09-21,GOLD,1,1,3,199250,199250.0
2025-09-22,FAMILY,84,84,117,6955930,82808.69047619047
2025-09-22,TITANIUM,1,1,9,849060,849060.0
2025-09-22,GOLD,2,2,8,446460,223230.0
2025-09-22,SILVER,2,2,3,181680,90840.0
2025-09-23,FAMILY,121,118,175,8508746,70320.21487603306
2025-09-23,SILVER,8,8,20,1244090,155511.25
2025-09-23,TITANIUM,1,1,9,614500,614500.0
2025-09-23,GOLD,1,1,3,227200,227200.0
2025-09-24,FAMILY,96,95,115,7364620,76714.79166666667
2025-09-24,SILVER,4,4,9,581390,145347.5
2025-09-24,GOLD,1,1,5,233020,233020.0
2025-09-25,FAMILY,124,124,150,11136930,89813.95161290323
2025-09-25,SILVER,13,13,19,1665020,128078.46153846153
2025-09-26,FAMILY,75,74,100,7023020,93640.26666666666
2025-09-26,GOLD,3,3,15,1033660,344553.3333333333
2025-09-26,SILVER,3,3,4,194070,64690.0
2025-09-27,FAMILY,64,64,76,4901660,76588.4375
2025-09-27,SILVER,4,4,8,671220,167805.0
2025-09-28,FAMILY,189,188,257,12810150,67778.57142857143
2025-09-28,SILVER,16,16,27,2274330,142145.625
2025-09-28,TITANIUM,1,1,1,40310,40310.0
2025-09-29,FAMILY,58,58,69,5725090,98708.44827586207
2025-09-29,SILVER,5,5,9,805620,161124.0
2025-09-29,GOLD,3,3,7,658420,219473.33333333334
2025-09-30,FAMILY,72,70,99,7442740,103371.38888888889
2025-09-30,SILVER,5,5,5,405650,81130.0
2025-09-30,GOLD,1,1,1,96040,96040.0
2025-10-01,FAMILY,237,236,305,13060020,55105.56962025316
2025-10-01,SILVER,13,13,14,1123360,86412.30769230769
2025-10-01,GOLD,4,3,8,535620,133905.0
2025-10-01,TITANIUM,1,1,2,111290,111290.0
2025-10-02,FAMILY,107,107,136,6664520,62285.233644859814
2025-10-02,SILVER,7,7,15,1068650,152664.2857142857
2025-10-02,GOLD,1,1,1,14500,14500.0
2025-10-03,FAMILY,71,70,92,4750830,66913.0985915493
2025-10-03,SILVER,9,9,16,1128980,125442.22222222222
2025-10-03,TITANIUM,1,1,2,99940,99940.0
2025-10-04,FAMILY,62,62,75,4897720,78995.48387096774
2025-10-04,SILVER,3,3,4,76880,25626.666666666668
2025-10-05,FAMILY,75,74,105,5833310,77777.46666666666
2025-10-05,SILVER,5,5,8,602950,120590.0
2025-10-05,GOLD,2,2,3,232510,116255.0
2025-10-06,FAMILY,63,63,84,4763120,75605.07936507936
2025-10-06,SILVER,3,3,4,121160,40386.666666666664
2025-10-06,GOLD,1,1,1,51850,51850.0
2025-10-07,FAMILY,72,72,90,5311820,73775.27777777778
2025-10-07,SILVER,4,4,7,512370,128092.5
2025-10-07,GOLD,1,1,1,77530,77530.0
2025-10-08,FAMILY,62,62,76,4616820,74464.83870967742
2025-10-08,GOLD,3,3,25,2394300,798100.0
2025-10-08,SILVER,2,2,3,212100,106050.0
2025-10-09,FAMILY,98,98,139,8794610,89740.91836734694
2025-10-09,SILVER,4,4,7,686620,171655.0
2025-10-09,GOLD,1,1,2,48200,48200.0
2025-10-10,FAMILY,88,87,109,6146590,69847.61363636363
2025-10-10,GOLD,1,1,5,381960,381960.0
2025-10-10,SILVER,4,4,5,288030,72007.5
2025-10-11,FAMILY,75,73,102,6016800,80224.0
2025-10-11,SILVER,5,5,5,371390,74278.0
2025-10-11,GOLD,2,2,2,96000,48000.0
2025-10-12,FAMILY,1016,1010,1326,44730280,44025.86614173228
2025-10-12,SILVER,39,39,56,3788790,97148.46153846153
2025-10-12,GOLD,1,1,2,187860,187860.0
2025-10-13,FAMILY,55,54,69,5287830,96142.36363636363
2025-10-13,SILVER,6,6,8,909670,151611.66666666666
2025-10-13,GOLD,3,2,3,568880,189626.66666666666
2025-10-14,FAMILY,39,38,56,3729340,95624.10256410256
2025-10-14,SILVER,11,11,14,1154250,104931.81818181818
2025-10-14,TITANIUM,1,1,1,103200,103200.0
2025-10-15,FAMILY,58,57,70,5158970,88947.75862068965
2025-10-15,GOLD,5,5,6,589360,117872.0
2025-10-15,SILVER,4,4,7,561650,140412.5
2025-10-16,FAMILY,50,50,63,4815800,96316.0
2025-10-16,GOLD,1,1,1,120200,120200.0
2025-10-17,FAMILY,70,68,82,7350398,105005.68571428572
2025-10-17,GOLD,4,4,4,822799,205699.75
2025-10-17,SILVER,1,1,1,172860,172860.0
2025-10-18,FAMILY,69,69,79,6724400,97455.07246376811
2025-10-18,GOLD,4,3,7,586550,146637.5
2025-10-18,SILVER,3,3,4,291390,97130.0
2025-10-19,FAMILY,79,77,103,8534440,108030.88607594937
2025-10-19,GOLD,3,3,7,492200,164066.66666666666
2025-10-19,SILVER,2,2,8,450860,225430.0
2025-10-20,FAMILY,75,68,98,8743020,116573.6
2025-10-20,SILVER,7,7,10,1036080,148011.42857142858
2025-10-20,GOLD,3,3,6,671450,223816.66666666666
2025-10-21,FAMILY,105,105,135,11231340,106965.14285714286
2025-10-21,SILVER,10,9,21,2853500,285350.0
2025-10-21,GOLD,3,3,4,463000,154333.33333333334
2025-10-22,FAMILY,66,66,86,7355680,111449.69696969698
2025-10-22,SILVER,8,8,16,1739570,217446.25
2025-10-22,GOLD,2,2,2,224470,112235.0
2025-10-23,FAMILY,68,68,97,7905160,116252.35294117648
2025-10-23,TITANIUM,1,1,8,1246930,1246930.0
2025-10-23,SILVER,8,8,12,883840,110480.0
2025-10-23,GOLD,1,1,1,139000,139000.0
2025-10-24,FAMILY,54,54,80,7811350,144654.62962962964
2025-10-24,SILVER,8,8,10,773170,96646.25
2025-10-24,GOLD,1,1,4,273600,273600.0
2025-10-25,FAMILY,37,36,49,4157390,112361.8918918919
2025-10-25,SILVER,5,5,12,1121580,224316.0
2025-10-25,GOLD,2,2,3,246540,123270.0
2025-10-26,FAMILY,58,58,83,6595800,113720.68965517242
2025-10-26,SILVER,8,8,9,1812500,226562.5
2025-10-26,GOLD,3,3,5,1029660,343220.0
2025-10-27,FAMILY,102,101,146,10761370,105503.62745098039
2025-10-27,SILVER,11,11,15,3091910,281082.7272727273
2025-10-27,TITANIUM,2,1,17,2294300,1147150.0
2025-10-27,GOLD,1,1,1,137730,137730.0
2025-10-28,FAMILY,77,74,106,9468200,122963.63636363637
2025-10-28,GOLD,4,4,8,2315340,578835.0
2025-10-28,SILVER,9,9,11,1841240,204582.22222222222
2025-10-29,FAMILY,80,79,106,9628580,120357.25
2025-10-29,SILVER,7,6,15,1085450,155064.2857142857
2025-10-29,GOLD,2,2,3,196670,98335.0
2025-10-30,FAMILY,46,45,58,5534610,120317.60869565218
2025-10-30,TITANIUM,2,2,122,3274600,1637300.0
2025-10-30,SILVER,10,10,16,1625320,162532.0
2025-10-30,GOLD,3,3,4,271200,90400.0
2025-10-31,FAMILY,57,57,64,5525950,96946.49122807017
2025-10-31,SILVER,12,12,25,3322780,276898.3333333333
2025-10-31,TITANIUM,1,1,1,270000,270000.0
2025-11-01,FAMILY,44,43,56,4565490,103761.13636363637
2025-11-01,GOLD,1,1,1,132600,132600.0
2025-11-01,SILVER,2,2,2,61150,30575.0
2025-11-02,FAMILY,68,67,85,8046210,118326.61764705883
2025-11-02,SILVER,5,5,6,1437130,287426.0
2025-11-02,GOLD,1,1,3,157000,157000.0
2025-11-03,FAMILY,83,83,107,9480460,114222.40963855422
2025-11-03,SILVER,14,12,24,4540840,324345.71428571426
2025-11-03,TITANIUM,2,2,6,493010,246505.0
2025-11-03,GOLD,3,3,3,219990,73330.0
2025-11-04,FAMILY,74,73,92,8225720,111158.37837837837
2025-11-04,GOLD,5,2,14,2677870,535574.0
2025-11-04,SILVER,5,5,6,1134680,226936.0
2025-11-05,FAMILY,60,59,73,6120560,102009.33333333333
2025-11-05,SILVER,6,6,20,2445890,407648.3333333333
2025-11-05,TITANIUM,1,1,1,104650,104650.0
2025-11-05,GOLD,1,1,1,28600,28600.0
2025-11-06,FAMILY,51,51,67,4639160,90963.92156862745
2025-11-06,SILVER,3,3,5,419240,139746.66666666666
2025-11-06,TITANIUM,2,1,2,322000,161000.0
2025-11-07,FAMILY,46,45,59,4614620,100317.82608695653
2025-11-07,SILVER,6,6,8,1173160,195526.66666666666
2025-11-07,GOLD,1,1,1,64400,64400.0
2025-11-08,FAMILY,34,34,55,4816890,141673.23529411765
2025-11-08,SILVER,4,4,8,428550,107137.5
2025-11-09,FAMILY,70,69,86,7082010,101171.57142857143
2025-11-09,SILVER,5,5,6,570650,114130.0
2025-11-09,TITANIUM,1,1,1,150000,150000.0
2025-11-09,GOLD,1,1,4,97750,97750.0
2025-11-10,FAMILY,83,80,99,8225480,99102.1686746988
2025-11-10,SILVER,11,11,13,2799790,254526.36363636365
2025-11-11,FAMILY,68,66,103,8505500,125080.88235294117
2025-11-11,SILVER,15,15,29,3764030,250935.33333333334
2025-11-12,FAMILY,68,66,101,7963580,117111.4705882353
2025-11-12,SILVER,8,7,12,1574550,196818.75
2025-11-12,TITANIUM,1,1,20,319480,319480.0
2025-11-13,FAMILY,61,61,72,6556240,107479.34426229508
2025-11-13,SILVER,8,7,13,2229140,278642.5
2025-11-14,FAMILY,64,62,83,7180900,112201.5625
2025-11-14,SILVER,12,11,21,3744110,312009.1666666667
2025-11-15,FAMILY,43,43,58,5978430,139033.2558139535
2025-11-15,SILVER,7,7,12,2676420,382345.71428571426
2025-11-15,GOLD,2,2,5,778400,389200.0
2025-11-16,FAMILY,58,57,80,6873520,118508.96551724138
2025-11-16,TITANIUM,1,1,9,1402560,1402560.0
2025-11-16,SILVER,6,6,8,921070,153511.66666666666
2025-11-17,FAMILY,82,82,107,8856800,108009.75609756098
2025-11-17,SILVER,13,13,19,5331180,410090.76923076925
2025-11-17,TITANIUM,1,1,9,1128820,1128820.0
2025-11-17,GOLD,1,1,2,274400,274400.0
2025-11-18,FAMILY,89,86,109,10020980,112595.2808988764
2025-11-18,SILVER,12,12,14,3851450,320954.1666666667
2025-11-19,FAMILY,87,85,112,9405330,108107.24137931035
2025-11-19,SILVER,9,9,29,1762400,195822.22222222222
2025-11-19,GOLD,2,2,2,400300,200150.0
2025-11-20,FAMILY,51,51,70,5626730,110328.03921568628
2025-11-20,SILVER,11,11,13,3180940,289176.36363636365
2025-11-20,TITANIUM,1,1,1,270000,270000.0
2025-11-21,FAMILY,183,182,237,23835020,130246.masked_90df93d6346d
2025-11-21,SILVER,31,30,50,5996125,193423.38709677418
2025-11-21,GOLD,1,1,1,47570,47570.0
2025-11-22,FAMILY,116,114,152,17264350,148830.60344827586
2025-11-22,SILVER,16,16,20,3939055,246190.9375
2025-11-22,GOLD,2,2,6,630020,315010.0
2025-11-22,TITANIUM,1,1,1,102240,102240.0
2025-11-23,FAMILY,162,161,203,19572640,120818.76543209876
2025-11-23,SILVER,23,21,35,4050590,176112.60869565216
2025-11-23,GOLD,2,2,7,1081940,540970.0
2025-11-23,TITANIUM,1,1,1,77400,77400.0
2025-11-24,FAMILY,127,126,163,15496290,122018.03149606299
2025-11-24,SILVER,15,15,29,4700735,313382.3333333333
2025-11-24,GOLD,4,4,8,664100,166025.0
2025-11-25,FAMILY,133,132,175,15187110,114188.7969924812
2025-11-25,SILVER,19,18,31,4924460,259182.1052631579
2025-11-25,TITANIUM,6,2,22,3111620,518603.3333333333
2025-11-25,GOLD,2,1,3,619200,309600.0
2025-11-26,FAMILY,132,131,167,20937840,158620.0
2025-11-26,SILVER,16,15,44,5675180,354698.75
2025-11-26,GOLD,3,3,4,567945,189315.0
2025-11-26,TITANIUM,3,2,5,530500,176833.33333333334
2025-11-27,FAMILY,172,171,235,22220530,129189.12790697675
2025-11-27,SILVER,21,21,42,5622240,267725.71428571426
2025-11-27,GOLD,5,4,35,2782310,556462.0
2025-11-27,TITANIUM,2,2,5,206290,103145.0
2025-11-28,FAMILY,136,135,206,23332980,171566.0294117647
2025-11-28,TITANIUM,1,1,15,6605550,6605550.0
2025-11-28,SILVER,19,18,31,4644440,244444.2105263158
2025-11-28,GOLD,1,1,1,113540,113540.0
2025-11-29,FAMILY,143,141,172,20696820,144733.006993007
2025-11-29,SILVER,12,12,13,3011540,250961.66666666666
2025-11-29,GOLD,2,2,3,490000,245000.0
2025-11-29,TITANIUM,1,1,32,374540,374540.0
2025-11-30,FAMILY,323,321,417,44002340,136230.15479876162
2025-11-30,SILVER,37,35,53,7342060,198434.05405405405
2025-11-30,GOLD,3,3,5,964320,321440.0
2025-11-30,TITANIUM,1,1,1,107400,107400.0
2025-12-01,FAMILY,73,73,86,7880750,107955.47945205479
2025-12-01,SILVER,6,6,9,619920,103320.0
2025-12-01,GOLD,1,1,1,65590,65590.0
2025-12-01,TITANIUM,1,1,1,40000,40000.0
2025-12-02,FAMILY,71,69,94,8177650,115178.1690140845
2025-12-02,SILVER,5,5,13,2503430,500686.0
2025-12-02,TITANIUM,1,1,28,832000,832000.0
2025-12-03,FAMILY,98,96,162,12341410,125932.75510204081
2025-12-03,SILVER,9,8,97,3464500,384944.44444444444
2025-12-03,GOLD,2,2,3,522500,261250.0
2025-12-04,FAMILY,158,155,274,37629190,238159.43037974683
2025-12-04,SILVER,24,24,35,6117170,254882.08333333334
2025-12-04,GOLD,4,4,8,657080,164270.0
2025-12-05,FAMILY,142,142,183,16545130,116515.0
2025-12-05,SILVER,10,8,20,1918360,191836.0
2025-12-05,GOLD,4,4,7,404090,101022.5
2025-12-06,FAMILY,119,117,151,18405880,154671.2605042017
2025-12-06,SILVER,9,9,17,3753050,417005.55555555556
2025-12-06,TITANIUM,3,3,5,397880,132626.66666666666
2025-12-06,GOLD,2,2,2,225070,112535.0
2025-12-07,FAMILY,141,139,184,21988100,155943.97163120567
2025-12-07,SILVER,12,12,21,4494790,374565.8333333333
2025-12-07,GOLD,4,4,6,751310,187827.5
2025-12-08,FAMILY,104,104,128,13502950,129836.05769230769
2025-12-08,SILVER,13,13,24,5418830,416833.07692307694
2025-12-09,FAMILY,104,103,141,13428010,129115.48076923077
2025-12-09,SILVER,3,3,5,1057570,352523.3333333333
2025-12-09,TITANIUM,1,1,5,695000,695000.0
2025-12-09,GOLD,1,1,4,207020,207020.0
2025-12-10,FAMILY,73,73,91,8739250,119715.75342465754
2025-12-10,SILVER,9,8,31,4150360,461151.1111111111
2025-12-10,GOLD,1,1,3,405600,405600.0
2025-12-10,TITANIUM,1,1,1,87400,87400.0
2025-12-11,FAMILY,102,102,119,13412910,131499.11764705883
2025-12-11,SILVER,7,7,8,1331090,190155.7142857143
2025-12-12,FAMILY,85,83,100,12627560,148559.5294117647
2025-12-12,SILVER,26,23,48,8848860,340340.76923076925
2025-12-12,GOLD,8,5,13,2176230,272028.75
2025-12-13,FAMILY,108,107,132,14155300,131067.5925925926
2025-12-13,SILVER,6,6,13,2944850,490808.3333333333
2025-12-13,GOLD,1,1,5,2153000,2153000.0
2025-12-14,FAMILY,126,125,164,18622470,147797.38095238095
2025-12-14,SILVER,15,15,28,3946060,263070.6666666667
2025-12-14,TITANIUM,1,1,4,488300,488300.0
2025-12-14,GOLD,2,2,5,478640,239320.0
2025-12-15,FAMILY,182,181,254,20984740,115300.76923076923
2025-12-15,SILVER,18,18,41,4351150,241730.55555555556
2025-12-15,GOLD,2,2,12,737190,368595.0
2025-12-15,TITANIUM,1,1,4,106200,106200.0
2025-12-16,FAMILY,132,132,164,16379380,124086.21212121213
2025-12-16,SILVER,10,9,15,2516690,251669.0
2025-12-16,GOLD,3,3,4,796170,265390.0
2025-12-17,FAMILY,105,103,171,20602940,196218.47619047618
2025-12-17,SILVER,13,13,26,2179940,167687.6923076923
2025-12-18,FAMILY,110,110,151,11832140,107564.90909090909
2025-12-18,SILVER,9,8,22,2501740,277971.1111111111
2025-12-18,GOLD,1,1,3,143740,143740.0
2025-12-19,FAMILY,84,83,101,9451810,112521.54761904762
2025-12-19,GOLD,6,5,12,2987460,497910.0
2025-12-19,SILVER,12,12,19,2979360,248280.0
2025-12-20,FAMILY,87,87,116,10417830,119745.1724137931
2025-12-20,SILVER,4,4,10,1825970,456492.5
2025-12-20,GOLD,1,1,1,83960,83960.0
2025-12-21,FAMILY,117,115,158,14545490,124320.42735042734
2025-12-21,SILVER,5,5,9,1049490,209898.0
2025-12-21,GOLD,1,1,5,745000,745000.0
2025-12-21,TITANIUM,1,1,1,83200,83200.0
2025-12-22,FAMILY,117,116,146,14141450,120867.09401709402
2025-12-22,TITANIUM,1,1,20,2384000,2384000.0
2025-12-22,SILVER,5,5,6,364120,72824.0
2025-12-22,GOLD,1,1,1,99000,99000.0
2025-12-23,FAMILY,123,122,156,12093270,98319.26829268293
2025-12-23,SILVER,13,11,25,2146850,165142.3076923077
2025-12-23,GOLD,2,2,2,361000,180500.0
2025-12-24,FAMILY,81,81,120,17256730,213046.04938271604
2025-12-24,SILVER,14,12,21,2457450,175532.14285714287
2025-12-25,FAMILY,104,104,138,14007870,134691.0576923077
2025-12-25,SILVER,11,10,20,2946810,267891.8181818182
2025-12-25,GOLD,1,1,2,17000,17000.0
2025-12-26,FAMILY,116,115,160,12964960,111766.89655172414
2025-12-26,SILVER,15,15,29,4201110,280074.0
2025-12-26,TITANIUM,2,2,12,3654620,1827310.0
2025-12-26,GOLD,2,2,2,681910,340955.0
2025-12-27,FAMILY,87,87,115,10659760,122525.97701149425
2025-12-27,SILVER,14,14,19,2097220,149801.42857142858
2025-12-27,TITANIUM,1,1,1,140770,140770.0
2025-12-27,GOLD,1,1,1,110450,110450.0
2025-12-28,FAMILY,106,106,152,13474380,127116.7924528302
2025-12-28,SILVER,7,7,13,2361990,337427.14285714284
2025-12-28,GOLD,1,1,3,496400,496400.0
2025-12-29,FAMILY,80,80,100,10230590,127882.375
2025-12-29,SILVER,11,10,17,3055520,277774.54545454547
2025-12-29,GOLD,1,1,2,118000,118000.0
2025-12-30,FAMILY,103,101,129,11593120,112554.56310679612
2025-12-30,SILVER,7,7,8,1352020,193145.7142857143
2025-12-30,GOLD,2,2,3,472790,236395.0
2025-12-31,FAMILY,111,102,180,13049800,117565.76576576577
2025-12-31,SILVER,11,11,25,2617390,237944.54545454544
2025-12-31,GOLD,3,2,4,436380,145460.0
2026-01-01,FAMILY,105,103,137,13776720,131206.85714285713
2026-01-01,TITANIUM,2,2,2,235070,117535.0
2026-01-01,SILVER,2,2,3,158680,79340.0
2026-01-02,FAMILY,90,90,119,10817190,120191.0
2026-01-02,SILVER,6,6,8,1891000,315166.6666666667
2026-01-03,FAMILY,63,63,79,8183570,129897.93650793651
2026-01-03,SILVER,3,3,5,285690,95230.0
2026-01-03,GOLD,1,1,1,89000,89000.0
2026-01-04,FAMILY,106,104,132,14110720,133120.0
2026-01-04,SILVER,2,2,6,653910,326955.0
2026-01-05,FAMILY,80,80,96,11771190,147139.875
2026-01-05,TITANIUM,1,1,3,454480,454480.0
2026-01-05,SILVER,2,2,5,232550,116275.0
2026-01-06,FAMILY,80,78,101,10919330,136491.625
2026-01-06,SILVER,4,4,7,330910,82727.5
2026-01-06,TITANIUM,1,1,1,89000,89000.0
2026-01-07,FAMILY,86,85,111,12685450,147505.23255813954
2026-01-07,GOLD,2,2,3,593570,296785.0
2026-01-07,SILVER,1,1,2,38440,38440.0
2026-01-08,FAMILY,89,83,106,12032590,135197.64044943822
2026-01-08,GOLD,2,2,5,679960,339980.0
2026-01-08,SILVER,5,5,6,349210,69842.0
2026-01-08,TITANIUM,1,1,1,75400,75400.0
2026-01-09,FAMILY,123,122,173,16053130,130513.25203252032
2026-01-09,TITANIUM,2,2,5,545320,272660.0
2026-01-09,SILVER,3,3,5,259310,86436.66666666667
2026-01-09,GOLD,1,1,1,156000,156000.0
2026-01-10,FAMILY,84,82,108,9488460,112957.85714285714
2026-01-10,TITANIUM,1,1,1,50330,50330.0
2026-01-11,FAMILY,102,101,128,13374610,131123.6274509804
2026-01-12,FAMILY,86,85,104,10632060,123628.6046511628
2026-01-12,SILVER,6,5,7,861490,143581.66666666666
2026-01-13,FAMILY,85,85,110,9718380,114333.88235294117
2026-01-13,SILVER,1,1,2,186470,186470.0
2026-01-14,FAMILY,79,78,107,10339010,130873.54430379746
2026-01-14,SILVER,3,3,4,325200,108400.0
2026-01-15,FAMILY,62,60,82,6464900,104272.58064516129
2026-01-15,SILVER,4,4,7,466870,116717.5
2026-01-15,TITANIUM,1,1,1,67150,67150.0
2026-01-16,FAMILY,47,45,67,5271480,112159.14893617021
2026-01-16,SILVER,2,2,2,142190,71095.0
2026-01-17,FAMILY,57,57,78,7395830,129751.40350877192
2026-01-17,SILVER,1,1,1,7400,7400.0
2026-01-18,FAMILY,76,76,98,11496370,151268.02631578947
2026-01-18,SILVER,2,2,2,229950,114975.0
2026-01-19,FAMILY,72,71,108,9790890,135984.58333333334
2026-01-19,SILVER,6,6,9,473220,78870.0
2026-01-19,GOLD,2,2,4,389190,194595.0
2026-01-19,TITANIUM,1,1,1,16960,16960.0
2026-01-20,FAMILY,81,81,96,10348660,127761.23456790124
2026-01-20,SILVER,4,4,6,392150,98037.5
2026-01-21,FAMILY,64,63,88,8794180,137409.0625
2026-01-21,GOLD,2,2,6,489290,244645.0
2026-01-21,SILVER,3,3,5,358170,119390.0
2026-01-22,FAMILY,88,87,115,10936750,124281.25
2026-01-22,SILVER,5,5,8,320580,64116.0
2026-01-22,GOLD,1,1,1,68000,68000.0
2026-01-23,FAMILY,55,55,79,8565500,155736.36363636365
2026-01-23,GOLD,2,2,3,446790,223395.0
2026-01-23,SILVER,3,3,5,155200,51733.333333333336
2026-01-24,FAMILY,59,58,75,8039100,136255.93220338982
2026-01-24,SILVER,8,6,14,2115780,264472.5
2026-01-25,FAMILY,78,76,110,10279150,131783.97435897434
2026-01-25,SILVER,3,2,4,526490,175496.66666666666
2026-01-25,GOLD,2,2,2,264820,132410.0
2026-01-26,FAMILY,77,77,98,9970570,129487.92207792208
2026-01-26,SILVER,1,1,1,127600,127600.0
2026-01-27,FAMILY,67,67,96,9261290,138228.20895522388
2026-01-27,SILVER,3,3,4,494000,164666.66666666666
2026-01-28,FAMILY,66,66,89,9523310,144292.57575757575
2026-01-28,GOLD,1,1,1,109200,109200.0
2026-01-28,SILVER,1,1,1,37840,37840.0
2026-01-29,FAMILY,52,51,80,8105696,155878.76923076922
2026-01-29,SILVER,2,2,8,380610,190305.0
2026-01-29,GOLD,1,1,1,86930,86930.0
2026-01-30,FAMILY,137,134,181,12911937,94247.71532846715
2026-01-30,GOLD,1,1,5,465180,465180.0
2026-01-30,SILVER,4,4,5,393680,98420.0
2026-01-30,TITANIUM,1,1,2,272500,272500.0
2026-01-31,FAMILY,120,118,166,13665433,113878.60833333334
2026-01-31,SILVER,5,5,10,845220,169044.0
2026-01-31,GOLD,2,2,6,357340,178670.0
2026-01-31,TITANIUM,1,1,5,292890,292890.0
2026-02-01,FAMILY,123,122,167,11289222,91782.29268292683
2026-02-01,SILVER,5,5,5,407919,81583.8
2026-02-01,GOLD,1,1,2,224340,224340.0
2026-02-02,FAMILY,86,86,116,9498414,110446.67441860466
2026-02-02,SILVER,3,3,5,583130,194376.66666666666
2026-02-02,TITANIUM,1,1,1,142470,142470.0
2026-02-02,GOLD,1,1,1,95000,95000.0
2026-02-03,FAMILY,72,70,104,8808196,122336.05555555556
2026-02-03,SILVER,3,3,6,283580,94526.66666666667
2026-02-03,TITANIUM,1,1,1,118300,118300.0
2026-02-04,FAMILY,86,86,108,9681288,112573.11627906977
2026-02-04,SILVER,4,4,6,277210,69302.5
2026-02-04,GOLD,1,1,2,87690,87690.0
2026-02-05,FAMILY,81,80,110,8702089,107433.1975308642
2026-02-05,GOLD,2,2,4,484150,242075.0
2026-02-05,SILVER,4,4,6,437680,109420.0
2026-02-06,FAMILY,117,117,153,10033608,85757.33333333333
2026-02-06,SILVER,2,2,2,59370,29685.0
2026-02-07,FAMILY,63,63,97,8555807,135806.46031746033
2026-02-07,SILVER,4,4,8,440090,110022.5
2026-02-08,FAMILY,74,72,92,5740355,77572.36486486487
2026-02-08,SILVER,1,1,1,24500,24500.0
2026-02-09,FAMILY,86,85,112,7516946,87406.3488372093
2026-02-09,SILVER,4,4,4,414830,103707.5
2026-02-09,GOLD,2,2,3,369500,184750.0
2026-02-10,FAMILY,97,96,128,9373827,96637.39175257731
2026-02-10,SILVER,6,6,7,806770,134461.66666666666
2026-02-10,GOLD,1,1,2,65860,65860.0
2026-02-11,FAMILY,78,78,114,7040422,90261.82051282052
2026-02-11,SILVER,5,5,9,747819,149563.8
2026-02-12,FAMILY,151,150,221,12210324,80863.07284768212
2026-02-12,SILVER,6,6,6,324780,54130.0
2026-02-12,GOLD,2,2,3,321440,160720.0
2026-02-13,FAMILY,69,69,87,7153367,103671.98550724638
2026-02-13,SILVER,1,1,4,216299,216299.0
2026-02-13,TITANIUM,1,1,1,57400,57400.0
2026-02-14,FAMILY,273,272,374,15514391,56829.271062271066
2026-02-14,SILVER,11,11,12,1211810,110164.54545454546
2026-02-15,FAMILY,111,109,147,7750766,69826.72072072072
2026-02-15,SILVER,4,4,6,434590,108647.5
2026-02-15,GOLD,2,2,2,172600,86300.0
2026-02-16,FAMILY,105,104,137,8493053,80886.21904761904
2026-02-16,SILVER,8,7,10,683710,85463.75
2026-02-16,TITANIUM,1,1,2,149760,149760.0
2026-02-17,FAMILY,284,283,390,13038618,45910.626760563384
2026-02-17,SILVER,11,10,15,574410,52219.09090909091
2026-02-18,FAMILY,179,179,239,12075349,67460.0502793296
2026-02-18,SILVER,4,4,5,338980,84745.0
2026-02-18,TITANIUM,1,1,2,240000,240000.0
2026-02-19,FAMILY,143,143,198,10774454,75345.83216783217
2026-02-19,SILVER,9,9,19,715340,79482.22222222222
2026-02-19,GOLD,1,1,2,90930,90930.0
2026-02-20,FAMILY,84,84,108,6521981,77642.63095238095
2026-02-20,SILVER,5,5,7,712429,142485.8
2026-02-20,GOLD,2,1,4,498600,249300.0
2026-02-20,TITANIUM,1,1,1,250900,250900.0
2026-02-21,FAMILY,83,81,101,6240214,75183.30120481928
2026-02-21,SILVER,4,4,5,490530,122632.5
2026-02-22,FAMILY,738,736,1003,39122352,53011.31707317073
2026-02-22,SILVER,26,26,35,1885770,72529.61538461539
2026-02-22,GOLD,4,3,4,200720,50180.0
2026-02-22,TITANIUM,1,1,1,138080,138080.0
2026-02-23,FAMILY,59,58,75,7128449,120821.16949152542
2026-02-23,SILVER,4,3,7,410730,102682.5
2026-02-23,GOLD,1,1,2,185250,185250.0
2026-02-24,FAMILY,39,39,58,4518691,115863.8717948718
2026-02-24,GOLD,1,1,2,134100,134100.0
2026-02-24,SILVER,1,1,1,44000,44000.0
2026-02-25,FAMILY,46,46,58,5154579,112056.06521739131
2026-02-25,TITANIUM,1,1,1,259300,259300.0
2026-02-25,GOLD,1,1,3,221850,221850.0
2026-02-26,FAMILY,60,60,92,6673973,111232.88333333333
2026-02-26,SILVER,3,3,3,403650,134550.0
2026-02-27,FAMILY,43,43,56,5754055,133815.23255813954
2026-02-27,SILVER,2,2,3,240240,120120.0
2026-02-28,FAMILY,49,47,59,5256579,107277.12244897959
2026-02-28,SILVER,6,6,7,476159,79359.83333333333
2026-02-28,TITANIUM,1,1,3,436500,436500.0
2026-03-01,FAMILY,43,42,54,5668982,131836.7906976744
2026-03-01,GOLD,1,1,1,234270,234270.0
2026-03-01,SILVER,3,3,3,217740,72580.0
2026-03-02,FAMILY,42,42,53,4818545,114727.26190476191
2026-03-02,SILVER,5,5,6,826720,165344.0
2026-03-03,FAMILY,41,41,51,5256257,128201.39024390244
2026-03-03,SILVER,2,2,3,254340,127170.0
2026-03-04,FAMILY,62,60,103,8008913,129176.masked_3838c9e9e160
2026-03-04,SILVER,4,4,6,551370,137842.5
2026-03-05,FAMILY,31,30,45,4234742,136604.5806451613
2026-03-05,TITANIUM,1,1,1,264000,264000.0
2026-03-05,SILVER,2,2,3,259120,129560.0
2026-03-06,FAMILY,34,34,45,3673320,108038.82352941176
2026-03-06,SILVER,3,3,6,478260,159420.0
2026-03-06,TITANIUM,1,1,5,432560,432560.0
2026-03-07,FAMILY,41,41,55,4692165,114443.0487804878
2026-03-07,SILVER,3,3,3,389000,129666.66666666667
2026-03-07,GOLD,1,1,1,82890,82890.0
2026-03-08,FAMILY,55,55,72,6821712,124031.12727272727
2026-03-08,GOLD,1,1,9,332450,332450.0
2026-03-08,SILVER,1,1,1,149200,149200.0
2026-03-09,FAMILY,55,55,72,6721238,122204.32727272727
2026-03-09,SILVER,2,2,2,257260,128630.0
2026-03-10,FAMILY,47,47,69,6183293,131559.4255319149
2026-03-10,SILVER,1,1,1,145210,145210.0
2026-03-11,FAMILY,49,47,60,5722644,116788.6530612245
2026-03-11,GOLD,1,1,1,205810,205810.0
2026-03-12,FAMILY,56,54,66,5439473,97133.44642857143
2026-03-12,SILVER,3,3,8,748000,249333.33333333334
2026-03-12,TITANIUM,1,1,2,246880,246880.0
2026-03-12,GOLD,1,1,1,25760,25760.0
2026-03-13,FAMILY,45,45,53,4462060,99156.88888888889
2026-03-14,FAMILY,51,51,69,5106931,100135.90196078431
2026-03-14,SILVER,2,1,3,572700,286350.0
2026-03-15,FAMILY,52,52,67,5708275,109774.51923076923
2026-03-15,SILVER,5,5,7,505540,101108.0
2026-03-15,TITANIUM,2,1,5,292010,146005.0
2026-03-16,FAMILY,49,49,70,6132500,125153.0612244898
2026-03-16,SILVER,1,1,1,119000,119000.0
2026-03-17,FAMILY,45,43,54,4416550,98145.55555555556
2026-03-17,SILVER,2,2,5,404930,202465.0
2026-03-18,FAMILY,53,53,88,6944460,131027.54716981133
2026-03-18,SILVER,1,1,1,253190,253190.0
2026-03-18,TITANIUM,1,1,1,93200,93200.0
2026-03-19,FAMILY,46,45,56,4162110,90480.65217391304
2026-03-19,SILVER,3,3,8,655430,218476.66666666666
2026-03-20,FAMILY,44,44,54,4853920,110316.36363636363
2026-03-20,SILVER,3,3,7,823420,274473.3333333333
2026-03-21,FAMILY,37,36,49,5060780,136777.83783783784
2026-03-21,SILVER,2,2,2,230830,115415.0
2026-03-21,GOLD,1,1,2,68740,68740.0
2026-03-22,FAMILY,49,48,67,4356660,88911.42857142857
2026-03-22,GOLD,1,1,6,370320,370320.0
2026-03-22,SILVER,2,2,2,123300,61650.0
2026-03-23,FAMILY,53,53,69,5736890,108243.2075471698
2026-03-23,SILVER,2,2,2,65510,32755.0
2026-03-24,FAMILY,44,43,57,4311220,97982.27272727272
2026-03-24,SILVER,2,2,2,195320,97660.0
2026-03-25,FAMILY,59,59,83,6207580,105213.22033898305
2026-03-25,SILVER,2,2,2,331420,165710.0
2026-03-25,GOLD,1,1,5,248930,248930.0
2026-03-26,FAMILY,49,49,62,5722300,116781.63265306123
2026-03-26,SILVER,4,4,9,905470,226367.5
2026-03-26,GOLD,1,1,5,515000,515000.0
2026-03-26,TITANIUM,1,1,2,164200,164200.0
2026-03-27,FAMILY,39,39,49,4944680,126786.66666666667
2026-03-27,SILVER,1,1,1,32800,32800.0
2026-03-28,FAMILY,41,41,58,5010970,122218.78048780488
2026-03-28,SILVER,1,1,1,133200,133200.0
2026-03-29,FAMILY,46,46,67,5236700,113841.30434782608
2026-03-30,FAMILY,50,49,75,6408220,128164.4
2026-03-30,SILVER,4,4,4,341880,85470.0
2026-03-30,GOLD,2,2,5,297710,148855.0
2026-03-31,FAMILY,65,63,94,8846690,136102.92307692306
2026-03-31,SILVER,1,1,3,211400,211400.0
2026-03-31,GOLD,2,2,2,165010,82505.0
2026-04-01,FAMILY,62,62,80,6140100,99033.87096774194
2026-04-01,SILVER,1,1,6,631270,631270.0
2026-04-02,FAMILY,51,50,406,23758520,465853.3333333333
2026-04-02,SILVER,4,4,9,713540,178385.0
2026-04-02,TITANIUM,1,1,1,147080,147080.0
2026-04-02,GOLD,1,1,1,92200,92200.0
2026-04-03,FAMILY,54,53,70,5477590,101436.85185185185
2026-04-03,SILVER,1,1,1,45750,45750.0
2026-04-04,FAMILY,39,39,53,3628090,93027.94871794872
2026-04-04,SILVER,2,2,4,380680,190340.0
2026-04-04,GOLD,1,1,1,29790,29790.0
2026-04-05,FAMILY,47,47,68,6590340,140220.0
2026-04-05,SILVER,2,2,4,245260,122630.0
2026-04-05,GOLD,1,1,2,217600,217600.0
2026-04-05,TITANIUM,1,1,1,155000,155000.0
2026-04-06,FAMILY,53,53,67,5564340,104987.54716981133
2026-04-06,SILVER,3,3,4,182750,60916.666666666664
2026-04-07,FAMILY,63,63,78,5834460,92610.47619047618
2026-04-07,SILVER,2,2,2,227510,113755.0
2026-04-07,TITANIUM,1,1,2,195440,195440.0
2026-04-08,FAMILY,56,55,80,6055920,108141.42857142857
2026-04-08,SILVER,3,3,3,221510,73836.66666666667
2026-04-08,GOLD,1,1,2,208200,208200.0
2026-04-09,FAMILY,70,70,103,7281760,104025.14285714286
2026-04-09,SILVER,2,2,3,407340,203670.0
2026-04-09,GOLD,1,1,2,119250,119250.0
2026-04-10,FAMILY,53,52,75,6281660,118521.88679245283
2026-04-10,SILVER,3,3,5,444490,148163.33333333334
2026-04-10,GOLD,1,1,1,109300,109300.0
2026-04-11,FAMILY,49,47,62,5125060,104593.0612244898
2026-04-11,SILVER,1,1,2,78380,78380.0
2026-04-12,FAMILY,75,75,112,7473910,99652.13333333333
2026-04-12,SILVER,3,3,5,384590,128196.66666666667
2026-04-13,FAMILY,58,55,81,7352690,126770.5172413793
2026-04-13,SILVER,2,2,3,378180,189090.0
2026-04-13,GOLD,2,2,3,209230,104615.0
2026-04-14,FAMILY,59,58,82,6581900,111557.62711864407
2026-04-14,SILVER,2,2,6,326330,163165.0
2026-04-15,FAMILY,49,49,65,4192920,85569.79591836735
2026-04-15,SILVER,1,1,1,65000,65000.0
2026-04-16,FAMILY,109,103,148,11421690,104786.14678899082
2026-04-16,SILVER,6,6,7,430800,71800.0
2026-04-16,TITANIUM,1,1,2,244600,244600.0
2026-04-16,GOLD,1,1,1,73520,73520.0
2026-04-17,FAMILY,56,56,91,7551670,134851.25
2026-04-18,FAMILY,54,54,71,6020700,111494.44444444444
2026-04-18,SILVER,7,6,18,1224470,174924.2857142857
2026-04-18,GOLD,2,2,4,215600,107800.0
2026-04-19,FAMILY,87,86,127,9880040,113563.67816091955
2026-04-19,SILVER,2,2,2,113870,56935.0
2026-04-20,FAMILY,65,64,84,7424320,114220.30769230769
2026-04-20,SILVER,5,5,13,861020,172204.0
2026-04-21,FAMILY,76,74,95,7242150,95291.44736842105
2026-04-21,SILVER,4,4,8,467620,116905.0
2026-04-22,FAMILY,55,54,69,6043810,109887.45454545454
2026-04-22,SILVER,2,2,4,284750,142375.0
2026-04-23,FAMILY,69,67,134,10341970,149883.6231884058
2026-04-23,SILVER,6,6,11,801810,133635.0
2026-04-24,FAMILY,55,54,83,7172640,130411.63636363637
2026-04-24,SILVER,5,5,8,569470,113894.0
2026-04-24,GOLD,1,1,1,49000,49000.0
2026-04-25,FAMILY,61,60,71,5454990,89426.0655737705
2026-04-25,SILVER,4,3,12,831830,207957.5
2026-04-26,FAMILY,71,66,104,7228170,101805.21126760563
2026-04-26,SILVER,6,6,11,920580,153430.0
2026-04-26,GOLD,1,1,1,115710,115710.0
2026-04-27,FAMILY,73,70,100,6975700,95557.53424657535
2026-04-27,SILVER,9,8,26,1730160,192240.0
2026-04-28,FAMILY,82,82,111,8551370,104285.0
2026-04-28,SILVER,3,3,3,277760,92586.66666666667
2026-04-28,GOLD,3,3,4,261630,87210.0
2026-04-28,TITANIUM,1,1,1,127200,127200.0
2026-04-29,FAMILY,49,49,63,4668300,95271.42857142857
2026-04-29,SILVER,6,6,6,423840,70640.0
2026-04-29,GOLD,2,2,3,274950,137475.0
2026-04-30,FAMILY,68,67,105,7143760,105055.29411764706
2026-04-30,SILVER,3,3,4,382330,127443.33333333333
2026-05-01,FAMILY,143,141,180,9391388,65674.04195804195
2026-05-01,SILVER,15,13,25,2088899,139259.93333333332
2026-05-02,FAMILY,99,97,132,8059320,81407.27272727272
2026-05-02,SILVER,5,5,9,389030,77806.0
2026-05-03,FAMILY,76,76,110,6964580,91639.21052631579
2026-05-03,SILVER,4,4,6,320750,80187.5
2026-05-04,FAMILY,77,76,99,6089100,79079.22077922078
2026-05-04,SILVER,2,2,2,146070,73035.0
2026-05-05,FAMILY,269,268,350,14705360,54666.76579925651
2026-05-05,SILVER,17,17,27,1223870,71992.35294117648
2026-05-06,FAMILY,112,110,147,8228490,73468.66071428571
2026-05-06,SILVER,7,6,13,793740,113391.42857142857
2026-05-07,FAMILY,114,113,169,9453300,82923.68421052632
2026-05-07,SILVER,11,11,14,733900,66718.18181818182
2026-05-07,TITANIUM,1,1,4,262460,262460.0
2026-05-08,FAMILY,77,76,92,5862370,76134.67532467532
2026-05-08,SILVER,5,5,7,403100,80620.0
2026-05-09,FAMILY,71,69,90,4950300,69722.5352112676
2026-05-09,SILVER,2,2,3,126910,63455.0
2026-05-10,FAMILY,414,414,524,22414540,54141.40096618357
2026-05-10,SILVER,23,22,41,2132950,92736.95652173914
2026-05-10,GOLD,3,3,4,168670,56223.333333333336
2026-05-11,FAMILY,56,55,69,5789190,103378.39285714286
2026-05-11,SILVER,2,2,7,547700,273850.0
2026-05-12,FAMILY,42,41,64,4949310,117840.71428571429
2026-05-12,SILVER,2,2,2,103840,51920.0
2026-05-13,FAMILY,50,49,69,4592960,91859.2
2026-05-13,SILVER,3,3,3,249750,83250.0
2026-05-13,GOLD,1,1,1,75720,75720.0
2026-05-14,FAMILY,47,46,63,4477370,95263.1914893617
2026-05-14,SILVER,3,3,3,263350,87783.33333333333
2026-05-14,TITANIUM,1,1,1,38150,38150.0
2026-05-15,FAMILY,37,37,63,3894010,105243.51351351352
2026-05-15,GOLD,2,2,3,288900,144450.0
2026-05-15,SILVER,3,3,4,208600,69533.33333333333
2026-05-16,FAMILY,39,39,54,4209320,107931.28205128205
2026-05-16,SILVER,2,2,4,373620,186810.0
2026-05-16,GOLD,1,1,1,25970,25970.0
2026-05-17,FAMILY,49,48,75,4623740,94362.04081632652
2026-05-17,SILVER,3,3,5,331900,110633.33333333333
2026-05-17,GOLD,1,1,2,55310,55310.0
2026-05-18,FAMILY,53,51,86,6554080,123661.88679245283
2026-05-18,SILVER,1,1,2,137100,137100.0
2026-05-19,FAMILY,57,56,84,5395810,94663.33333333333
2026-05-19,SILVER,4,4,6,615760,153940.0
2026-05-19,TITANIUM,1,1,8,437640,437640.0
2026-05-19,GOLD,2,2,3,298430,149215.0
2026-05-20,FAMILY,80,79,96,8309760,103872.0
2026-05-20,SILVER,3,3,3,332490,110830.0
2026-05-20,GOLD,1,1,2,90210,90210.0
2026-05-21,FAMILY,65,64,87,6674780,102688.92307692308
2026-05-21,SILVER,5,5,11,747680,149536.0
2026-05-21,GOLD,2,2,2,154360,77180.0
2026-05-22,FAMILY,47,47,62,4931400,104923.40425531915
2026-05-22,GOLD,1,1,1,114650,114650.0
2026-05-22,SILVER,1,1,1,82870,82870.0
2026-05-23,FAMILY,39,38,52,3913230,100339.23076923077
2026-05-23,SILVER,5,5,9,529690,105938.0
2026-05-24,FAMILY,41,41,51,3730070,90977.31707317074
2026-05-25,FAMILY,68,68,101,6778680,99686.4705882353
2026-05-26,FAMILY,63,63,88,7234170,114828.09523809524
2026-05-26,SILVER,1,1,2,264270,264270.0
2026-05-26,GOLD,1,1,4,185160,185160.0
2026-05-27,FAMILY,69,68,112,8452580,122501.15942028986
2026-05-27,SILVER,1,1,2,116850,116850.0
2026-05-28,FAMILY,48,48,65,4495780,93662.08333333333
2026-05-28,SILVER,3,3,5,256300,85433.33333333333
2026-05-28,GOLD,1,1,1,43910,43910.0
2026-05-29,FAMILY,89,86,137,9464420,106341.79775280898
2026-05-29,SILVER,4,4,8,509400,127350.0
2026-05-29,GOLD,1,1,1,64000,64000.0
2026-05-30,FAMILY,52,51,73,5690930,109440.96153846153
2026-05-30,SILVER,4,4,7,529870,132467.5
2026-05-30,GOLD,2,2,5,380020,190010.0
2026-05-31,FAMILY,103,103,159,10965420,106460.38834951456
2026-05-31,SILVER,10,10,34,1656070,165607.0
2026-05-31,GOLD,2,2,3,192790,96395.0
2026-06-01,FAMILY,92,91,132,9883610,107430.54347826086
2026-06-01,SILVER,1,1,2,54480,54480.0
2026-06-02,FAMILY,43,42,71,5617410,130637.44186046511
2026-06-02,SILVER,2,2,3,270290,135145.0
