order_date,member_grade_label,first_category,second_category,transition_buyers,second_orders,quantity,revenue,transition_rate
2024-04-16,FAMILY,라운드티,긴바지,1,1,1,119000,0
2024-04-18,FAMILY,라운드티,라운드티,1,1,1,60000,0
2024-04-19,FAMILY,바람막이,라운드티,1,1,2,49000,0
2024-04-20,FAMILY,셋업,셋업,1,1,1,99000,0
2024-04-21,FAMILY,라운드티,반바지,1,1,1,79000,0
2024-04-22,FAMILY,라운드티,바람막이,1,1,1,84500,0
2024-04-22,FAMILY,라운드티,라운드티,1,1,1,59000,0
2024-04-22,FAMILY,반바지,바람막이,1,1,1,92000,0
2024-04-22,FAMILY,자켓/ 베스트,라운드티,1,1,1,59000,0
2024-04-22,FAMILY,하이킹,UNKNOWN,1,1,1,34500,0
2024-04-23,FAMILY,긴바지,긴바지,1,1,1,119000,0
2024-04-24,FAMILY,긴바지,라운드티,1,1,1,61200,0
2024-04-24,FAMILY,바람막이,라운드티,1,1,1,48400,0
2024-04-24,FAMILY,자켓/ 베스트,라운드티,1,1,1,61200,0
2024-04-24,SILVER,긴바지,긴바지,1,1,1,57270,0
2024-04-24,SILVER,바람막이,트레일러닝,1,1,1,107030,0
2024-04-25,SILVER,긴바지,긴바지,1,1,1,119000,0
2024-04-26,FAMILY,등산화,셋업,1,1,1,69500,0
2024-04-26,SILVER,하이킹,등산화,1,1,1,171510,0
2024-04-27,FAMILY,UNKNOWN,긴바지,1,1,1,136440,0
2024-04-27,FAMILY,카고/조거,라운드티,1,1,1,55200,0
2024-04-28,FAMILY,가방,UNKNOWN,1,1,1,89000,0
2024-04-28,FAMILY,가방,라운드티,1,1,1,69000,0
2024-04-28,FAMILY,긴바지,UNKNOWN,1,1,1,89000,0
2024-04-28,FAMILY,긴바지,라운드티,1,1,1,69000,0
2024-04-28,SILVER,자켓/ 베스트,라운드티,1,1,1,86610,0
2024-04-29,FAMILY,라운드티,등산화,1,1,1,64500,0
2024-04-29,GOLD,라운드티,카고/조거,1,1,1,85020,0
2024-04-30,FAMILY,바람막이,자켓/ 베스트,1,1,1,109500,0
2024-04-30,SILVER,긴바지,긴바지,1,1,1,103200,0
2024-04-30,SILVER,자켓/ 베스트,긴바지,1,1,1,103200,0
2024-05-01,FAMILY,UNKNOWN,UNKNOWN,1,1,1,49890,0
2024-05-01,FAMILY,라운드티,라운드티,1,1,1,53400,0
2024-05-02,FAMILY,긴바지,긴바지,1,1,1,79200,0
2024-05-02,FAMILY,라운드티,라운드티,2,2,3,105140,0
2024-05-02,FAMILY,반바지,라운드티,1,1,1,36140,0
2024-05-02,FAMILY,하이킹,라운드티,1,1,1,44440,0
2024-05-03,FAMILY,셋업,라운드티,1,1,2,59000,0
2024-05-03,FAMILY,하이킹,자켓/ 베스트,1,1,1,144680,0
2024-05-04,FAMILY,긴바지,긴바지,1,1,1,109460,0
2024-05-05,FAMILY,바람막이,긴바지,1,1,1,76170,0
2024-05-05,FAMILY,바람막이,라운드티,1,1,1,47130,0
2024-05-05,FAMILY,셋업,트레일러닝,1,1,1,109000,0
2024-05-05,FAMILY,하이킹,트레일러닝,1,1,1,109000,0
2024-05-06,FAMILY,긴바지,상의,1,1,1,65250,0
2024-05-07,FAMILY,가방,긴바지,1,1,1,103200,0
2024-05-07,FAMILY,긴바지,라운드티,1,1,1,44590,0
2024-05-07,FAMILY,라운드티,라운드티,1,1,1,69000,0
2024-05-07,FAMILY,자켓/ 베스트,긴바지,1,1,1,84500,0
2024-05-08,FAMILY,긴바지,반바지,1,1,1,24500,0
2024-05-08,FAMILY,라운드티,반바지,1,1,1,24500,0
2024-05-08,FAMILY,하이킹,라운드티,1,1,2,64000,0
2024-05-08,FAMILY,하이킹,셋업,1,1,1,44500,0
2024-05-09,FAMILY,UNKNOWN,UNKNOWN,1,1,1,62990,0
2024-05-09,FAMILY,하이킹,가방,1,1,1,65120,0
2024-05-10,FAMILY,긴바지,긴바지,1,1,1,75740,0
2024-05-10,FAMILY,자켓/ 베스트,햇,1,1,1,25920,0
2024-05-11,FAMILY,라운드티,자켓/ 베스트,1,1,1,89500,0
2024-05-11,FAMILY,바람막이,자켓/ 베스트,1,1,1,89500,0
2024-05-12,FAMILY,긴바지,자켓/ 베스트,1,1,1,155240,0
2024-05-12,FAMILY,라운드티,등산화,1,1,1,84500,0
2024-05-12,FAMILY,라운드티,셋업,1,1,1,84500,0
2024-05-12,FAMILY,라운드티,긴바지,1,1,1,59500,0
2024-05-12,FAMILY,맨투맨/후드티,셋업,1,1,1,84500,0
2024-05-12,FAMILY,맨투맨/후드티,긴바지,1,1,1,59500,0
2024-05-12,FAMILY,자켓/ 베스트,자켓/ 베스트,1,1,1,175200,0
2024-05-12,FAMILY,햇,햇,1,1,1,42110,0
2024-05-14,FAMILY,긴바지,긴바지,1,1,1,71200,0
2024-05-14,FAMILY,상의,셋업,1,1,1,71200,0
2024-05-15,FAMILY,반바지,라운드티,1,1,1,69000,0
2024-05-16,FAMILY,라운드티,긴바지,1,1,1,59500,0
2024-05-17,FAMILY,UNKNOWN,라운드티,1,1,1,87540,0
2024-05-17,FAMILY,UNKNOWN,UNKNOWN,1,1,1,69000,0
2024-05-18,FAMILY,방수자켓,긴바지,1,1,1,60860,0
2024-05-19,FAMILY,UNKNOWN,긴바지,1,1,1,139000,0
2024-05-19,FAMILY,UNKNOWN,라운드티,1,1,1,30380,0
2024-05-19,FAMILY,가방,햇,1,1,1,40570,0
2024-05-19,FAMILY,라운드티,긴바지,2,2,3,253000,0
2024-05-19,FAMILY,라운드티,UNKNOWN,1,1,1,175590,0
2024-05-19,FAMILY,라운드티,반바지,2,2,2,88500,0
2024-05-19,FAMILY,라운드티,라운드티,1,1,1,87310,0
2024-05-19,FAMILY,라운드티,셔츠,1,1,1,44500,0
2024-05-19,FAMILY,반바지,라운드티,1,1,1,30380,0
2024-05-21,FAMILY,라운드티,라운드티,2,2,2,98500,0
2024-05-21,FAMILY,셋업,트레일러닝,1,1,1,104100,0
2024-05-22,FAMILY,라운드티,긴바지,1,1,1,99360,0
2024-05-22,FAMILY,바람막이,UNKNOWN,1,1,1,54080,0
2024-05-22,FAMILY,반바지,UNKNOWN,1,1,1,54080,0
2024-05-23,FAMILY,긴바지,장갑,1,1,1,24450,0
2024-05-23,FAMILY,라운드티,라운드티,1,1,1,39500,0
2024-05-23,FAMILY,하이킹,장갑,1,1,1,24450,0
2024-05-24,FAMILY,라운드티,라운드티,1,1,3,149840,0
2024-05-24,FAMILY,자켓/ 베스트,긴바지,1,1,1,66340,0
2024-05-24,FAMILY,트레일러닝,하이킹,1,1,1,130300,0
2024-05-24,FAMILY,하이킹,상의,1,1,1,90860,0
2024-05-26,FAMILY,라운드티,라운드티,1,1,1,63550,0
2024-05-27,GOLD,긴바지,셋업,1,1,1,137820,0
2024-05-27,GOLD,상의,셋업,1,1,1,137820,0
2024-05-28,FAMILY,가방,자켓/ 베스트,1,1,1,144640,0
2024-05-28,FAMILY,긴바지,자켓/ 베스트,1,1,1,169340,0
2024-05-28,FAMILY,라운드티,라운드티,1,1,2,118000,0
2024-05-28,FAMILY,캡,라운드티,1,1,1,59000,0
2024-05-28,SILVER,UNKNOWN,긴바지,1,1,3,466770,0
2024-05-28,SILVER,가방,긴바지,1,1,3,466770,0
2024-05-28,SILVER,긴바지,긴바지,1,1,3,466770,0
2024-05-28,SILVER,햇,자켓/ 베스트,1,1,1,123380,0
2024-05-28,SILVER,햇,셋업,1,1,1,70190,0
2024-05-29,FAMILY,긴바지,바람막이,1,1,1,110270,0
2024-05-29,SILVER,셋업,반바지,1,1,1,17500,0
2024-05-30,FAMILY,긴바지,긴바지,1,1,1,67660,0
2024-05-30,FAMILY,라운드티,바람막이,1,1,1,150650,0
2024-05-30,FAMILY,트레일러닝,등산화,1,1,1,103200,0
2024-05-30,SILVER,셋업,라운드티,1,1,1,74830,0
2024-05-30,SILVER,셋업,긴바지,1,1,1,59870,0
2024-05-30,SILVER,셋업,액세서리,1,1,2,12620,0
2024-05-30,SILVER,자켓/ 베스트,라운드티,1,1,1,74830,0
2024-05-30,SILVER,자켓/ 베스트,긴바지,1,1,1,59870,0
2024-05-30,SILVER,자켓/ 베스트,액세서리,1,1,2,12620,0
2024-05-31,FAMILY,긴바지,라운드티,1,1,2,51460,0
2024-05-31,FAMILY,라운드티,라운드티,1,1,2,51460,0
2024-06-01,FAMILY,긴바지,긴바지,1,1,2,128160,0
2024-06-01,FAMILY,반바지,햇,1,1,1,36650,0
2024-06-01,FAMILY,햇,햇,1,1,1,36650,0
2024-06-02,FAMILY,라운드티,라운드티,2,2,2,96150,0
2024-06-02,FAMILY,하이킹,UNKNOWN,1,1,1,83720,0
2024-06-04,SILVER,UNKNOWN,UNKNOWN,1,1,1,72700,0
2024-06-05,FAMILY,긴바지,긴바지,2,2,2,190670,0
2024-06-05,FAMILY,긴바지,맨투맨/후드티,1,1,1,89000,0
2024-06-05,FAMILY,긴바지,반바지,1,1,1,49000,0
2024-06-05,FAMILY,라운드티,긴바지,1,1,1,71470,0
2024-06-05,FAMILY,라운드티,라운드티,1,1,1,53380,0
2024-06-05,FAMILY,반바지,긴바지,1,1,1,71470,0
2024-06-06,FAMILY,라운드티,라운드티,1,1,1,56670,0
2024-06-06,FAMILY,자켓/ 베스트,햇,1,1,1,19500,0
2024-06-07,FAMILY,긴바지,라운드티,2,2,3,114500,0
2024-06-07,FAMILY,긴바지,카고/조거,1,1,1,99240,0
2024-06-07,FAMILY,라운드티,긴바지,1,1,1,79200,0
2024-06-07,FAMILY,반바지,라운드티,1,1,2,85000,0
2024-06-07,FAMILY,셋업,라운드티,1,1,1,29500,0
2024-06-07,FAMILY,자켓/ 베스트,라운드티,1,1,1,24500,0
2024-06-07,FAMILY,하이킹,라운드티,1,1,1,17150,0
2024-06-07,SILVER,셋업,라운드티,1,1,1,38300,0
2024-06-07,SILVER,자켓/ 베스트,폴로티/집업,1,1,1,65810,0
2024-06-08,FAMILY,긴바지,긴바지,1,1,1,88070,0
2024-06-08,FAMILY,라운드티,방수자켓,1,1,1,129000,0
2024-06-08,FAMILY,라운드티,긴바지,1,1,1,119000,0
2024-06-08,FAMILY,셋업,방수자켓,1,1,1,129000,0
2024-06-08,FAMILY,셋업,긴바지,1,1,1,119000,0
2024-06-08,FAMILY,자켓/ 베스트,라운드티,1,1,1,36320,0
2024-06-08,SILVER,긴바지,등산화,1,1,1,107970,0
2024-06-08,SILVER,라운드티,등산화,1,1,1,107970,0
2024-06-08,SILVER,라운드티,긴바지,1,1,1,87200,0
2024-06-09,FAMILY,긴바지,긴바지,2,2,2,132750,0
2024-06-09,FAMILY,라운드티,반바지,1,1,2,49000,0
2024-06-10,FAMILY,긴바지,긴바지,1,1,1,67850,0
2024-06-10,FAMILY,라운드티,긴바지,1,1,1,169000,0
2024-06-10,FAMILY,라운드티,라운드티,1,1,1,57000,0
2024-06-10,FAMILY,자켓/ 베스트,맨투맨/후드티,1,1,1,54700,0
2024-06-10,SILVER,상의,반바지,1,1,1,75090,0
2024-06-11,FAMILY,긴바지,긴바지,1,1,1,113330,0
2024-06-11,FAMILY,긴바지,폴로티/집업,1,1,1,75230,0
2024-06-11,FAMILY,긴바지,반바지,1,1,1,46660,0
2024-06-11,FAMILY,캡,가방,1,1,1,60300,0
2024-06-12,FAMILY,긴바지,라운드티,2,2,2,94040,0
2024-06-12,FAMILY,라운드티,긴바지,1,1,1,76850,0
2024-06-12,FAMILY,라운드티,라운드티,1,1,1,59740,0
2024-06-12,FAMILY,바람막이,라운드티,1,1,2,112540,0
2024-06-12,FAMILY,반바지,라운드티,1,1,1,49000,0
2024-06-12,FAMILY,캡,크로스/토트백,1,1,1,22250,0
2024-06-13,FAMILY,가방,햇,1,1,1,42010,0
2024-06-13,FAMILY,자켓/ 베스트,긴바지,1,1,1,79200,0
2024-06-13,FAMILY,하이킹,캡,1,1,1,19210,0
2024-06-13,FAMILY,햇,햇,1,1,1,42010,0
2024-06-14,FAMILY,가방,긴바지,1,1,1,66580,0
2024-06-14,FAMILY,라운드티,UNKNOWN,1,1,1,111300,0
2024-06-14,FAMILY,라운드티,라운드티,1,1,1,35520,0
2024-06-14,FAMILY,바람막이,라운드티,1,1,2,89960,0
2024-06-14,FAMILY,바람막이,카고/조거,1,1,1,64500,0
2024-06-14,FAMILY,바람막이,긴바지,1,1,1,59500,0
2024-06-14,FAMILY,상의,라운드티,1,1,2,89960,0
2024-06-14,FAMILY,셋업,셋업,1,1,2,110600,0
2024-06-14,SILVER,긴바지,반바지,1,1,1,30800,0
2024-06-14,SILVER,라운드티,라운드티,2,2,4,176000,0
2024-06-14,SILVER,라운드티,바람막이,1,1,1,159000,0
2024-06-14,SILVER,라운드티,셋업,1,1,2,158400,0
2024-06-14,SILVER,라운드티,반바지,2,2,2,70000,0
2024-06-14,SILVER,자켓/ 베스트,바람막이,1,1,1,159000,0
2024-06-14,SILVER,자켓/ 베스트,라운드티,1,1,1,55300,0
2024-06-15,FAMILY,긴바지,라운드티,1,1,3,116900,0
2024-06-15,FAMILY,긴바지,긴바지,1,1,1,57870,0
2024-06-15,FAMILY,라운드티,라운드티,2,2,4,193200,0
2024-06-15,FAMILY,셋업,긴바지,1,1,1,34650,0
2024-06-15,FAMILY,액세서리,하이킹,1,1,1,160300,0
2024-06-15,FAMILY,액세서리,라운드티,1,1,1,48300,0
2024-06-16,FAMILY,라운드티,반바지,1,1,1,35100,0
2024-06-16,FAMILY,셋업,긴바지,1,1,1,136660,0
2024-06-16,FAMILY,셋업,라운드티,1,1,2,81220,0
2024-06-17,FAMILY,UNKNOWN,라운드티,1,1,1,44550,0
2024-06-17,FAMILY,긴바지,라운드티,1,1,1,44550,0
2024-06-17,FAMILY,라운드티,셋업,1,1,1,56070,0
2024-06-17,FAMILY,라운드티,라운드티,1,1,1,48300,0
2024-06-17,FAMILY,트레일러닝,라운드티,1,1,1,41300,0
2024-06-18,FAMILY,라운드티,라운드티,3,3,3,96730,0
2024-06-18,FAMILY,라운드티,셋업,1,1,1,53650,0
2024-06-18,FAMILY,반바지,셋업,1,1,1,53650,0
2024-06-18,FAMILY,반바지,라운드티,1,1,1,33760,0
2024-06-18,FAMILY,셋업,셋업,1,1,1,53650,0
2024-06-18,FAMILY,셋업,라운드티,1,1,1,33760,0
2024-06-18,FAMILY,자켓/ 베스트,라운드티,1,1,6,218070,0
2024-06-19,FAMILY,긴바지,UNKNOWN,1,1,1,71200,0
2024-06-19,FAMILY,라운드티,라운드티,2,2,2,83190,0
2024-06-19,FAMILY,라운드티,긴바지,1,1,1,67550,0
2024-06-19,FAMILY,셋업,UNKNOWN,1,1,1,71200,0
2024-06-20,FAMILY,UNKNOWN,자켓/ 베스트,1,1,1,153300,0
2024-06-20,FAMILY,긴바지,트레일러닝,1,1,1,107500,0
2024-06-20,FAMILY,라운드티,트레일러닝,1,1,1,107500,0
2024-06-20,FAMILY,라운드티,가방,1,1,1,62300,0
2024-06-20,FAMILY,라운드티,셋업,1,1,1,57610,0
2024-06-20,FAMILY,라운드티,라운드티,1,1,1,38190,0
2024-06-20,FAMILY,맨투맨/후드티,셋업,1,1,1,57610,0
2024-06-20,FAMILY,맨투맨/후드티,라운드티,1,1,1,38190,0
2024-06-20,FAMILY,셔츠,자켓/ 베스트,1,1,1,125770,0
2024-06-21,FAMILY,UNKNOWN,라운드티,1,1,1,47200,0
2024-06-21,FAMILY,긴바지,긴바지,1,1,1,69300,0
2024-06-21,FAMILY,라운드티,라운드티,1,1,1,47200,0
2024-06-21,FAMILY,셋업,셋업,1,1,1,54990,0
2024-06-22,FAMILY,긴바지,긴바지,1,1,1,86090,0
2024-06-22,FAMILY,등산화,트레일러닝,1,1,1,90590,0
2024-06-22,FAMILY,라운드티,자켓/ 베스트,1,1,1,146230,0
2024-06-22,FAMILY,라운드티,긴바지,1,1,1,79460,0
2024-06-22,FAMILY,라운드티,라운드티,1,1,1,50200,0
2024-06-22,FAMILY,상의,라운드티,1,1,1,55640,0
2024-06-22,SILVER,라운드티,라운드티,1,1,2,70700,0
2024-06-23,FAMILY,긴바지,긴바지,1,1,1,90300,0
2024-06-23,FAMILY,긴바지,셋업,1,1,1,80200,0
2024-06-23,FAMILY,라운드티,라운드티,2,2,3,145500,0
2024-06-23,FAMILY,라운드티,긴바지,2,2,2,144800,0
2024-06-23,FAMILY,셋업,긴바지,1,1,1,54500,0
2024-06-23,FAMILY,셋업,라운드티,1,1,1,29500,0
2024-06-24,FAMILY,긴바지,긴바지,2,2,2,207980,0
2024-06-24,FAMILY,라운드티,라운드티,2,2,2,91050,0
2024-06-24,FAMILY,라운드티,긴바지,1,1,1,75670,0
2024-06-24,FAMILY,라운드티,반바지,1,1,1,39200,0
2024-06-24,FAMILY,바람막이,긴바지,1,1,1,76300,0
2024-06-24,FAMILY,바람막이,라운드티,1,1,1,34300,0
2024-06-24,FAMILY,자켓/ 베스트,반바지,1,1,1,39100,0
2024-06-24,FAMILY,트레일러닝,라운드티,1,1,1,55200,0
2024-06-24,FAMILY,트레일러닝,반바지,1,1,1,39200,0
2024-06-25,FAMILY,긴바지,반바지,1,1,1,39200,0
2024-06-25,FAMILY,긴바지,라운드티,1,1,1,39200,0
2024-06-25,FAMILY,라운드티,라운드티,2,2,2,83850,0
2024-06-25,FAMILY,라운드티,반바지,1,1,1,39200,0
2024-06-25,FAMILY,캡,반바지,1,1,1,39200,0
2024-06-25,FAMILY,하이킹,라운드티,1,1,1,39200,0
2024-06-25,FAMILY,하이킹,반바지,1,1,1,39200,0
2024-06-25,SILVER,긴바지,긴바지,1,1,1,69500,0
2024-06-25,SILVER,긴바지,라운드티,1,1,1,34500,0
2024-06-25,SILVER,셔츠,긴바지,1,1,1,69500,0
2024-06-25,SILVER,셔츠,라운드티,1,1,1,34500,0
2024-06-26,FAMILY,긴바지,긴바지,1,1,1,69300,0
2024-06-26,FAMILY,라운드티,라운드티,3,3,5,223950,0
2024-06-26,FAMILY,라운드티,반바지,1,1,2,78400,0
2024-06-26,FAMILY,라운드티,UNKNOWN,1,1,2,69000,0
2024-06-26,FAMILY,반바지,라운드티,1,1,3,149600,0
2024-06-26,FAMILY,반바지,반바지,1,1,2,78400,0
2024-06-26,FAMILY,셋업,바람막이,1,1,1,142330,0
2024-06-26,FAMILY,셋업,라운드티,1,1,1,34710,0
2024-06-26,FAMILY,셋업,반바지,1,1,1,21940,0
2024-06-26,GOLD,셋업,긴바지,1,1,1,62300,0
2024-06-27,FAMILY,가방,라운드티,1,1,1,28600,0
2024-06-27,FAMILY,라운드티,라운드티,2,2,2,94090,0
2024-06-27,FAMILY,라운드티,반바지,1,1,1,42800,0
2024-06-28,FAMILY,긴바지,긴바지,2,2,2,155860,0
2024-06-28,FAMILY,긴바지,셋업,1,1,1,81320,0
2024-06-28,FAMILY,셋업,라운드티,1,1,1,69000,0
2024-06-28,SILVER,긴바지,긴바지,1,1,1,92800,0
2024-06-28,SILVER,긴바지,라운드티,1,1,1,54200,0
2024-06-28,SILVER,자켓/ 베스트,긴바지,1,1,1,92800,0
2024-06-28,SILVER,자켓/ 베스트,라운드티,1,1,1,54200,0
2024-06-29,FAMILY,라운드티,자켓/ 베스트,1,1,1,150260,0
2024-06-29,FAMILY,라운드티,맨투맨/후드티,1,1,1,61070,0
2024-06-29,FAMILY,셋업,긴바지,1,1,1,90540,0
2024-06-30,FAMILY,긴바지,가방,1,1,1,51530,0
2024-06-30,FAMILY,긴바지,라운드티,1,1,1,47360,0
2024-06-30,FAMILY,긴바지,반바지,1,1,1,36580,0
2024-06-30,FAMILY,반바지,자켓/ 베스트,1,1,1,147000,0
2024-06-30,FAMILY,하이킹,라운드티,1,1,1,32320,0
2024-07-01,FAMILY,라운드티,라운드티,1,1,1,35370,0
2024-07-01,FAMILY,반바지,라운드티,1,1,1,38220,0
2024-07-01,FAMILY,반바지,UNKNOWN,1,1,1,38220,0
2024-07-01,FAMILY,상의,셋업,1,1,2,101810,0
2024-07-01,FAMILY,셋업,셋업,1,1,2,101810,0
2024-07-01,SILVER,반바지,긴바지,1,1,1,62370,0
2024-07-02,FAMILY,가방,라운드티,1,1,1,33920,0
2024-07-02,FAMILY,긴바지,가방,1,1,1,104300,0
2024-07-02,FAMILY,라운드티,가방,1,1,1,104300,0
2024-07-02,FAMILY,반바지,반바지,1,1,1,50380,0
2024-07-02,FAMILY,셋업,셋업,1,1,1,49200,0
2024-07-02,FAMILY,자켓/ 베스트,자켓/ 베스트,1,1,1,149300,0
2024-07-02,SILVER,자켓/ 베스트,긴바지,1,1,1,40830,0
2024-07-03,FAMILY,등산화,라운드티,1,1,1,77730,0
2024-07-03,FAMILY,라운드티,등산화,1,1,1,109500,0
2024-07-03,FAMILY,스니커즈,셋업,1,1,1,36300,0
2024-07-04,FAMILY,라운드티,긴바지,1,1,1,62650,0
2024-07-04,FAMILY,셋업,긴바지,1,1,1,62650,0
2024-07-05,FAMILY,긴바지,긴바지,1,1,1,118300,0
2024-07-05,FAMILY,긴바지,반바지,1,1,1,30000,0
2024-07-05,FAMILY,라운드티,라운드티,3,3,4,166550,0
2024-07-05,FAMILY,라운드티,셋업,1,1,1,45650,0
2024-07-05,FAMILY,라운드티,크로스/토트백,1,1,1,26300,0
2024-07-05,FAMILY,바람막이,라운드티,1,1,1,47200,0
2024-07-05,FAMILY,반바지,반바지,1,1,1,30000,0
2024-07-05,FAMILY,셋업,반바지,1,1,1,27110,0
2024-07-05,FAMILY,캡,라운드티,1,1,1,39500,0
2024-07-05,FAMILY,캡,크로스/토트백,1,1,1,26300,0
2024-07-05,FAMILY,트레일러닝,라운드티,1,1,1,39500,0
2024-07-05,FAMILY,트레일러닝,크로스/토트백,1,1,1,26300,0
2024-07-06,FAMILY,라운드티,라운드티,2,2,2,74190,0
2024-07-06,FAMILY,반바지,셔츠,1,1,1,69200,0
2024-07-06,FAMILY,반바지,라운드티,1,1,1,33280,0
2024-07-06,FAMILY,하이킹,긴바지,1,1,1,75180,0
2024-07-06,FAMILY,하이킹,셋업,1,1,1,61380,0
2024-07-06,FAMILY,하이킹,라운드티,1,1,1,46510,0
2024-07-07,FAMILY,셔츠,반바지,1,1,1,58800,0
2024-07-08,FAMILY,UNKNOWN,UNKNOWN,1,1,1,66030,0
2024-07-08,FAMILY,라운드티,반바지,1,1,1,42200,0
2024-07-08,FAMILY,라운드티,라운드티,1,1,1,31440,0
2024-07-08,FAMILY,트레일러닝,라운드티,1,1,1,23300,0
2024-07-09,FAMILY,UNKNOWN,UNKNOWN,1,1,2,179000,0
2024-07-09,FAMILY,긴바지,긴바지,1,1,2,122880,0
2024-07-09,FAMILY,긴바지,라운드티,1,1,1,42170,0
2024-07-09,FAMILY,라운드티,라운드티,2,2,3,106660,0
2024-07-10,FAMILY,긴바지,긴바지,1,1,2,115540,0
2024-07-10,FAMILY,긴바지,라운드티,1,1,1,36350,0
2024-07-10,FAMILY,등산화,긴바지,1,1,2,115540,0
2024-07-10,FAMILY,등산화,라운드티,1,1,1,36350,0
2024-07-10,FAMILY,반바지,긴바지,1,1,1,64210,0
2024-07-10,FAMILY,방수자켓,긴바지,1,1,1,63300,0
2024-07-10,FAMILY,상의,UNKNOWN,1,1,1,48630,0
2024-07-10,FAMILY,셋업,셋업,1,1,1,53060,0
2024-07-10,FAMILY,자켓/ 베스트,자켓/ 베스트,1,1,1,209300,0
2024-07-10,FAMILY,폴로티/집업,라운드티,1,1,1,26200,0
2024-07-11,FAMILY,긴바지,UNKNOWN,1,1,1,55640,0
2024-07-11,FAMILY,라운드티,셋업,1,1,2,69000,0
2024-07-11,FAMILY,라운드티,라운드티,1,1,1,29500,0
2024-07-11,FAMILY,라운드티,반바지,1,1,1,24500,0
2024-07-11,FAMILY,셋업,라운드티,1,1,1,64600,0
2024-07-11,FAMILY,하이킹,셋업,1,1,1,113670,0
2024-07-11,FAMILY,하이킹,긴바지,1,1,1,80040,0
2024-07-11,FAMILY,하이킹,UNKNOWN,1,1,1,55640,0
2024-07-11,SILVER,긴바지,긴바지,1,1,1,51390,0
2024-07-11,SILVER,반바지,긴바지,1,1,2,144480,0
2024-07-11,SILVER,반바지,라운드티,1,1,3,114920,0
2024-07-12,FAMILY,라운드티,셋업,2,2,2,226920,0
2024-07-12,FAMILY,라운드티,긴바지,1,1,1,106470,0
2024-07-12,FAMILY,라운드티,상의,1,1,1,66360,0
2024-07-12,FAMILY,라운드티,라운드티,1,1,1,46540,0
2024-07-12,FAMILY,라운드티,햇,1,1,1,23110,0
2024-07-12,FAMILY,상의,셋업,1,1,1,129450,0
2024-07-12,FAMILY,상의,상의,1,1,1,66360,0
2024-07-12,SILVER,라운드티,라운드티,1,1,1,35410,0
2024-07-13,FAMILY,긴바지,라운드티,1,1,2,119930,0
2024-07-14,FAMILY,UNKNOWN,긴바지,1,1,1,62370,0
2024-07-14,FAMILY,UNKNOWN,라운드티,1,1,1,32900,0
2024-07-14,FAMILY,긴바지,긴바지,1,1,1,69300,0
2024-07-14,FAMILY,라운드티,라운드티,4,4,4,187850,0
2024-07-14,FAMILY,라운드티,긴바지,1,1,1,56110,0
2024-07-14,FAMILY,상의,긴바지,1,1,1,46370,0
2024-07-14,FAMILY,셋업,셋업,1,1,1,61370,0
2024-07-15,FAMILY,긴바지,긴바지,2,2,2,225520,0
2024-07-15,FAMILY,긴바지,라운드티,1,1,1,69000,0
2024-07-15,FAMILY,라운드티,긴바지,1,1,1,139000,0
2024-07-15,FAMILY,라운드티,라운드티,1,1,1,69000,0
2024-07-15,SILVER,긴바지,긴바지,1,1,1,69300,0
2024-07-16,FAMILY,라운드티,라운드티,1,1,1,67650,0
2024-07-16,FAMILY,자켓/ 베스트,긴바지,1,1,1,66000,0
2024-07-16,FAMILY,트레일러닝,라운드티,1,1,1,31300,0
2024-07-16,FAMILY,하이킹,긴바지,1,1,1,61300,0
2024-07-16,SILVER,긴바지,라운드티,1,1,2,64590,0
2024-07-16,SILVER,긴바지,UNKNOWN,1,1,1,54230,0
2024-07-17,FAMILY,긴바지,긴바지,3,3,4,257730,0
2024-07-17,FAMILY,긴바지,라운드티,1,1,1,37200,0
2024-07-17,FAMILY,반바지,가방,1,1,1,60540,0
2024-07-17,FAMILY,셋업,셋업,1,1,1,94740,0
2024-07-17,FAMILY,셋업,긴바지,1,1,1,65830,0
2024-07-17,FAMILY,캡,셋업,1,1,1,50020,0
2024-07-18,FAMILY,UNKNOWN,라운드티,1,1,1,35280,0
2024-07-18,FAMILY,긴바지,UNKNOWN,1,1,1,61800,0
2024-07-18,FAMILY,라운드티,긴바지,1,1,1,122930,0
2024-07-18,FAMILY,라운드티,라운드티,2,2,2,64400,0
2024-07-18,FAMILY,맨투맨/후드티,반바지,1,1,1,35280,0
2024-07-18,FAMILY,셋업,라운드티,1,1,1,45240,0
2024-07-18,FAMILY,자켓/ 베스트,바람막이,1,1,1,135090,0
2024-07-18,FAMILY,햇,라운드티,1,1,1,60920,0
2024-07-19,FAMILY,긴바지,긴바지,1,1,1,95200,0
2024-07-19,FAMILY,긴바지,라운드티,1,1,1,69120,0
2024-07-19,FAMILY,라운드티,라운드티,2,2,2,110430,0
2024-07-19,FAMILY,라운드티,긴바지,1,1,1,95200,0
2024-07-19,FAMILY,셋업,셔츠,1,1,1,62110,0
2024-07-19,FAMILY,셋업,반바지,1,1,1,55140,0
2024-07-19,FAMILY,자켓/ 베스트,긴바지,1,1,1,58490,0
2024-07-20,FAMILY,UNKNOWN,라운드티,1,1,1,31080,0
2024-07-20,FAMILY,긴바지,긴바지,1,1,1,62300,0
2024-07-20,FAMILY,등산화,셋업,1,1,1,83300,0
2024-07-20,FAMILY,등산화,라운드티,1,1,1,55300,0
2024-07-20,FAMILY,라운드티,라운드티,1,1,1,31080,0
2024-07-20,FAMILY,셋업,라운드티,1,1,1,31080,0
2024-07-20,FAMILY,셔츠,라운드티,1,1,1,31080,0
2024-07-21,FAMILY,긴바지,긴바지,1,1,1,69300,0
2024-07-21,FAMILY,라운드티,라운드티,1,1,3,114460,0
2024-07-21,FAMILY,라운드티,UNKNOWN,1,1,1,40030,0
2024-07-22,FAMILY,긴바지,라운드티,1,1,2,129880,0
2024-07-22,FAMILY,긴바지,긴바지,1,1,1,46350,0
2024-07-22,FAMILY,라운드티,라운드티,2,2,5,265720,0
2024-07-22,FAMILY,라운드티,셋업,1,1,1,78650,0
2024-07-22,FAMILY,라운드티,긴바지,1,1,1,51730,0
2024-07-22,FAMILY,라운드티,반바지,1,1,1,29260,0
2024-07-22,FAMILY,라운드티,크로스/토트백,1,1,1,27500,0
2024-07-22,FAMILY,맨투맨/후드티,라운드티,1,1,2,129880,0
2024-07-22,FAMILY,반바지,라운드티,1,1,3,135840,0
2024-07-22,FAMILY,반바지,셋업,1,1,1,78650,0
2024-07-22,FAMILY,셋업,하이킹,1,1,1,125560,0
2024-07-23,FAMILY,긴바지,셋업,1,1,1,73400,0
2024-07-23,FAMILY,라운드티,셋업,1,1,1,73400,0
2024-07-23,FAMILY,라운드티,라운드티,1,1,1,38350,0
2024-07-23,FAMILY,자켓/ 베스트,햇,1,1,1,29000,0
2024-07-23,FAMILY,햇,긴바지,1,1,1,66000,0
2024-07-23,FAMILY,햇,라운드티,1,1,1,44960,0
2024-07-24,FAMILY,스니커즈,라운드티,1,1,1,86520,0
2024-07-24,FAMILY,트레일러닝,긴바지,1,1,1,69300,0
2024-07-24,GOLD,라운드티,라운드티,1,1,2,88780,0
2024-07-25,FAMILY,긴바지,셋업,1,1,1,79840,0
2024-07-25,FAMILY,긴바지,긴바지,1,1,1,59430,0
2024-07-25,FAMILY,라운드티,셋업,1,1,1,47600,0
2024-07-25,FAMILY,라운드티,라운드티,1,1,1,33810,0
2024-07-25,FAMILY,셋업,셋업,1,1,2,110600,0
2024-07-26,FAMILY,UNKNOWN,셔츠,1,1,1,69320,0
2024-07-26,FAMILY,긴바지,긴바지,1,1,1,67300,0
2024-07-26,FAMILY,긴바지,UNKNOWN,1,1,1,59000,0
2024-07-26,FAMILY,라운드티,UNKNOWN,1,1,1,59000,0
2024-07-26,FAMILY,라운드티,라운드티,1,1,1,30770,0
2024-07-26,FAMILY,반바지,반바지,1,1,1,37440,0
2024-07-26,FAMILY,상의,라운드티,1,1,1,83700,0
2024-07-27,FAMILY,긴바지,UNKNOWN,1,1,1,55200,0
2024-07-27,FAMILY,라운드티,반바지,1,1,1,62090,0
2024-07-27,FAMILY,라운드티,라운드티,1,1,1,46370,0
2024-07-27,FAMILY,하이킹,셋업,1,1,1,55300,0
2024-07-28,FAMILY,라운드티,라운드티,1,1,1,69000,0
2024-07-29,FAMILY,가방,가방,2,2,2,140070,0
2024-07-29,FAMILY,라운드티,긴바지,1,1,1,64480,0
2024-07-29,FAMILY,자켓/ 베스트,라운드티,1,1,1,29700,0
2024-07-30,FAMILY,긴바지,맨투맨/후드티,1,1,1,53780,0
2024-07-30,FAMILY,라운드티,긴바지,1,1,1,48520,0
2024-07-30,FAMILY,라운드티,라운드티,1,1,1,43900,0
2024-07-30,FAMILY,반바지,긴바지,1,1,1,48520,0
2024-07-30,FAMILY,방수자켓,볼캡,1,1,1,15780,0
2024-07-30,FAMILY,자켓/ 베스트,긴바지,1,1,1,69300,0
2024-07-30,FAMILY,자켓/ 베스트,반바지,1,1,1,39200,0
2024-07-30,SILVER,바람막이,자켓/ 베스트,1,1,1,97000,0
2024-07-30,SILVER,셋업,자켓/ 베스트,1,1,1,97000,0
2024-07-31,FAMILY,가방,가방,1,1,5,415000,0
2024-07-31,FAMILY,라운드티,라운드티,1,1,1,47200,0
2024-07-31,FAMILY,햇,볼캡,1,1,1,28490,0
2024-07-31,FAMILY,햇,크로스/토트백,1,1,1,27010,0
2024-08-01,FAMILY,라운드티,라운드티,1,1,1,37200,0
2024-08-01,FAMILY,반바지,라운드티,1,1,1,47160,0
2024-08-01,SILVER,맨투맨/후드티,맨투맨/후드티,1,1,1,56070,0
2024-08-02,FAMILY,UNKNOWN,긴바지,1,1,1,54500,0
2024-08-02,FAMILY,UNKNOWN,셋업,1,1,1,39500,0
2024-08-02,FAMILY,가방,자켓/ 베스트,1,1,1,99790,0
2024-08-02,FAMILY,라운드티,라운드티,2,2,4,181090,0
2024-08-02,FAMILY,맨투맨/후드티,맨투맨/후드티,1,1,1,62300,0
2024-08-02,FAMILY,반바지,라운드티,1,1,1,38390,0
2024-08-02,FAMILY,셋업,라운드티,1,1,1,34960,0
2024-08-03,FAMILY,긴바지,라운드티,1,1,1,26420,0
2024-08-03,FAMILY,반바지,셋업,1,1,1,76710,0
2024-08-03,FAMILY,반바지,라운드티,1,1,1,53460,0
2024-08-03,FAMILY,하이킹,라운드티,1,1,1,26420,0
2024-08-05,FAMILY,라운드티,라운드티,2,2,4,180520,0
2024-08-05,SILVER,라운드티,셋업,1,1,1,68200,0
2024-08-05,SILVER,라운드티,라운드티,1,1,1,40640,0
2024-08-05,SILVER,자켓/ 베스트,셋업,1,1,1,68200,0
2024-08-05,SILVER,자켓/ 베스트,라운드티,1,1,1,40640,0
2024-08-06,FAMILY,반바지,라운드티,1,1,1,37470,0
2024-08-06,FAMILY,셔츠,라운드티,1,1,1,37470,0
2024-08-07,FAMILY,라운드티,라운드티,1,1,1,84640,0
2024-08-07,FAMILY,라운드티,반바지,1,1,1,45200,0
2024-08-08,FAMILY,긴바지,긴바지,1,1,1,44500,0
2024-08-08,FAMILY,긴바지,반바지,1,1,1,39500,0
2024-08-08,FAMILY,라운드티,반바지,2,2,2,78700,0
2024-08-08,FAMILY,라운드티,긴바지,1,1,1,44500,0
2024-08-08,SILVER,긴바지,긴바지,1,1,1,60910,0
2024-08-08,SILVER,긴바지,라운드티,1,1,1,34450,0
2024-08-08,SILVER,반바지,긴바지,1,1,1,60910,0
2024-08-08,SILVER,반바지,라운드티,1,1,1,34450,0
2024-08-09,FAMILY,긴바지,반바지,1,1,1,39200,0
2024-08-09,FAMILY,긴바지,라운드티,1,1,1,39200,0
2024-08-09,FAMILY,라운드티,자켓/ 베스트,1,1,1,108180,0
2024-08-09,FAMILY,라운드티,라운드티,1,1,1,66000,0
2024-08-10,FAMILY,긴바지,바람막이,1,1,1,98320,0
2024-08-10,FAMILY,라운드티,바람막이,1,1,1,98320,0
2024-08-10,FAMILY,셋업,긴바지,1,1,1,119000,0
2024-08-10,FAMILY,하이킹,라운드티,1,1,1,36200,0
2024-08-11,FAMILY,상의,가방,1,1,1,86700,0
2024-08-12,FAMILY,긴바지,라운드티,1,1,1,42380,0
2024-08-12,FAMILY,라운드티,라운드티,1,1,1,57990,0
2024-08-13,FAMILY,가방,가방,1,1,2,166000,0
2024-08-13,FAMILY,라운드티,UNKNOWN,1,1,1,69000,0
2024-08-13,FAMILY,바람막이,반바지,1,1,1,24470,0
2024-08-13,FAMILY,셋업,긴바지,1,1,1,119000,0
2024-08-13,FAMILY,셋업,폴로/집업티,1,1,1,62300,0
2024-08-14,FAMILY,긴바지,UNKNOWN,1,1,1,52910,0
2024-08-14,FAMILY,긴바지,라운드티,1,1,1,37570,0
2024-08-14,FAMILY,라운드티,UNKNOWN,1,1,1,52910,0
2024-08-14,FAMILY,라운드티,라운드티,1,1,1,37570,0
2024-08-15,FAMILY,긴바지,긴바지,1,1,1,54540,0
2024-08-15,FAMILY,라운드티,셋업,1,1,1,100330,0
2024-08-15,FAMILY,라운드티,긴바지,1,1,1,54540,0
2024-08-16,FAMILY,상의,상의,1,1,1,54370,0
2024-08-16,FAMILY,햇,상의,1,1,1,54370,0
2024-08-17,FAMILY,UNKNOWN,라운드티,1,1,1,31350,0
2024-08-17,FAMILY,라운드티,셋업,1,1,1,87300,0
2024-08-17,FAMILY,라운드티,라운드티,1,1,1,48300,0
2024-08-18,FAMILY,긴바지,라운드티,1,1,1,43990,0
2024-08-18,FAMILY,셋업,자켓/ 베스트,1,1,1,196000,0
2024-08-19,FAMILY,긴바지,라운드티,1,1,1,48300,0
2024-08-19,FAMILY,셋업,긴바지,1,1,1,57210,0
2024-08-19,FAMILY,자켓/ 베스트,라운드티,1,1,1,48300,0
2024-08-19,FAMILY,하이킹,하이킹,1,1,1,83000,0
2024-08-20,SILVER,등산화,반바지,1,1,1,48820,0
2024-08-20,SILVER,바람막이,반바지,1,1,1,48820,0
2024-08-21,FAMILY,상의,상의,1,1,1,64040,0
2024-08-22,FAMILY,긴바지,라운드티,1,1,1,37010,0
2024-08-22,FAMILY,라운드티,등산화,1,1,1,169000,0
2024-08-22,FAMILY,라운드티,반바지,1,1,1,55300,0
2024-08-22,FAMILY,셋업,반바지,1,1,1,33000,0
2024-08-22,SILVER,긴바지,긴바지,1,1,1,62200,0
2024-08-22,SILVER,긴바지,라운드티,1,1,1,43350,0
2024-08-22,SILVER,라운드티,긴바지,1,1,1,62200,0
2024-08-22,SILVER,라운드티,라운드티,1,1,1,43350,0
2024-08-23,FAMILY,등산화,등산화,1,1,1,169000,0
2024-08-23,FAMILY,라운드티,등산화,1,1,1,169000,0
2024-08-23,FAMILY,반바지,긴바지,1,1,1,114740,0
2024-08-24,FAMILY,셋업,셋업,1,1,1,134210,0
2024-08-24,FAMILY,셋업,바람막이,1,1,1,117430,0
2024-08-25,FAMILY,라운드티,긴바지,1,1,1,98950,0
2024-08-25,FAMILY,라운드티,라운드티,2,2,2,76420,0
2024-08-27,FAMILY,긴바지,하이킹,1,1,1,128590,0
2024-08-27,FAMILY,긴바지,라운드티,1,1,1,36790,0
2024-08-27,FAMILY,반바지,라운드티,1,1,1,51010,0
2024-08-27,FAMILY,자켓/ 베스트,하이킹,1,1,1,128590,0
2024-08-27,FAMILY,자켓/ 베스트,라운드티,1,1,1,36790,0
2024-08-28,FAMILY,라운드티,라운드티,1,1,2,94400,0
2024-08-29,FAMILY,긴바지,긴바지,1,1,1,58730,0
2024-08-29,FAMILY,라운드티,긴바지,1,1,1,90300,0
2024-08-29,FAMILY,바람막이,긴바지,1,1,1,90300,0
2024-08-29,FAMILY,셋업,가방,1,1,1,75340,0
2024-08-30,FAMILY,가방,라운드티,1,1,1,23880,0
2024-08-30,FAMILY,긴바지,자켓/ 베스트,1,1,1,195030,0
2024-08-30,FAMILY,라운드티,자켓/ 베스트,1,1,1,195030,0
2024-08-30,FAMILY,라운드티,라운드티,1,1,1,23880,0
2024-08-30,FAMILY,반바지,바람막이,1,1,1,86280,0
2024-08-31,FAMILY,긴바지,반바지,1,1,2,87940,0
2024-08-31,FAMILY,긴바지,라운드티,1,1,2,81060,0
2024-08-31,FAMILY,라운드티,라운드티,2,2,3,106810,0
2024-08-31,FAMILY,라운드티,반바지,1,1,2,87940,0
2024-08-31,FAMILY,셋업,자켓/ 베스트,1,1,1,107460,0
2024-09-01,FAMILY,UNKNOWN,등산화,1,1,1,95970,0
2024-09-01,FAMILY,라운드티,라운드티,1,1,1,42670,0
2024-09-01,FAMILY,상의,셋업,1,1,3,213220,0
2024-09-01,FAMILY,상의,라운드티,1,1,3,112620,0
2024-09-01,FAMILY,상의,셔츠,1,1,1,68190,0
2024-09-01,FAMILY,상의,긴바지,1,1,1,59670,0
2024-09-01,FAMILY,셋업,셋업,1,1,3,213220,0
2024-09-01,FAMILY,셋업,라운드티,1,1,3,112620,0
2024-09-01,FAMILY,셋업,셔츠,1,1,1,68190,0
2024-09-01,FAMILY,셋업,긴바지,1,1,1,59670,0
2024-09-02,FAMILY,라운드티,반바지,1,1,1,51020,0
2024-09-03,FAMILY,라운드티,셋업,1,1,1,48770,0
2024-09-03,FAMILY,라운드티,하이킹,1,1,1,48730,0
2024-09-03,FAMILY,반바지,라운드티,1,1,2,57490,0
2024-09-03,FAMILY,반바지,셋업,1,1,1,48770,0
2024-09-03,FAMILY,방수자켓,셋업,1,1,1,57780,0
2024-09-03,FAMILY,상의,하이킹,1,1,1,48730,0
2024-09-03,FAMILY,상의,라운드티,1,1,1,37780,0
2024-09-03,SILVER,가방,자켓/ 베스트,1,1,1,128900,0
2024-09-03,SILVER,라운드티,자켓/ 베스트,1,1,1,128900,0
2024-09-03,SILVER,햇,자켓/ 베스트,1,1,1,128900,0
2024-09-04,FAMILY,긴바지,자켓/ 베스트,1,1,1,88400,0
2024-09-04,FAMILY,라운드티,바람막이,1,1,1,85550,0
2024-09-04,FAMILY,라운드티,라운드티,1,1,1,37510,0
2024-09-04,FAMILY,반바지,반바지,1,1,1,28050,0
2024-09-04,FAMILY,셋업,자켓/ 베스트,1,1,1,78210,0
2024-09-05,FAMILY,라운드티,긴바지,1,1,1,54980,0
2024-09-05,FAMILY,방수자켓,긴바지,1,1,1,66790,0
2024-09-05,FAMILY,셋업,자켓/ 베스트,1,1,1,94740,0
2024-09-05,FAMILY,셋업,긴바지,1,1,1,56230,0
2024-09-06,FAMILY,하이킹,하이킹,1,1,1,80130,0
2024-09-07,FAMILY,UNKNOWN,카고/조거,1,1,1,104700,0
2024-09-07,FAMILY,긴바지,카고/조거,1,1,1,104700,0
2024-09-07,FAMILY,긴바지,긴바지,1,1,1,79000,0
2024-09-07,FAMILY,맨투맨/후드티,긴바지,1,1,1,50730,0
2024-09-08,FAMILY,등산화,긴바지,1,1,1,67220,0
2024-09-08,FAMILY,라운드티,라운드티,1,1,1,34280,0
2024-09-08,FAMILY,반바지,라운드티,1,1,2,82410,0
2024-09-08,FAMILY,자켓/ 베스트,라운드티,1,1,2,82410,0
2024-09-08,FAMILY,자켓/ 베스트,반바지,1,1,1,27410,0
2024-09-08,SILVER,라운드티,긴바지,1,1,1,65530,0
2024-09-09,FAMILY,가방,긴바지,1,1,1,73820,0
2024-09-09,FAMILY,가방,라운드티,1,1,1,39960,0
2024-09-09,FAMILY,라운드티,긴바지,2,2,2,167690,0
2024-09-09,FAMILY,라운드티,라운드티,2,2,2,78720,0
2024-09-10,SILVER,라운드티,방수자켓,1,1,1,80630,0
2024-09-10,SILVER,라운드티,가방,1,1,1,74110,0
2024-09-10,SILVER,라운드티,반바지,1,1,1,35000,0
2024-09-10,SILVER,상의,방수자켓,1,1,1,80630,0
2024-09-10,SILVER,상의,가방,1,1,1,74110,0
2024-09-10,SILVER,상의,반바지,1,1,1,35000,0
2024-09-11,FAMILY,UNKNOWN,긴바지,2,2,2,77910,0
2024-09-11,FAMILY,라운드티,라운드티,1,1,1,17150,0
2024-09-11,FAMILY,자켓/ 베스트,셋업,1,1,1,33510,0
2024-09-11,FAMILY,하이킹,자켓/ 베스트,1,1,1,101320,0
2024-09-11,FAMILY,하이킹,자켓/베스트,1,1,1,52370,0
2024-09-11,FAMILY,하이킹,반바지,1,1,1,39120,0
2024-09-12,FAMILY,UNKNOWN,가방,1,1,1,69490,0
2024-09-12,FAMILY,UNKNOWN,셋업,1,1,1,24150,0
2024-09-12,FAMILY,가방,긴바지,1,1,1,47680,0
2024-09-12,FAMILY,긴바지,긴바지,1,1,1,118200,0
2024-09-12,FAMILY,긴바지,셋업,1,1,1,24150,0
2024-09-12,FAMILY,라운드티,라운드티,3,3,4,146700,0
2024-09-12,FAMILY,라운드티,긴바지,1,1,1,118200,0
2024-09-12,FAMILY,라운드티,셋업,2,2,2,84150,0
2024-09-12,FAMILY,반바지,반바지,1,1,1,19600,0
2024-09-12,FAMILY,셋업,라운드티,1,1,2,97780,0
2024-09-12,FAMILY,셋업,셋업,1,1,1,50670,0
2024-09-12,FAMILY,트레일러닝,긴바지,1,1,1,84300,0
2024-09-12,FAMILY,햇,반바지,1,1,1,29310,0
2024-09-13,FAMILY,긴바지,긴바지,1,1,1,65940,0
2024-09-13,FAMILY,라운드티,긴바지,2,2,2,89850,0
2024-09-13,FAMILY,라운드티,하이킹,1,1,1,85390,0
2024-09-13,FAMILY,라운드티,UNKNOWN,1,1,1,40030,0
2024-09-13,FAMILY,라운드티,라운드티,1,1,1,27420,0
2024-09-13,FAMILY,상의,긴바지,1,1,1,57770,0
2024-09-13,FAMILY,상의,라운드티,1,1,1,28600,0
2024-09-13,FAMILY,셋업,셋업,2,2,2,127050,0
2024-09-14,FAMILY,긴바지,자켓/베스트,1,1,1,82330,0
2024-09-14,FAMILY,라운드티,셋업,1,1,1,49220,0
2024-09-14,FAMILY,반바지,반바지,3,3,3,78230,0
2024-09-14,FAMILY,반바지,액세서리,1,1,1,7220,0
2024-09-14,FAMILY,상의,상의,1,1,1,51000,0
2024-09-14,FAMILY,셋업,라운드티,1,1,1,20650,0
2024-09-14,FAMILY,자켓/ 베스트,긴바지,1,1,1,82000,0
2024-09-14,FAMILY,하이킹,자켓/베스트,1,1,1,82330,0
2024-09-15,FAMILY,UNKNOWN,반바지,1,1,1,40500,0
2024-09-15,FAMILY,UNKNOWN,라운드티,1,1,1,35370,0
2024-09-15,FAMILY,긴바지,라운드티,1,1,1,24150,0
2024-09-15,FAMILY,라운드티,라운드티,2,2,4,113100,0
2024-09-15,FAMILY,라운드티,셋업,1,1,1,75800,0
2024-09-15,FAMILY,트레일러닝,라운드티,1,1,1,19150,0
2024-09-15,SILVER,라운드티,라운드티,1,1,1,55300,0
2024-09-16,FAMILY,UNKNOWN,셋업,1,1,1,53660,0
2024-09-16,FAMILY,긴바지,라운드티,1,1,1,18600,0
2024-09-16,FAMILY,라운드티,라운드티,2,2,2,39250,0
2024-09-16,FAMILY,셋업,맨투맨/후드티,1,1,1,33260,0
2024-09-16,FAMILY,자켓/ 베스트,UNKNOWN,1,1,1,73300,0
2024-09-17,FAMILY,긴바지,장갑,1,1,1,21000,0
2024-09-17,FAMILY,라운드티,반바지,1,1,2,66670,0
2024-09-17,FAMILY,라운드티,라운드티,1,1,1,33330,0
2024-09-17,FAMILY,반바지,반바지,1,1,2,66670,0
2024-09-17,FAMILY,반바지,라운드티,1,1,1,33330,0
2024-09-18,FAMILY,긴바지,셔츠,1,1,2,248080,0
2024-09-18,FAMILY,긴바지,자켓/ 베스트,1,1,1,87180,0
2024-09-18,FAMILY,라운드티,라운드티,2,2,3,74680,0
2024-09-18,FAMILY,맨투맨/후드티,상의,1,1,1,28300,0
2024-09-18,FAMILY,상의,라운드티,1,1,3,115900,0
2024-09-18,FAMILY,셋업,자켓/ 베스트,1,1,1,87180,0
2024-09-18,FAMILY,셋업,셋업,1,1,1,30650,0
2024-09-18,FAMILY,자켓/ 베스트,상의,1,1,1,28300,0
2024-09-19,FAMILY,긴바지,셋업,1,1,1,40290,0
2024-09-19,FAMILY,라운드티,긴바지,1,1,1,34260,0
2024-09-19,FAMILY,자켓/ 베스트,가방,1,1,1,53000,0
2024-09-20,FAMILY,트레일러닝,액세서리,1,1,1,5500,0
2024-09-21,FAMILY,긴바지,셋업,2,2,2,124140,0
2024-09-21,FAMILY,긴바지,긴바지,1,1,1,41440,0
2024-09-21,FAMILY,긴바지,라운드티,1,1,1,39970,0
2024-09-21,FAMILY,라운드티,라운드티,1,1,2,73360,0
2024-09-21,FAMILY,라운드티,상의,1,1,1,41410,0
2024-09-21,FAMILY,반바지,라운드티,1,1,2,73360,0
2024-09-21,FAMILY,셋업,라운드티,1,1,2,73360,0
2024-09-21,SILVER,긴바지,셔츠,1,1,1,110070,0
2024-09-21,SILVER,라운드티,셔츠,1,1,1,110070,0
2024-09-22,FAMILY,가방,가방,1,1,1,61320,0
2024-09-22,FAMILY,긴바지,자켓/ 베스트,1,1,1,80920,0
2024-09-22,FAMILY,긴바지,라운드티,3,3,3,76980,0
2024-09-22,FAMILY,긴바지,긴바지,1,1,1,48920,0
2024-09-22,FAMILY,라운드티,라운드티,8,8,8,241930,0
2024-09-22,FAMILY,라운드티,바람막이,1,1,1,91949,0
2024-09-22,FAMILY,라운드티,폴로티/집업,1,1,1,89650,0
2024-09-22,FAMILY,라운드티,자켓/ 베스트,1,1,1,80920,0
2024-09-22,FAMILY,라운드티,자켓/베스트,1,1,1,73350,0
2024-09-22,FAMILY,라운드티,긴바지,1,1,1,48920,0
2024-09-22,FAMILY,라운드티,셋업,1,1,1,40440,0
2024-09-22,FAMILY,라운드티,맨투맨/후드티,1,1,1,35640,0
2024-09-22,FAMILY,바람막이,크로스/토트백,1,1,1,40330,0
2024-09-22,FAMILY,반바지,자켓/베스트,1,1,1,34080,0
2024-09-22,FAMILY,상의,라운드티,1,1,1,45300,0
2024-09-22,FAMILY,상의,맨투맨/후드티,1,1,1,35570,0
2024-09-22,FAMILY,셋업,긴바지,1,1,1,47930,0
2024-09-22,FAMILY,액세서리,상의,1,1,1,40410,0
2024-09-22,FAMILY,트레일러닝,라운드티,1,1,1,27300,0
2024-09-22,FAMILY,하이킹,방수자켓,1,1,1,70300,0
2024-09-26,FAMILY,라운드티,라운드티,1,1,1,44830,0
2024-09-26,FAMILY,자켓/ 베스트,자켓/ 베스트,1,1,4,212000,0
2024-09-27,FAMILY,긴바지,자켓/ 베스트,1,1,1,64670,0
2024-09-27,FAMILY,라운드티,자켓/ 베스트,1,1,1,64670,0
2024-09-27,FAMILY,반바지,자켓/ 베스트,1,1,1,64670,0
2024-09-27,FAMILY,셋업,등산화,1,1,1,188170,0
2024-09-27,FAMILY,자켓/ 베스트,셋업,1,1,2,132020,0
2024-09-27,FAMILY,자켓/ 베스트,폴로티/집업,1,1,1,94710,0
2024-09-27,FAMILY,자켓/베스트,자켓/베스트,1,1,1,152100,0
2024-09-28,FAMILY,UNKNOWN,폴로티/집업,1,1,1,83000,0
2024-09-28,FAMILY,인터체인지 (3 in 1),하이킹,1,1,1,137000,0
2024-09-30,FAMILY,긴바지,셋업,1,1,1,77000,0
2024-09-30,FAMILY,반바지,긴바지,1,1,1,79000,0
2024-10-01,FAMILY,반바지,셋업,1,1,1,56550,0
2024-10-04,FAMILY,긴바지,셋업,1,1,1,96460,0
2024-10-04,SILVER,폴로티/집업,바람막이,1,1,1,104349,0
2024-10-05,SILVER,자켓/ 베스트,셋업,1,1,1,185960,0
2024-10-05,SILVER,자켓/ 베스트,맨투맨/후드티,1,1,1,97420,0
2024-10-05,SILVER,자켓/ 베스트,폴로티/집업,1,1,1,97420,0
2024-10-05,SILVER,자켓/베스트,셋업,1,1,1,185960,0
2024-10-05,SILVER,자켓/베스트,맨투맨/후드티,1,1,1,97420,0
2024-10-05,SILVER,자켓/베스트,폴로티/집업,1,1,1,97420,0
2024-10-06,FAMILY,라운드티,자켓/ 베스트,1,1,1,107000,0
2024-10-06,FAMILY,라운드티,긴바지,1,1,1,79000,0
2024-10-06,FAMILY,라운드티,라운드티,1,1,1,48300,0
2024-10-06,FAMILY,자켓/ 베스트,자켓/ 베스트,1,1,1,107000,0
2024-10-06,FAMILY,자켓/ 베스트,라운드티,1,1,1,48300,0
2024-10-07,FAMILY,라운드티,자켓/베스트,1,1,1,169000,0
2024-10-07,FAMILY,하이킹,자켓/ 베스트,1,1,1,125300,0
2024-10-07,FAMILY,하이킹,라운드티,1,1,2,96600,0
2024-10-07,FAMILY,하이킹,셋업,1,1,1,69000,0
2024-10-08,FAMILY,긴바지,긴바지,1,1,1,63480,0
2024-10-08,FAMILY,라운드티,크로스/토트백,1,1,1,59000,0
2024-10-08,FAMILY,하이킹,자켓/베스트,1,1,1,55300,0
2024-10-08,FAMILY,하이킹,라운드티,1,1,1,55300,0
2024-10-09,FAMILY,긴바지,긴바지,1,1,1,58550,0
2024-10-09,FAMILY,긴바지,폴로/집업티,1,1,1,48630,0
2024-10-09,FAMILY,라운드티,긴바지,1,1,1,58550,0
2024-10-09,FAMILY,라운드티,폴로/집업티,1,1,1,48630,0
2024-10-10,FAMILY,긴바지,라운드티,1,1,1,54280,0
2024-10-10,FAMILY,등산화,셋업,1,1,1,74190,0
2024-10-10,FAMILY,라운드티,자켓/ 베스트,2,2,2,297860,0
2024-10-10,FAMILY,라운드티,라운드티,2,2,2,103440,0
2024-10-10,FAMILY,바람막이,라운드티,1,1,1,54280,0
2024-10-10,FAMILY,반바지,자켓/ 베스트,1,1,1,176020,0
2024-10-10,FAMILY,셋업,자켓/ 베스트,1,1,1,176020,0
2024-10-11,FAMILY,긴바지,하이킹,1,1,1,137000,0
2024-10-12,FAMILY,UNKNOWN,자켓/ 베스트,1,1,1,121610,0
2024-10-12,FAMILY,UNKNOWN,셋업,1,1,1,94440,0
2024-10-12,FAMILY,긴바지,바람막이,1,1,1,101399,0
2024-10-12,FAMILY,자켓/ 베스트,라운드티,1,1,1,49770,0
2024-10-12,FAMILY,장갑,자켓/ 베스트,1,1,1,121610,0
2024-10-12,FAMILY,장갑,셋업,1,1,1,94440,0
2024-10-12,GOLD,라운드티,라운드티,1,1,1,47430,0
2024-10-13,FAMILY,긴바지,긴바지,2,2,3,291150,0
2024-10-13,FAMILY,긴바지,셋업,1,1,2,171540,0
2024-10-13,FAMILY,긴바지,자켓/ 베스트,1,1,1,52160,0
2024-10-15,FAMILY,라운드티,UNKNOWN,1,1,1,100000,0
2024-10-15,FAMILY,라운드티,라운드티,1,1,1,48300,0
2024-10-15,FAMILY,자켓/ 베스트,UNKNOWN,1,1,1,100000,0
2024-10-15,SILVER,라운드티,자켓/베스트,1,1,1,104810,0
2024-10-15,SILVER,반바지,자켓/베스트,1,1,1,104810,0
2024-10-16,FAMILY,긴바지,셋업,1,1,1,63050,0
2024-10-16,FAMILY,라운드티,셋업,1,1,1,64250,0
2024-10-16,FAMILY,셋업,자켓/베스트,1,1,1,42380,0
2024-10-16,FAMILY,셔츠,라운드티,1,1,1,32520,0
2024-10-16,FAMILY,자켓/ 베스트,긴바지,1,1,1,93870,0
2024-10-16,FAMILY,자켓/ 베스트,라운드티,1,1,1,40770,0
2024-10-17,FAMILY,긴바지,라운드티,1,1,1,43980,0
2024-10-18,FAMILY,바람막이,라운드티,1,1,1,35570,0
2024-10-18,FAMILY,셋업,라운드티,1,1,1,48300,0
2024-10-20,FAMILY,상의,폴로티/집업,1,1,1,87740,0
2024-10-20,FAMILY,상의,자켓/ 베스트,1,1,1,56200,0
2024-10-20,SILVER,자켓/ 베스트,자켓/ 베스트,1,1,1,45700,0
2024-10-22,FAMILY,라운드티,패딩/슬림다운,1,1,1,116270,0
2024-10-22,FAMILY,라운드티,자켓/ 베스트,1,1,1,104090,0
2024-10-22,FAMILY,라운드티,셋업,1,1,1,74910,0
2024-10-22,FAMILY,셋업,라운드티,1,1,1,46980,0
2024-10-23,FAMILY,반바지,바람막이,1,1,1,136300,0
2024-10-23,FAMILY,패딩/슬림다운,패딩/슬림다운,1,1,1,142980,0
2024-10-24,FAMILY,라운드티,자켓/베스트,1,1,1,109000,0
2024-10-24,FAMILY,라운드티,라운드티,1,1,1,48300,0
2024-10-24,FAMILY,셋업,가방,1,1,1,70010,0
2024-10-26,SILVER,하이킹,가방,1,1,1,73000,0
2024-10-28,FAMILY,UNKNOWN,셋업,1,1,2,101030,0
2024-10-28,FAMILY,UNKNOWN,액세서리,1,1,1,18920,0
2024-10-29,FAMILY,긴바지,UNKNOWN,1,1,1,179000,0
2024-10-29,FAMILY,라운드티,자켓/ 베스트,1,1,1,44030,0
2024-10-29,FAMILY,폴로티/집업,UNKNOWN,1,1,1,179000,0
2024-10-30,SILVER,바람막이,자켓/ 베스트,1,1,1,149500,0
2024-10-30,SILVER,셋업,자켓/ 베스트,1,1,1,149500,0
2024-10-31,FAMILY,등산화,등산화,1,1,1,149010,0
2024-10-31,FAMILY,라운드티,자켓/베스트,2,2,3,253300,0
2024-10-31,FAMILY,라운드티,셔츠,1,1,2,139000,0
2024-10-31,FAMILY,라운드티,패딩/슬림다운,1,1,1,69500,0
2024-10-31,FAMILY,셋업,패딩/슬림다운,2,2,2,208800,0
2024-10-31,FAMILY,셋업,자켓/베스트,1,1,2,184000,0
2024-10-31,FAMILY,셋업,셔츠,1,1,2,139000,0
2024-10-31,FAMILY,셋업,셋업,1,1,1,97300,0
2024-11-02,FAMILY,등산화,등산화,1,1,1,129950,0
2024-11-02,FAMILY,등산화,하이킹,1,1,1,123300,0
2024-11-02,FAMILY,하이킹,등산화,1,1,1,129950,0
2024-11-03,FAMILY,등산화,바람막이,1,1,1,121750,0
2024-11-03,FAMILY,라운드티,하이킹,1,1,1,81250,0
2024-11-04,FAMILY,라운드티,자켓/베스트,1,1,1,49320,0
2024-11-04,FAMILY,반바지,라운드티,1,1,1,38000,0
2024-11-05,FAMILY,라운드티,라운드티,1,1,1,40000,0
2024-11-05,FAMILY,반바지,라운드티,1,1,1,40000,0
2024-11-05,FAMILY,셋업,가방,1,1,1,83000,0
2024-11-05,GOLD,긴바지,등산화,1,1,1,110680,0
2024-11-05,GOLD,라운드티,등산화,1,1,1,110680,0
2024-11-05,GOLD,자켓/ 베스트,등산화,1,1,1,110680,0
2024-11-07,FAMILY,UNKNOWN,바람막이,1,1,1,104279,0
2024-11-07,FAMILY,라운드티,바람막이,1,1,1,104279,0
2024-11-08,FAMILY,긴바지,라운드티,1,1,1,41570,0
2024-11-08,FAMILY,자켓/ 베스트,자켓/ 베스트,1,1,1,93620,0
2024-11-08,FAMILY,자켓/ 베스트,셋업,1,1,1,67370,0
2024-11-12,FAMILY,인터체인지 (3 in 1),폴로티/집업,1,1,1,62660,0
2024-11-14,FAMILY,라운드티,등산화,1,1,1,108340,0
2024-11-14,FAMILY,라운드티,라운드티,1,1,1,40210,0
2024-11-14,FAMILY,반바지,등산화,1,1,1,108340,0
2024-11-14,FAMILY,반바지,라운드티,1,1,1,40210,0
2024-11-14,FAMILY,셋업,등산화,1,1,1,108340,0
2024-11-14,FAMILY,셋업,라운드티,1,1,1,40210,0
2024-11-15,FAMILY,긴바지,맨투맨/후드티,1,1,1,77540,0
2024-11-15,FAMILY,라운드티,가방,1,1,1,78000,0
2024-11-15,FAMILY,셋업,맨투맨/후드티,1,1,1,77540,0
2024-11-15,FAMILY,하이킹,하이킹,1,1,1,132000,0
2024-11-15,SILVER,라운드티,라운드티,1,1,1,40500,0
2024-11-15,SILVER,셋업,라운드티,1,1,1,40500,0
2024-11-18,FAMILY,셋업,볼캡,1,1,2,86890,0
2024-11-18,SILVER,긴바지,볼캡,1,1,1,42000,0
2024-11-20,FAMILY,라운드티,자켓/ 베스트,1,1,1,48780,0
2024-11-20,FAMILY,반바지,자켓/ 베스트,1,1,1,48780,0
2024-11-20,SILVER,등산화,자켓/ 베스트,1,1,1,49860,0
2024-11-21,FAMILY,긴바지,셋업,1,1,1,115100,0
2024-11-21,FAMILY,긴바지,볼캡,1,1,1,43450,0
2024-11-21,FAMILY,라운드티,라운드티,1,1,1,28880,0
2024-11-21,FAMILY,바람막이,셋업,1,1,1,115100,0
2024-11-21,FAMILY,바람막이,볼캡,1,1,1,43450,0
2024-11-22,FAMILY,미드/롱다운,볼캡,1,1,1,41740,0
2024-11-22,SILVER,셋업,긴바지,1,1,1,90300,0
2024-11-24,FAMILY,라운드티,자켓/ 베스트,1,1,1,112270,0
2024-11-24,FAMILY,라운드티,셋업,1,1,1,104930,0
2024-11-24,FAMILY,맨투맨/후드티,맨투맨/후드티,1,1,1,79200,0
2024-11-24,FAMILY,반바지,볼캡,1,1,1,42500,0
2024-11-24,FAMILY,셋업,셋업,1,1,1,104930,0
2024-11-25,FAMILY,가방,가방,1,1,1,83000,0
2024-11-26,FAMILY,가방,자켓/베스트,1,1,1,201100,0
2024-11-26,FAMILY,가방,라운드티,1,1,1,38660,0
2024-11-26,FAMILY,긴바지,UNKNOWN,1,1,1,111300,0
2024-11-26,FAMILY,미드/롱다운,UNKNOWN,1,1,1,111300,0
2024-11-27,FAMILY,긴바지,하이킹,1,1,1,131410,0
2024-11-27,FAMILY,라운드티,맨투맨/후드티,1,1,2,158400,0
2024-11-27,FAMILY,반바지,맨투맨/후드티,1,1,2,158400,0
2024-11-27,FAMILY,셋업,셋업,1,1,1,98340,0
2024-11-28,FAMILY,라운드티,라운드티,1,1,1,45300,0
2024-11-28,FAMILY,셋업,셋업,1,1,1,109900,0
2024-11-28,FAMILY,셋업,라운드티,1,1,1,45300,0
2024-11-29,FAMILY,하이킹,등산화,1,1,1,114930,0
2024-11-30,FAMILY,하이킹,셋업,1,1,1,62100,0
2024-11-30,FAMILY,하이킹,볼캡,1,1,1,44750,0
2024-12-01,FAMILY,긴바지,자켓/ 베스트,1,1,1,152860,0
2024-12-01,FAMILY,라운드티,라운드티,1,1,1,34990,0
2024-12-01,FAMILY,반바지,하이킹,1,1,1,130000,0
2024-12-01,FAMILY,볼캡,볼캡,1,1,1,45000,0
2024-12-01,FAMILY,볼캡,라운드티,1,1,1,41300,0
2024-12-01,FAMILY,셋업,셋업,1,1,1,81750,0
2024-12-01,FAMILY,트레일러닝,트레일러닝,1,1,1,75650,0
2024-12-01,FAMILY,하이킹,하이킹,1,1,1,103450,0
2024-12-02,FAMILY,긴바지,하이킹,1,1,1,137000,0
2024-12-02,FAMILY,긴바지,맨투맨/후드티,1,1,1,69300,0
2024-12-02,FAMILY,라운드티,하이킹,1,1,1,137000,0
2024-12-02,FAMILY,라운드티,맨투맨/후드티,1,1,1,69300,0
2024-12-02,FAMILY,반바지,하이킹,1,1,1,137000,0
2024-12-02,FAMILY,반바지,맨투맨/후드티,1,1,1,69300,0
2024-12-02,FAMILY,셋업,하이킹,1,1,1,120430,0
2024-12-02,FAMILY,셋업,셋업,1,1,2,112300,0
2024-12-03,FAMILY,바람막이,부츠,1,1,1,97300,0
2024-12-03,FAMILY,폴로티/집업,라운드티,1,1,1,38490,0
2024-12-05,FAMILY,라운드티,라운드티,1,1,1,24520,0
2024-12-06,FAMILY,셋업,셋업,1,1,1,46580,0
2024-12-08,FAMILY,라운드티,패딩/슬림다운,1,1,1,157180,0
2024-12-08,FAMILY,스니커즈,UNKNOWN,1,1,1,448250,0
2024-12-08,FAMILY,자켓/ 베스트,자켓/ 베스트,1,1,4,212000,0
2024-12-08,SILVER,라운드티,맨투맨/후드티,1,1,1,55670,0
2024-12-09,FAMILY,라운드티,액세서리,1,1,1,11000,0
2024-12-10,FAMILY,자켓/ 베스트,폴로티/집업,1,1,1,66810,0
2024-12-10,SILVER,긴바지,폴로티/집업,1,1,1,60530,0
2024-12-10,SILVER,셋업,폴로티/집업,1,1,1,60530,0
2024-12-11,FAMILY,긴바지,등산화,1,1,1,131000,0
2024-12-11,FAMILY,긴바지,맨투맨/후드티,1,1,1,65450,0
2024-12-11,FAMILY,미드/롱다운,미드/롱다운,1,1,1,447200,0
2024-12-11,SILVER,캐주얼,긴바지,1,1,1,151000,0
2024-12-14,FAMILY,셋업,부츠,1,1,1,111300,0
2024-12-14,FAMILY,셋업,자켓/베스트,1,1,1,62300,0
2024-12-16,FAMILY,셋업,셋업,2,2,2,229600,0
2024-12-18,FAMILY,긴바지,셋업,1,1,1,116160,0
2024-12-18,FAMILY,미드/롱다운,부츠,1,1,1,72700,0
2024-12-18,FAMILY,하이킹,하이킹,1,1,1,137000,0
2024-12-19,FAMILY,패딩/슬림다운,패딩/슬림다운,1,1,1,167300,0
2024-12-21,FAMILY,등산화,등산화,1,1,1,125870,0
2024-12-22,FAMILY,자켓/ 베스트,자켓/ 베스트,1,1,1,27790,0
2024-12-26,FAMILY,라운드티,폴로티/집업,1,1,1,49810,0
2024-12-26,FAMILY,볼캡,장갑,1,1,1,43960,0
2024-12-26,FAMILY,볼캡,액세서리,1,1,1,9870,0
2024-12-26,FAMILY,캐주얼,액세서리,1,1,2,22000,0
2024-12-27,FAMILY,라운드티,폴로티/집업,1,1,1,58740,0
2024-12-28,FAMILY,맨투맨/후드티,맨투맨/후드티,1,1,1,55590,0
2024-12-29,FAMILY,라운드티,폴로티/집업,1,1,1,58770,0
2024-12-29,FAMILY,하이킹,하이킹,1,1,1,137000,0
2024-12-30,FAMILY,긴바지,셋업,1,1,1,53200,0
2024-12-30,FAMILY,미드/롱다운,액세서리,1,1,1,8750,0
2024-12-30,FAMILY,폴로티/집업,셋업,1,1,1,45190,0
2024-12-30,SILVER,등산화,등산화,1,1,3,387130,0
2024-12-30,SILVER,하이킹,등산화,1,1,3,387130,0
2024-12-31,FAMILY,바람막이,셋업,1,1,1,122630,0
2024-12-31,FAMILY,반바지,액세서리,1,1,1,5500,0
2025-01-01,FAMILY,폴로티/집업,셋업,1,1,1,52840,0
2025-01-02,FAMILY,카고/조거,UNKNOWN,1,1,1,121200,0
2025-01-06,FAMILY,UNKNOWN,폴로티/집업,1,1,1,55480,0
2025-01-06,FAMILY,맨투맨/후드티,하이킹,1,1,1,137000,0
2025-01-07,FAMILY,미드/롱다운,미드/롱다운,1,1,1,447200,0
2025-01-07,FAMILY,자켓/ 베스트,폴로티/집업,1,1,1,69300,0
2025-01-08,FAMILY,긴바지,셋업,1,1,1,99390,0
2025-01-09,FAMILY,가방,가방,1,1,1,83000,0
2025-01-09,FAMILY,스니커즈,UNKNOWN,1,1,1,33200,0
2025-01-13,FAMILY,긴바지,긴바지,1,1,1,106350,0
2025-01-13,FAMILY,라운드티,하이킹,1,1,1,75020,0
2025-01-13,FAMILY,미드/롱다운,셋업,1,1,1,103300,0
2025-01-13,FAMILY,미드/롱다운,액세서리,1,1,1,13650,0
2025-01-13,FAMILY,부츠,긴바지,1,1,1,147500,0
2025-01-13,FAMILY,부츠,액세서리,1,1,2,11000,0
2025-01-13,FAMILY,상의,자켓/ 베스트,1,1,1,21770,0
2025-01-13,FAMILY,자켓/베스트,하이킹,1,1,1,111040,0
2025-01-13,FAMILY,하이킹,하이킹,2,2,2,183390,0
2025-01-14,FAMILY,부츠,라운드티,1,1,1,38520,0
2025-01-16,FAMILY,하이킹,등산화,1,1,1,185880,0
2025-01-17,FAMILY,맨투맨/후드티,셋업,1,1,1,100000,0
2025-01-17,FAMILY,미드/롱다운,등산화,1,1,1,73150,0
2025-01-18,FAMILY,하이킹,셋업,1,1,1,35200,0
2025-01-19,FAMILY,액세서리,액세서리,1,1,1,6490,0
2025-01-19,FAMILY,폴로티/집업,액세서리,1,1,1,6490,0
2025-01-21,FAMILY,볼캡,긴바지,1,1,1,118100,0
2025-01-22,FAMILY,볼캡,셋업,1,1,1,120200,0
2025-01-22,SILVER,셋업,맨투맨/후드티,1,1,1,55350,0
2025-01-23,SILVER,셋업,자켓/베스트,1,1,1,260310,0
2025-01-24,FAMILY,긴바지,맨투맨/후드티,1,1,1,58600,0
2025-01-24,FAMILY,셋업,가방,1,1,1,61190,0
2025-01-24,SILVER,스니커즈,등산화,1,1,1,88350,0
2025-01-26,FAMILY,가방,가방,2,2,2,115450,0
2025-01-26,FAMILY,라운드티,패딩/슬림다운,1,1,1,107170,0
2025-01-26,FAMILY,라운드티,부츠,1,1,1,65500,0
2025-01-26,FAMILY,라운드티,자켓/ 베스트,1,1,1,32380,0
2025-01-26,FAMILY,라운드티,라운드티,1,1,1,15650,0
2025-01-26,FAMILY,반바지,부츠,1,1,1,65500,0
2025-01-26,FAMILY,볼캡,하이킹,1,1,1,63000,0
2025-01-26,FAMILY,셋업,셋업,1,1,1,76860,0
2025-01-26,FAMILY,셋업,자켓/ 베스트,1,1,1,21200,0
2025-01-26,FAMILY,액세서리,부츠,1,1,1,65500,0
2025-01-26,FAMILY,햇,크로스/토트백,1,1,1,35900,0
2025-01-27,FAMILY,긴바지,UNKNOWN,1,1,1,89230,0
2025-01-27,FAMILY,긴바지,셋업,1,1,1,88910,0
2025-01-27,FAMILY,긴바지,액세서리,1,1,1,10230,0
2025-01-27,FAMILY,라운드티,셋업,1,1,1,42020,0
2025-01-27,FAMILY,라운드티,라운드티,1,1,1,19170,0
2025-01-27,FAMILY,맨투맨/후드티,자켓/ 베스트,1,1,1,26080,0
2025-01-27,FAMILY,볼캡,UNKNOWN,1,1,1,91010,0
2025-01-27,FAMILY,인터체인지 (3 in 1),장갑,1,1,1,68380,0
2025-01-27,SILVER,하이킹,셋업,1,1,1,112300,0
2025-01-28,FAMILY,라운드티,크로스/토트백,1,1,1,32090,0
2025-01-28,FAMILY,라운드티,라운드티,1,1,1,29400,0
2025-01-28,FAMILY,셋업,가방,1,1,1,49230,0
2025-01-29,FAMILY,볼캡,가방,1,1,1,33200,0
2025-01-29,FAMILY,자켓/베스트,라운드티,1,1,1,18670,0
2025-01-29,FAMILY,장갑,UNKNOWN,1,1,1,86970,0
2025-01-30,FAMILY,UNKNOWN,자켓/ 베스트,1,1,1,42210,0
2025-01-30,FAMILY,긴바지,하이킹,1,1,1,53230,0
2025-01-30,FAMILY,라운드티,라운드티,1,1,1,20800,0
2025-01-30,FAMILY,미드/롱다운,가방,1,1,1,52110,0
2025-01-30,FAMILY,셋업,자켓/베스트,1,1,2,63280,0
2025-01-30,FAMILY,액세서리,라운드티,1,1,1,18090,0
2025-01-31,FAMILY,UNKNOWN,셋업,2,2,2,84920,0
2025-01-31,FAMILY,UNKNOWN,UNKNOWN,1,1,1,84590,0
2025-01-31,FAMILY,UNKNOWN,자켓/ 베스트,1,1,1,67090,0
2025-01-31,FAMILY,UNKNOWN,하이킹,1,1,1,60100,0
2025-01-31,FAMILY,가방,자켓/ 베스트,1,1,1,27700,0
2025-01-31,FAMILY,가방,라운드티,1,1,1,20650,0
2025-01-31,FAMILY,긴바지,셋업,1,1,1,28210,0
2025-01-31,FAMILY,라운드티,하이킹,1,1,1,109710,0
2025-01-31,FAMILY,라운드티,라운드티,2,2,3,73170,0
2025-01-31,FAMILY,라운드티,부츠,1,1,1,72700,0
2025-01-31,FAMILY,라운드티,자켓/ 베스트,2,2,2,56600,0
2025-01-31,FAMILY,라운드티,캐주얼,1,1,1,47540,0
2025-01-31,FAMILY,라운드티,셋업,1,1,1,37090,0
2025-01-31,FAMILY,라운드티,장갑,1,1,1,21000,0
2025-01-31,FAMILY,라운드티,UNKNOWN,1,1,1,19440,0
2025-01-31,FAMILY,맨투맨/후드티,셋업,1,1,1,83720,0
2025-01-31,FAMILY,반바지,하이킹,1,1,1,109710,0
2025-01-31,FAMILY,방수자켓,하이킹,1,1,1,109710,0
2025-01-31,FAMILY,볼캡,UNKNOWN,1,1,1,105300,0
2025-01-31,FAMILY,볼캡,가방,1,1,1,50930,0
2025-01-31,FAMILY,셋업,셔츠,1,1,1,101440,0
2025-01-31,FAMILY,셋업,부츠,1,1,1,72700,0
2025-01-31,FAMILY,셋업,셋업,1,1,1,37090,0
2025-01-31,FAMILY,셋업,자켓/ 베스트,1,1,1,24230,0
2025-01-31,FAMILY,액세서리,하이킹,1,1,1,110440,0
2025-01-31,FAMILY,액세서리,캐주얼,1,1,1,47540,0
2025-01-31,FAMILY,액세서리,액세서리,1,1,1,16480,0
2025-01-31,FAMILY,자켓/ 베스트,폴로/집업티,2,2,2,76370,0
2025-01-31,FAMILY,자켓/ 베스트,셋업,2,2,2,74530,0
2025-01-31,FAMILY,자켓/ 베스트,부츠,1,1,1,72700,0
2025-01-31,FAMILY,자켓/ 베스트,자켓/ 베스트,1,1,1,30190,0
2025-01-31,FAMILY,패딩/슬림다운,자켓/베스트,1,1,1,28070,0
2025-01-31,FAMILY,하이킹,하이킹,1,1,1,100380,0
2025-01-31,FAMILY,하이킹,가방,1,1,1,63000,0
2025-01-31,SILVER,UNKNOWN,자켓/ 베스트,1,1,1,107000,0
2025-01-31,SILVER,액세서리,긴바지,1,1,1,112770,0
2025-01-31,SILVER,자켓/ 베스트,패딩/슬림다운,1,1,1,159000,0
2025-01-31,SILVER,자켓/베스트,패딩/슬림다운,1,1,1,159000,0
2025-02-01,FAMILY,긴바지,하이킹,1,1,1,130920,0
2025-02-04,FAMILY,액세서리,폴로티/집업,1,1,1,69300,0
2025-02-05,FAMILY,볼캡,액세서리,1,1,2,19630,0
2025-02-05,FAMILY,하이킹,등산화,1,1,1,143300,0
2025-02-05,SILVER,UNKNOWN,미드/롱다운,1,1,1,447200,0
2025-02-06,FAMILY,인터체인지 (3 in 1),등산화,1,1,1,100170,0
2025-02-06,FAMILY,자켓/ 베스트,하이킹,1,1,1,123300,0
2025-02-06,FAMILY,장갑,가방,1,1,1,61970,0
2025-02-07,FAMILY,라운드티,등산화,1,1,1,135140,0
2025-02-07,FAMILY,볼캡,볼캡,1,1,1,30080,0
2025-02-07,FAMILY,자켓/베스트,하이킹,1,1,1,55000,0
2025-02-07,FAMILY,폴로티/집업,UNKNOWN,1,1,1,29460,0
2025-02-08,FAMILY,셋업,셋업,1,1,1,53200,0
2025-02-09,FAMILY,하이킹,하이킹,1,1,2,110000,0
2025-02-10,FAMILY,하이킹,하이킹,1,1,1,48000,0
2025-02-10,SILVER,셋업,하이킹,1,1,1,49410,0
2025-02-10,SILVER,자켓/ 베스트,하이킹,1,1,1,49410,0
2025-02-10,SILVER,캐주얼,자켓/ 베스트,1,1,1,112770,0
2025-02-10,TITANIUM,셋업,셋업,1,1,1,132300,0
2025-02-10,TITANIUM,하이킹,셋업,1,1,1,132300,0
2025-02-11,FAMILY,셋업,셋업,1,1,1,55200,0
2025-02-11,FAMILY,셋업,하이킹,1,1,1,55000,0
2025-02-11,FAMILY,하이킹,하이킹,1,1,1,50000,0
2025-02-12,FAMILY,가방,볼캡,1,1,1,24100,0
2025-02-12,FAMILY,긴바지,등산화,1,1,1,114940,0
2025-02-12,FAMILY,반바지,UNKNOWN,1,1,1,94000,0
2025-02-12,FAMILY,상의,UNKNOWN,1,1,1,94000,0
2025-02-13,FAMILY,긴바지,가방,1,1,1,72000,0
2025-02-13,FAMILY,미드/롱다운,가방,1,1,1,73000,0
2025-02-13,FAMILY,볼캡,가방,1,1,1,74700,0
2025-02-13,FAMILY,자켓/ 베스트,하이킹,1,1,1,47420,0
2025-02-13,FAMILY,하이킹,하이킹,1,1,1,54470,0
2025-02-15,FAMILY,라운드티,가방,1,1,1,64420,0
2025-02-15,FAMILY,라운드티,자켓/베스트,1,1,1,44870,0
2025-02-15,FAMILY,바람막이,가방,1,1,1,64420,0
2025-02-15,FAMILY,바람막이,자켓/베스트,1,1,1,44870,0
2025-02-15,FAMILY,셋업,셋업,1,1,1,104300,0
2025-02-16,FAMILY,하이킹,하이킹,1,1,1,55000,0
2025-02-17,FAMILY,등산화,하이킹,1,1,1,43910,0
2025-02-17,FAMILY,맨투맨/후드티,셋업,1,1,1,52700,0
2025-02-17,FAMILY,액세서리,셋업,1,1,1,77000,0
2025-02-19,FAMILY,라운드티,하이킹,1,1,1,49000,0
2025-02-19,SILVER,셋업,하이킹,1,1,1,49040,0
2025-02-20,FAMILY,미드/롱다운,하이킹,1,1,1,23430,0
2025-02-20,FAMILY,하이킹,하이킹,1,1,1,55000,0
2025-02-20,SILVER,긴바지,액세서리,1,1,1,11000,0
2025-02-21,FAMILY,긴바지,셋업,1,1,1,36250,0
2025-02-21,FAMILY,셋업,패딩/슬림다운,1,1,1,156430,0
2025-02-21,FAMILY,셋업,셋업,1,1,1,36250,0
2025-02-21,FAMILY,셋업,액세서리,1,1,1,11000,0
2025-02-23,FAMILY,라운드티,긴바지,1,1,1,69990,0
2025-02-23,FAMILY,반바지,긴바지,1,1,1,69990,0
2025-02-23,FAMILY,하이킹,라운드티,1,1,1,37170,0
2025-02-23,SILVER,미드/롱다운,미드/롱다운,1,1,1,411400,0
2025-02-25,FAMILY,긴바지,긴바지,2,2,2,247480,0
2025-03-01,FAMILY,하이킹,패딩/슬림다운,1,1,1,167300,0
2025-03-04,FAMILY,하이킹,하이킹,1,1,1,53000,0
2025-03-05,FAMILY,라운드티,바람막이,1,1,1,100540,0
2025-03-05,FAMILY,라운드티,액세서리,1,1,1,10950,0
2025-03-06,FAMILY,가방,바람막이,1,1,1,88550,0
2025-03-06,FAMILY,라운드티,바람막이,1,1,1,88550,0
2025-03-09,FAMILY,라운드티,액세서리,1,1,3,28880,0
2025-03-11,FAMILY,긴바지,긴바지,1,1,1,36180,0
2025-03-13,FAMILY,바람막이,방수자켓,1,1,1,69300,0
2025-03-13,FAMILY,셋업,자켓/베스트,1,1,1,47000,0
2025-03-13,FAMILY,액세서리,방수자켓,1,1,1,69300,0
2025-03-13,SILVER,등산화,하이킹,1,1,1,55000,0
2025-03-15,FAMILY,UNKNOWN,등산화,1,1,1,95000,0
2025-03-16,FAMILY,라운드티,라운드티,1,1,1,34120,0
2025-03-17,FAMILY,UNKNOWN,등산화,1,1,1,136210,0
2025-03-17,FAMILY,가방,하이킹,1,1,1,46200,0
2025-03-17,FAMILY,바람막이,하이킹,1,1,1,55000,0
2025-03-19,FAMILY,긴바지,자켓/ 베스트,1,1,1,46980,0
2025-03-19,FAMILY,자켓/ 베스트,자켓/ 베스트,1,1,1,46980,0
2025-03-20,FAMILY,액세서리,셔츠,1,1,1,125100,0
2025-03-20,FAMILY,액세서리,상의,1,1,1,59000,0
2025-03-21,FAMILY,인터체인지 (3 in 1),자켓/ 베스트,1,1,1,26500,0
2025-03-22,FAMILY,액세서리,바람막이,1,1,1,57030,0
2025-03-23,FAMILY,긴바지,긴바지,1,1,1,46830,0
2025-03-23,FAMILY,바람막이,긴바지,1,1,1,46830,0
2025-03-24,FAMILY,자켓/ 베스트,바람막이,1,1,1,58530,0
2025-03-24,FAMILY,자켓/ 베스트,셋업,1,1,1,52580,0
2025-03-25,FAMILY,셋업,바람막이,1,1,1,54000,0
2025-03-26,FAMILY,자켓/ 베스트,상의,1,1,1,59000,0
2025-03-26,SILVER,등산화,셋업,1,1,2,132570,0
2025-03-28,FAMILY,긴바지,바람막이,1,1,1,93950,0
2025-03-28,FAMILY,라운드티,바람막이,1,1,1,93950,0
2025-03-29,FAMILY,바람막이,바람막이,1,1,1,51750,0
2025-03-30,SILVER,하이킹,등산화,1,1,3,372910,0
2025-03-31,FAMILY,하이킹,바람막이,1,1,1,59000,0
2025-04-01,FAMILY,UNKNOWN,셋업,1,1,1,39810,0
2025-04-02,FAMILY,바람막이,바람막이,1,1,1,101000,0
2025-04-02,SILVER,하이킹,하이킹,1,1,3,282000,0
2025-04-03,FAMILY,라운드티,셋업,1,1,1,64960,0
2025-04-03,FAMILY,미드/롱다운,폴로티/집업,1,1,1,82900,0
2025-04-03,FAMILY,미드/롱다운,바람막이,1,1,1,58250,0
2025-04-03,FAMILY,상의,셋업,1,1,1,64960,0
2025-04-05,FAMILY,UNKNOWN,긴바지,1,1,1,51190,0
2025-04-05,FAMILY,등산화,긴바지,1,1,1,51190,0
2025-04-05,FAMILY,바람막이,긴바지,1,1,1,53000,0
2025-04-05,FAMILY,하이킹,긴바지,1,1,1,42430,0
2025-04-06,FAMILY,자켓/ 베스트,바람막이,1,1,1,48410,0
2025-04-07,FAMILY,반바지,긴바지,1,1,1,52230,0
2025-04-07,FAMILY,반바지,반바지,1,1,1,46310,0
2025-04-07,FAMILY,햇,긴바지,1,1,1,52230,0
2025-04-07,FAMILY,햇,반바지,1,1,1,46310,0
2025-04-08,FAMILY,긴바지,긴바지,1,1,2,104000,0
2025-04-08,FAMILY,긴바지,셋업,1,1,1,79550,0
2025-04-08,FAMILY,긴바지,맨투맨/후드티,1,1,1,51420,0
2025-04-08,FAMILY,셋업,셋업,1,1,1,79550,0
2025-04-08,FAMILY,셋업,맨투맨/후드티,1,1,1,51420,0
2025-04-08,FAMILY,자켓/ 베스트,셋업,1,1,1,79550,0
2025-04-08,FAMILY,자켓/ 베스트,맨투맨/후드티,1,1,1,51420,0
2025-04-09,FAMILY,라운드티,긴바지,1,1,1,33700,0
2025-04-10,FAMILY,맨투맨/후드티,반바지,1,1,1,29000,0
2025-04-10,FAMILY,상의,등산화,1,1,1,91540,0
2025-04-10,FAMILY,햇,등산화,1,1,1,91540,0
2025-04-12,FAMILY,긴바지,반바지,1,1,2,66000,0
2025-04-12,FAMILY,긴바지,긴바지,1,1,1,65000,0
2025-04-12,FAMILY,바람막이,반바지,1,1,2,66000,0
2025-04-12,FAMILY,바람막이,긴바지,1,1,1,65000,0
2025-04-12,FAMILY,셋업,반바지,1,1,2,66000,0
2025-04-12,FAMILY,셋업,긴바지,1,1,1,65000,0
2025-04-12,FAMILY,셋업,상의,1,1,1,59000,0
2025-04-13,FAMILY,긴바지,맨투맨/후드티,1,1,1,44830,0
2025-04-13,FAMILY,라운드티,셔츠,1,1,1,41700,0
2025-04-14,FAMILY,가방,반바지,1,1,3,83560,0
2025-04-14,FAMILY,긴바지,액세서리,1,1,2,16000,0
2025-04-14,FAMILY,라운드티,등산화,1,1,1,125685,0
2025-04-14,FAMILY,반바지,등산화,1,1,1,125685,0
2025-04-15,FAMILY,라운드티,긴바지,1,1,1,50750,0
2025-04-15,FAMILY,라운드티,라운드티,1,1,1,39000,0
2025-04-15,FAMILY,바람막이,긴바지,1,1,1,53000,0
2025-04-15,FAMILY,바람막이,라운드티,1,1,1,41000,0
2025-04-15,FAMILY,자켓/ 베스트,라운드티,1,1,1,27120,0
2025-04-15,SILVER,하이킹,카고/조거,1,1,1,65000,0
2025-04-16,FAMILY,등산화,반바지,1,1,1,21500,0
2025-04-16,FAMILY,자켓/ 베스트,셋업,1,1,1,47120,0
2025-04-17,FAMILY,라운드티,라운드티,1,1,1,41000,0
2025-04-17,FAMILY,라운드티,상의,1,1,1,36510,0
2025-04-18,FAMILY,긴바지,UNKNOWN,1,1,1,85790,0
2025-04-18,FAMILY,셋업,셋업,1,1,2,106000,0
2025-04-18,FAMILY,셋업,UNKNOWN,1,1,1,91250,0
2025-04-18,FAMILY,셋업,반바지,1,1,1,26790,0
2025-04-18,FAMILY,하이킹,상의,1,1,1,34470,0
2025-04-19,FAMILY,긴바지,라운드티,1,1,2,69620,0
2025-04-19,FAMILY,긴바지,긴바지,1,1,1,45000,0
2025-04-19,FAMILY,등산화,라운드티,1,1,2,69620,0
2025-04-19,FAMILY,등산화,긴바지,1,1,1,45000,0
2025-04-19,FAMILY,라운드티,라운드티,1,1,2,69620,0
2025-04-19,FAMILY,라운드티,긴바지,1,1,1,45000,0
2025-04-19,FAMILY,바람막이,UNKNOWN,1,1,1,41000,0
2025-04-19,FAMILY,방수자켓,긴바지,1,1,1,59000,0
2025-04-19,FAMILY,하이킹,라운드티,1,1,2,69620,0
2025-04-19,FAMILY,하이킹,긴바지,1,1,1,45000,0
2025-04-20,FAMILY,긴바지,반바지,2,2,2,54180,0
2025-04-20,FAMILY,긴바지,라운드티,1,1,1,35000,0
2025-04-20,FAMILY,긴바지,액세서리,1,1,1,7820,0
2025-04-20,FAMILY,라운드티,반바지,2,2,2,94000,0
2025-04-20,FAMILY,라운드티,라운드티,1,1,1,35000,0
2025-04-20,FAMILY,맨투맨/후드티,라운드티,1,1,1,53100,0
2025-04-21,FAMILY,긴바지,라운드티,1,1,2,53480,0
2025-04-21,FAMILY,긴바지,긴바지,1,1,1,48870,0
2025-04-21,FAMILY,라운드티,라운드티,1,1,1,47000,0
2025-04-21,FAMILY,반바지,긴바지,1,1,1,65000,0
2025-04-21,FAMILY,카고/조거,라운드티,1,1,1,47000,0
2025-04-21,SILVER,긴바지,긴바지,1,1,1,65000,0
2025-04-22,FAMILY,긴바지,긴바지,1,1,1,46000,0
2025-04-22,FAMILY,맨투맨/후드티,상의,1,1,1,57530,0
2025-04-23,FAMILY,긴바지,긴바지,1,1,1,107000,0
2025-04-23,FAMILY,라운드티,셋업,1,1,1,42370,0
2025-04-23,FAMILY,바람막이,라운드티,1,1,2,76000,0
2025-04-23,FAMILY,바람막이,긴바지,1,1,1,65000,0
2025-04-23,FAMILY,반바지,반바지,1,1,1,29000,0
2025-04-23,SILVER,반바지,긴바지,1,1,1,54930,0
2025-04-24,FAMILY,가방,바람막이,1,1,1,106100,0
2025-04-24,FAMILY,방수자켓,UNKNOWN,1,1,1,36980,0
2025-04-25,FAMILY,상의,상의,1,1,2,98000,0
2025-04-26,FAMILY,바람막이,바람막이,1,1,1,97870,0
2025-04-27,FAMILY,긴바지,셋업,1,1,1,83000,0
2025-04-27,FAMILY,라운드티,셋업,1,1,1,83000,0
2025-04-27,FAMILY,라운드티,카고/조거,1,1,1,65000,0
2025-04-27,FAMILY,상의,맨투맨/후드티,1,1,1,53000,0
2025-04-27,FAMILY,셋업,맨투맨/후드티,1,1,1,53000,0
2025-04-28,FAMILY,긴바지,긴바지,1,1,2,104400,0
2025-04-28,FAMILY,등산화,UNKNOWN,1,1,1,36500,0
2025-04-28,FAMILY,상의,UNKNOWN,1,1,1,36500,0
2025-04-28,FAMILY,폴로티/집업,UNKNOWN,1,1,1,36500,0
2025-04-30,FAMILY,가방,긴바지,1,1,1,55000,0
2025-04-30,FAMILY,긴바지,긴바지,1,1,1,59760,0
2025-04-30,FAMILY,긴바지,반바지,1,1,1,17680,0
2025-04-30,FAMILY,미드/롱다운,상의,1,1,1,38000,0
2025-04-30,FAMILY,방수자켓,방수자켓,1,1,1,57000,0
2025-05-01,FAMILY,라운드티,긴바지,1,1,1,31200,0
2025-05-01,FAMILY,바람막이,긴바지,2,2,2,87740,0
2025-05-03,FAMILY,긴바지,긴바지,1,1,1,97530,0
2025-05-03,FAMILY,긴바지,자켓/ 베스트,1,1,1,37430,0
2025-05-03,FAMILY,긴바지,라운드티,1,1,1,32510,0
2025-05-03,FAMILY,라운드티,긴바지,1,1,1,97530,0
2025-05-03,FAMILY,라운드티,바람막이,1,1,1,91000,0
2025-05-03,FAMILY,라운드티,자켓/ 베스트,1,1,1,37430,0
2025-05-03,FAMILY,라운드티,라운드티,1,1,1,32510,0
2025-05-03,FAMILY,라운드티,반바지,1,1,1,29370,0
2025-05-03,FAMILY,상의,바람막이,1,1,1,91000,0
2025-05-04,FAMILY,라운드티,UNKNOWN,1,1,1,28070,0
2025-05-04,FAMILY,하이킹,등산화,1,1,1,74300,0
2025-05-05,FAMILY,액세서리,반바지,1,1,1,32820,0
2025-05-05,FAMILY,자켓/ 베스트,자켓/ 베스트,1,1,1,40480,0
2025-05-06,FAMILY,등산화,등산화,1,1,1,85620,0
2025-05-06,FAMILY,반바지,셔츠,1,1,1,53000,0
2025-05-06,FAMILY,자켓/ 베스트,UNKNOWN,1,1,1,41000,0
2025-05-06,FAMILY,하이킹,긴바지,1,1,1,40440,0
2025-05-06,SILVER,셋업,상의,1,1,1,45420,0
2025-05-07,FAMILY,긴바지,UNKNOWN,1,1,1,111000,0
2025-05-07,FAMILY,라운드티,UNKNOWN,1,1,1,111000,0
2025-05-07,FAMILY,라운드티,하이킹,1,1,1,63430,0
2025-05-07,FAMILY,라운드티,라운드티,1,1,1,28900,0
2025-05-07,FAMILY,반바지,UNKNOWN,1,1,1,29990,0
2025-05-08,FAMILY,긴바지,긴바지,1,1,1,65000,0
2025-05-09,FAMILY,긴바지,라운드티,1,1,1,27280,0
2025-05-09,FAMILY,라운드티,라운드티,1,1,1,28000,0
2025-05-09,FAMILY,바람막이,맨투맨/후드티,1,1,1,34290,0
2025-05-10,FAMILY,긴바지,바람막이,1,1,1,47000,0
2025-05-10,FAMILY,라운드티,긴바지,2,2,2,114790,0
2025-05-10,FAMILY,라운드티,라운드티,1,1,1,39500,0
2025-05-10,FAMILY,반바지,긴바지,1,1,1,52180,0
2025-05-11,FAMILY,가방,반바지,1,1,1,17000,0
2025-05-11,FAMILY,긴바지,셋업,1,1,1,68130,0
2025-05-11,FAMILY,긴바지,라운드티,2,2,2,48600,0
2025-05-11,FAMILY,등산화,등산화,1,1,1,70300,0
2025-05-11,FAMILY,라운드티,라운드티,2,2,2,85190,0
2025-05-11,FAMILY,라운드티,긴바지,1,1,1,41570,0
2025-05-11,FAMILY,라운드티,UNKNOWN,1,1,1,29160,0
2025-05-11,FAMILY,라운드티,반바지,1,1,1,16370,0
2025-05-11,FAMILY,바람막이,긴바지,1,1,1,45820,0
2025-05-11,FAMILY,반바지,라운드티,1,1,1,54910,0
2025-05-11,FAMILY,반바지,반바지,1,1,1,19000,0
2025-05-11,FAMILY,상의,셋업,2,2,2,109410,0
2025-05-11,FAMILY,셋업,반바지,1,1,1,17020,0
2025-05-11,FAMILY,액세서리,반바지,1,1,1,18030,0
2025-05-11,FAMILY,자켓/ 베스트,상의,1,1,1,35450,0
2025-05-11,FAMILY,자켓/베스트,라운드티,1,1,1,24790,0
2025-05-11,FAMILY,하이킹,폴로티/집업,1,1,1,27000,0
2025-05-11,FAMILY,하이킹,반바지,1,1,1,19000,0
2025-05-11,FAMILY,햇,긴바지,1,1,1,32000,0
2025-05-12,FAMILY,긴바지,스니커즈,1,1,1,69000,0
2025-05-12,FAMILY,하이킹,스니커즈,1,1,1,69000,0
2025-05-14,FAMILY,상의,셋업,1,1,1,61500,0
2025-05-14,FAMILY,패딩/슬림다운,스니커즈,1,1,1,58680,0
2025-05-15,FAMILY,긴바지,긴바지,1,1,1,65000,0
2025-05-15,FAMILY,긴바지,라운드티,1,1,1,36900,0
2025-05-15,FAMILY,라운드티,반바지,1,1,1,79000,0
2025-05-15,SILVER,긴바지,바람막이,1,1,1,129000,0
2025-05-16,FAMILY,자켓/ 베스트,긴바지,1,1,1,52000,0
2025-05-16,SILVER,긴바지,긴바지,1,1,1,90400,0
2025-05-16,SILVER,라운드티,긴바지,1,1,1,90400,0
2025-05-16,SILVER,바람막이,긴바지,1,1,1,90400,0
2025-05-16,SILVER,반바지,긴바지,1,1,1,90400,0
2025-05-16,SILVER,셋업,긴바지,1,1,1,90400,0
2025-05-18,FAMILY,등산화,등산화,1,1,1,87900,0
2025-05-20,FAMILY,긴바지,긴바지,1,1,1,65000,0
2025-05-20,FAMILY,상의,긴바지,1,1,1,65000,0
2025-05-20,FAMILY,상의,라운드티,1,1,1,24840,0
2025-05-20,FAMILY,하이킹,등산화,1,1,1,90300,0
2025-05-21,FAMILY,긴바지,스니커즈,1,1,1,66860,0
2025-05-21,FAMILY,반바지,라운드티,1,1,1,29000,0
2025-05-21,FAMILY,셔츠,라운드티,1,1,1,29000,0
2025-05-21,FAMILY,자켓/ 베스트,라운드티,1,1,1,56560,0
2025-05-22,FAMILY,긴바지,긴바지,1,1,1,49900,0
2025-05-22,FAMILY,라운드티,라운드티,1,1,1,28000,0
2025-05-22,FAMILY,반바지,라운드티,1,1,2,55420,0
2025-05-22,FAMILY,트레일러닝,스니커즈,1,1,1,69000,0
2025-05-22,FAMILY,폴로티/집업,셋업,1,1,1,83000,0
2025-05-22,FAMILY,폴로티/집업,라운드티,1,1,1,41000,0
2025-05-23,FAMILY,긴바지,긴바지,1,1,1,44470,0
2025-05-24,FAMILY,셋업,긴바지,1,1,1,98100,0
2025-05-24,FAMILY,스니커즈,스니커즈,1,1,1,49000,0
2025-05-25,FAMILY,라운드티,반바지,1,1,2,74560,0
2025-05-26,FAMILY,스니커즈,스니커즈,1,1,1,43900,0
2025-05-27,FAMILY,등산화,등산화,1,1,1,90300,0
2025-05-27,FAMILY,액세서리,스니커즈,1,1,1,49000,0
2025-05-27,SILVER,긴바지,긴바지,1,1,1,48080,0
2025-05-28,FAMILY,긴바지,스니커즈,1,1,1,47740,0
2025-05-28,FAMILY,라운드티,스니커즈,1,1,1,47940,0
2025-05-28,FAMILY,바람막이,반바지,1,1,1,33390,0
2025-05-28,FAMILY,바람막이,라운드티,1,1,1,20610,0
2025-05-29,FAMILY,라운드티,상의,1,1,1,56100,0
2025-05-29,FAMILY,라운드티,라운드티,1,1,1,27580,0
2025-05-30,FAMILY,긴바지,긴바지,1,1,1,60000,0
2025-05-30,FAMILY,긴바지,스니커즈,1,1,1,44300,0
2025-05-31,FAMILY,긴바지,긴바지,1,1,1,65000,0
2025-06-01,FAMILY,부츠,스니커즈,1,1,1,46950,0
2025-06-01,FAMILY,스니커즈,긴바지,1,1,1,57640,0
2025-06-01,FAMILY,하이킹,셋업,1,1,1,53000,0
2025-06-01,SILVER,하이킹,셋업,1,1,1,60000,0
2025-06-02,SILVER,크로스/토트백,UNKNOWN,1,1,1,101410,0
2025-06-03,FAMILY,라운드티,라운드티,1,1,1,24560,0
2025-06-03,FAMILY,하이킹,하이킹,1,1,1,90340,0
2025-06-05,FAMILY,스니커즈,스니커즈,1,1,2,95000,0
2025-06-05,FAMILY,하이킹,라운드티,1,1,2,58000,0
2025-06-05,SILVER,긴바지,긴바지,1,1,3,193000,0
2025-06-05,SILVER,하이킹,긴바지,1,1,3,193000,0
2025-06-06,FAMILY,셋업,셋업,1,1,1,83300,0
2025-06-08,FAMILY,라운드티,라운드티,1,1,2,58000,0
2025-06-09,FAMILY,반바지,긴바지,1,1,2,114710,0
2025-06-13,FAMILY,셋업,스니커즈,1,1,1,49000,0
2025-06-13,FAMILY,폴로티/집업,폴로티/집업,1,1,1,41900,0
2025-06-14,FAMILY,긴바지,라운드티,1,1,1,32020,0
2025-06-16,FAMILY,긴바지,긴바지,1,1,1,104470,0
2025-06-17,FAMILY,라운드티,상의,1,1,1,58180,0
2025-06-17,FAMILY,라운드티,라운드티,1,1,1,24520,0
2025-06-17,FAMILY,라운드티,액세서리,1,1,1,8680,0
2025-06-17,FAMILY,스니커즈,스니커즈,1,1,1,48900,0
2025-06-18,FAMILY,반바지,라운드티,1,1,1,29000,0
2025-06-19,FAMILY,라운드티,라운드티,1,1,1,21780,0
2025-06-23,FAMILY,스니커즈,스니커즈,1,1,1,49000,0
2025-06-25,FAMILY,등산화,스니커즈,1,1,1,49000,0
2025-06-25,FAMILY,라운드티,상의,1,1,1,48300,0
2025-06-27,FAMILY,하이킹,스니커즈,1,1,1,35570,0
2025-07-01,FAMILY,셋업,반바지,1,1,1,79000,0
2025-07-06,FAMILY,등산화,등산화,1,1,1,139510,0
2025-07-08,FAMILY,셋업,셋업,1,1,1,35270,0
2025-07-08,FAMILY,하이킹,상의,1,1,1,49000,0
2025-07-09,FAMILY,패딩/슬림다운,UNKNOWN,1,1,1,88075,0
2025-07-09,SILVER,하이킹,미드/롱다운,1,1,1,227525,0
2025-07-10,FAMILY,볼캡,스니커즈,1,1,1,49000,0
2025-07-10,FAMILY,스니커즈,스니커즈,1,1,1,49000,0
2025-07-12,SILVER,미드/롱다운,셋업,1,1,1,108300,0
2025-07-12,SILVER,미드/롱다운,라운드티,1,1,1,42880,0
2025-07-13,SILVER,UNKNOWN,반바지,1,1,1,25850,0
2025-07-13,SILVER,긴바지,반바지,1,1,1,25850,0
2025-07-14,FAMILY,트레일러닝,트레일러닝,1,1,1,109000,0
2025-07-15,FAMILY,바람막이,라운드티,1,1,1,35000,0
2025-07-17,FAMILY,등산화,자켓/ 베스트,1,1,1,131200,0
2025-07-17,FAMILY,등산화,바람막이,1,1,1,56500,0
2025-07-17,FAMILY,라운드티,라운드티,1,1,2,59480,0
2025-07-18,FAMILY,긴바지,미드/롱다운,1,1,1,265525,0
2025-07-18,FAMILY,스니커즈,스니커즈,2,2,2,96000,0
2025-07-19,FAMILY,라운드티,반바지,1,1,1,29000,0
2025-07-21,FAMILY,스니커즈,스니커즈,1,1,1,39000,0
2025-07-22,FAMILY,바람막이,스니커즈,1,1,1,42570,0
2025-07-24,FAMILY,스니커즈,상의,1,1,1,45460,0
2025-07-25,FAMILY,라운드티,셋업,1,1,1,41100,0
2025-07-25,FAMILY,미드/롱다운,미드/롱다운,1,1,1,256775,0
2025-07-28,FAMILY,등산화,등산화,1,1,1,90300,0
2025-07-30,FAMILY,라운드티,라운드티,1,1,1,47000,0
2025-08-01,FAMILY,라운드티,긴바지,1,1,1,53000,0
2025-08-04,SILVER,폴로티/집업,라운드티,1,1,1,34250,0
2025-08-05,FAMILY,라운드티,셋업,1,1,1,109750,0
2025-08-05,FAMILY,라운드티,바람막이,1,1,1,54330,0
2025-08-05,FAMILY,자켓/ 베스트,라운드티,1,1,1,24650,0
2025-08-05,FAMILY,카고/조거,카고/조거,1,1,1,63000,0
2025-08-07,FAMILY,셋업,셋업,1,1,1,86760,0
2025-08-08,FAMILY,등산화,라운드티,1,1,1,26950,0
2025-08-12,FAMILY,라운드티,라운드티,1,1,1,35000,0
2025-08-12,FAMILY,셔츠,반바지,1,1,1,40000,0
2025-08-13,FAMILY,미드/롱다운,라운드티,1,1,1,22000,0
2025-08-13,SILVER,미드/롱다운,미드/롱다운,1,1,1,192000,0
2025-08-21,FAMILY,라운드티,반바지,1,1,1,61620,0
2025-08-30,FAMILY,라운드티,하이킹,1,1,1,54470,0
2025-08-30,FAMILY,폴로티/집업,하이킹,1,1,1,54470,0
2025-08-31,FAMILY,라운드티,셋업,1,1,1,89000,0
2025-09-03,FAMILY,라운드티,라운드티,1,1,1,31860,0
2025-09-03,FAMILY,하이킹,하이킹,1,1,1,55000,0
2025-09-04,FAMILY,하이킹,하이킹,1,1,1,55000,0
2025-09-09,FAMILY,셋업,바람막이,1,1,1,124090,0
2025-09-09,FAMILY,셋업,셋업,1,1,1,46740,0
2025-09-14,FAMILY,UNKNOWN,바람막이,1,1,1,82930,0
2025-09-14,FAMILY,하이킹,자켓/ 베스트,1,1,1,35000,0
2025-09-15,FAMILY,UNKNOWN,UNKNOWN,1,1,1,97210,0
2025-09-15,FAMILY,긴바지,긴바지,1,1,1,65000,0
2025-09-15,FAMILY,라운드티,라운드티,3,3,4,90000,0
2025-09-15,FAMILY,바람막이,긴바지,1,1,1,51000,0
2025-09-15,FAMILY,반바지,반바지,1,1,1,51350,0
2025-09-15,FAMILY,셋업,긴바지,1,1,1,65000,0
2025-09-17,FAMILY,셋업,셋업,1,1,1,53000,0
2025-09-17,FAMILY,자켓/베스트,등산화,1,1,1,93740,0
2025-09-17,FAMILY,자켓/베스트,장갑,1,1,1,27940,0
2025-09-18,FAMILY,가방,라운드티,1,1,1,34320,0
2025-09-18,FAMILY,라운드티,긴바지,1,1,1,43000,0
2025-09-18,FAMILY,반바지,긴바지,1,1,1,43000,0
2025-09-18,FAMILY,방수자켓,자켓/ 베스트,1,1,1,21880,0
2025-09-18,FAMILY,상의,상의,1,1,1,59000,0
2025-09-20,FAMILY,미드/롱다운,바람막이,1,1,1,113960,0
2025-09-20,TITANIUM,반바지,셋업,1,1,3,397200,0
2025-09-20,TITANIUM,반바지,인터체인지 (3 in 1),1,1,1,395000,0
2025-09-20,TITANIUM,반바지,긴바지,1,1,1,53000,0
2025-09-20,TITANIUM,셋업,셋업,1,1,3,397200,0
2025-09-20,TITANIUM,셋업,인터체인지 (3 in 1),1,1,1,395000,0
2025-09-20,TITANIUM,셋업,긴바지,1,1,1,53000,0
2025-09-22,FAMILY,UNKNOWN,맨투맨/후드티,1,1,1,39000,0
2025-09-22,FAMILY,햇,자켓/ 베스트,1,1,1,35000,0
2025-09-23,FAMILY,라운드티,라운드티,1,1,1,21820,0
2025-09-23,FAMILY,반바지,셋업,1,1,1,44330,0
2025-09-23,FAMILY,볼캡,장갑,1,1,1,16160,0
2025-09-24,FAMILY,가방,셋업,1,1,1,32000,0
2025-09-24,FAMILY,바람막이,맨투맨/후드티,1,1,1,47000,0
2025-09-25,FAMILY,자켓/ 베스트,자켓/베스트,1,1,1,37010,0
2025-09-25,FAMILY,자켓/ 베스트,라운드티,1,1,1,24060,0
2025-09-26,FAMILY,셋업,미드/롱다운,1,1,1,294410,0
2025-09-26,FAMILY,폴로티/집업,미드/롱다운,1,1,1,294410,0
2025-10-01,FAMILY,라운드티,폴로티/집업,1,1,1,53300,0
2025-10-01,FAMILY,라운드티,맨투맨/후드티,1,1,1,39000,0
2025-10-01,FAMILY,바람막이,셋업,1,1,1,91520,0
2025-10-01,FAMILY,바람막이,패딩/슬림다운,1,1,1,62450,0
2025-10-01,FAMILY,상의,맨투맨/후드티,1,1,1,39000,0
2025-10-01,FAMILY,하이킹,긴바지,1,1,1,33000,0
2025-10-03,FAMILY,맨투맨/후드티,자켓/베스트,1,1,1,86400,0
2025-10-03,FAMILY,반바지,자켓/베스트,1,1,1,43470,0
2025-10-03,FAMILY,액세서리,라운드티,1,1,1,16360,0
2025-10-03,FAMILY,자켓/ 베스트,셋업,1,1,1,69000,0
2025-10-04,FAMILY,미드/롱다운,UNKNOWN,1,1,1,63100,0
2025-10-05,FAMILY,셋업,셋업,1,1,1,75820,0
2025-10-08,FAMILY,반바지,UNKNOWN,1,1,1,80700,0
2025-10-08,FAMILY,자켓/ 베스트,맨투맨/후드티,1,1,1,39000,0
2025-10-09,FAMILY,긴바지,크로스/토트백,1,1,1,17500,0
2025-10-09,FAMILY,상의,등산화,1,1,1,127000,0
2025-10-09,SILVER,바람막이,바람막이,1,1,1,85810,0
2025-10-09,SILVER,셋업,바람막이,1,1,1,85810,0
2025-10-09,SILVER,폴로티/집업,바람막이,1,1,1,85810,0
2025-10-10,FAMILY,긴바지,셋업,1,1,1,20500,0
2025-10-10,FAMILY,바람막이,맨투맨/후드티,1,1,1,37000,0
2025-10-12,FAMILY,UNKNOWN,폴로티/집업,1,1,1,35820,0
2025-10-12,FAMILY,UNKNOWN,맨투맨/후드티,1,1,1,35540,0
2025-10-12,FAMILY,가방,긴바지,1,1,1,35000,0
2025-10-12,FAMILY,가방,라운드티,1,1,1,17500,0
2025-10-12,FAMILY,긴바지,상의,1,1,1,27000,0
2025-10-12,FAMILY,긴바지,라운드티,1,1,1,17500,0
2025-10-12,FAMILY,라운드티,셋업,2,2,2,62000,0
2025-10-12,FAMILY,라운드티,라운드티,1,1,1,17500,0
2025-10-12,FAMILY,맨투맨/후드티,라운드티,1,1,1,23740,0
2025-10-12,FAMILY,미드/롱다운,자켓/베스트,1,1,1,33610,0
2025-10-12,FAMILY,반바지,바람막이,1,1,1,123000,0
2025-10-12,FAMILY,반바지,맨투맨/후드티,1,1,1,35540,0
2025-10-12,FAMILY,반바지,셋업,1,1,1,31750,0
2025-10-12,FAMILY,상의,상의,1,1,1,27000,0
2025-10-12,FAMILY,셋업,셋업,1,1,1,20500,0
2025-10-12,FAMILY,스니커즈,상의,1,1,1,39000,0
2025-10-12,FAMILY,스니커즈,셋업,1,1,1,31000,0
2025-10-12,FAMILY,자켓/베스트,라운드티,1,1,1,17500,0
2025-10-16,FAMILY,라운드티,긴바지,1,1,1,43000,0
2025-10-16,FAMILY,맨투맨/후드티,볼캡,1,1,2,90000,0
2025-10-16,FAMILY,반바지,긴바지,1,1,1,43000,0
2025-10-17,FAMILY,자켓/베스트,라운드티,1,1,1,23650,0
2025-10-18,FAMILY,상의,라운드티,1,1,1,35000,0
2025-10-20,FAMILY,볼캡,패딩/슬림다운,1,1,1,95000,0
2025-10-20,SILVER,바람막이,바람막이,1,1,1,68360,0
2025-10-22,FAMILY,라운드티,라운드티,1,1,1,33000,0
2025-10-23,FAMILY,등산화,등산화,1,1,1,127790,0
2025-10-23,FAMILY,패딩/슬림다운,패딩/슬림다운,1,1,1,82000,0
2025-10-24,FAMILY,인터체인지 (3 in 1),패딩/슬림다운,1,1,1,73200,0
2025-10-26,FAMILY,UNKNOWN,등산화,1,1,1,156160,0
2025-10-27,FAMILY,긴바지,셋업,1,1,1,79300,0
2025-10-28,FAMILY,하이킹,긴바지,1,1,1,107000,0
2025-10-29,FAMILY,UNKNOWN,부츠,1,1,1,139770,0
2025-10-29,FAMILY,셋업,라운드티,1,1,1,49500,0
2025-10-29,FAMILY,하이킹,부츠,1,1,1,139770,0
2025-11-01,FAMILY,라운드티,맨투맨/후드티,1,1,1,57000,0
2025-11-03,FAMILY,긴바지,셋업,1,1,2,184200,0
2025-11-03,FAMILY,바람막이,인터체인지 (3 in 1),1,1,1,385000,0
2025-11-03,FAMILY,셋업,셋업,1,1,2,184200,0
2025-11-04,FAMILY,긴바지,맨투맨/후드티,1,1,1,59000,0
2025-11-05,FAMILY,자켓/베스트,패딩/슬림다운,1,1,1,137200,0
2025-11-07,FAMILY,UNKNOWN,패딩/슬림다운,1,1,1,83000,0
2025-11-07,FAMILY,볼캡,볼캡,1,1,1,45000,0
2025-11-09,FAMILY,셋업,셋업,1,1,1,87000,0
2025-11-10,FAMILY,반바지,장갑,1,1,1,27110,0
2025-11-15,SILVER,미드/롱다운,미드/롱다운,1,1,1,284030,0
2025-11-17,FAMILY,미드/롱다운,볼캡,1,1,1,45000,0
2025-11-19,FAMILY,라운드티,긴바지,1,1,1,89120,0
2025-11-24,FAMILY,셋업,셋업,1,1,1,27900,0
2025-11-26,FAMILY,등산화,셋업,1,1,1,28570,0
2025-11-26,FAMILY,패딩/슬림다운,긴바지,1,1,1,31300,0
2025-11-27,FAMILY,맨투맨/후드티,자켓/ 베스트,1,1,1,79750,0
2025-11-28,FAMILY,인터체인지 (3 in 1),긴바지,1,1,1,47000,0
2025-11-29,FAMILY,긴바지,긴바지,1,1,1,107000,0
2025-11-30,FAMILY,UNKNOWN,자켓/ 베스트,1,1,1,40000,0
2025-11-30,FAMILY,가방,자켓/ 베스트,1,1,1,31000,0
2025-11-30,FAMILY,라운드티,라운드티,2,2,2,46900,0
2025-11-30,FAMILY,맨투맨/후드티,다운/ 패딩,1,1,1,97000,0
2025-11-30,FAMILY,바람막이,볼캡,1,1,1,21850,0
2025-11-30,FAMILY,셋업,라운드티,1,1,1,29000,0
2025-12-01,FAMILY,자켓/베스트,셋업,1,1,1,89000,0
2025-12-04,SILVER,셋업,셋업,1,1,2,176980,0
2025-12-07,FAMILY,긴바지,패딩/슬림다운,1,1,1,89000,0
2025-12-09,FAMILY,셋업,부츠,1,1,1,148500,0
2025-12-09,FAMILY,셋업,셋업,1,1,1,126260,0
2025-12-09,GOLD,장갑,셋업,1,1,1,83510,0
2025-12-09,GOLD,장갑,라운드티,1,1,1,32850,0
2025-12-10,FAMILY,폴로티/집업,긴바지,1,1,1,45880,0
2025-12-11,FAMILY,라운드티,긴바지,1,1,1,47000,0
2025-12-11,FAMILY,셋업,맨투맨/후드티,1,1,1,46410,0
2025-12-11,FAMILY,액세서리,맨투맨/후드티,1,1,1,46410,0
2025-12-12,FAMILY,하이킹,볼캡,1,1,1,18000,0
2025-12-14,FAMILY,UNKNOWN,라운드티,1,1,1,33710,0
2025-12-14,FAMILY,등산화,등산화,1,1,1,132300,0
2025-12-14,FAMILY,라운드티,라운드티,1,1,1,35000,0
2025-12-15,FAMILY,UNKNOWN,긴바지,1,1,1,33940,0
2025-12-15,FAMILY,UNKNOWN,셋업,1,1,1,30060,0
2025-12-15,FAMILY,라운드티,상의,1,1,1,37000,0
2025-12-15,FAMILY,셋업,셋업,2,2,3,190000,0
2025-12-15,FAMILY,액세서리,장갑,1,1,1,29000,0
2025-12-16,FAMILY,긴바지,자켓/ 베스트,1,1,1,38000,0
2025-12-17,FAMILY,가방,셋업,1,1,1,31000,0
2025-12-17,FAMILY,긴바지,바람막이,1,1,1,124000,0
2025-12-17,FAMILY,긴바지,볼캡,1,1,1,37000,0
2025-12-17,FAMILY,등산화,등산화,1,1,1,114070,0
2025-12-17,FAMILY,미드/롱다운,미드/롱다운,1,1,2,324000,0
2025-12-18,FAMILY,등산화,라운드티,1,1,1,33510,0
2025-12-18,FAMILY,라운드티,라운드티,1,1,1,33510,0
2025-12-18,FAMILY,미드/롱다운,라운드티,1,1,1,17500,0
2025-12-18,FAMILY,셋업,긴바지,1,1,1,25000,0
2025-12-18,FAMILY,자켓/ 베스트,맨투맨/후드티,1,1,1,49000,0
2025-12-20,FAMILY,긴바지,긴바지,1,1,1,34890,0
2025-12-20,FAMILY,자켓/ 베스트,긴바지,1,1,1,34890,0
2025-12-20,FAMILY,자켓/베스트,자켓/베스트,1,1,1,57000,0
2025-12-21,FAMILY,가방,자켓/ 베스트,1,1,1,40000,0
2025-12-21,FAMILY,다운/ 패딩,자켓/베스트,1,1,1,59000,0
2025-12-21,FAMILY,다운/ 패딩,맨투맨/후드티,1,1,1,49000,0
2025-12-23,FAMILY,바람막이,다운/ 패딩,1,1,1,166800,0
2025-12-23,FAMILY,반바지,자켓/ 베스트,1,1,1,40000,0
2025-12-23,FAMILY,셋업,부츠,1,1,1,83000,0
2025-12-23,FAMILY,셋업,셋업,1,1,2,62000,0
2025-12-23,SILVER,맨투맨/후드티,다운/ 패딩,1,1,1,164000,0
2025-12-23,SILVER,맨투맨/후드티,자켓/베스트,1,1,1,82490,0
2025-12-25,FAMILY,상의,자켓/ 베스트,1,1,1,30000,0
2025-12-25,FAMILY,셋업,등산화,1,1,1,127200,0
2025-12-25,FAMILY,셋업,UNKNOWN,1,1,1,29000,0
2025-12-26,FAMILY,라운드티,자켓/ 베스트,1,1,1,29100,0
2025-12-26,FAMILY,셋업,셋업,1,1,1,61240,0
2025-12-26,FAMILY,자켓/베스트,자켓/ 베스트,1,1,1,80000,0
2025-12-26,FAMILY,하이킹,셋업,1,1,1,74000,0
2025-12-26,FAMILY,하이킹,맨투맨/후드티,1,1,1,49000,0
2025-12-27,FAMILY,긴바지,긴바지,2,2,2,74000,0
2025-12-27,FAMILY,긴바지,자켓/ 베스트,1,1,1,71000,0
2025-12-27,FAMILY,라운드티,자켓/ 베스트,1,1,1,71000,0
2025-12-27,FAMILY,라운드티,긴바지,1,1,1,39000,0
2025-12-27,FAMILY,볼캡,셋업,1,1,1,90990,0
2025-12-27,FAMILY,볼캡,긴바지,1,1,1,35000,0
2025-12-27,FAMILY,셋업,자켓/ 베스트,1,1,1,71000,0
2025-12-27,FAMILY,셋업,긴바지,1,1,1,39000,0
2025-12-27,FAMILY,자켓/ 베스트,자켓/ 베스트,1,1,1,111000,0
2025-12-29,FAMILY,가방,셋업,1,1,1,130820,0
2025-12-29,FAMILY,미드/롱다운,다운/ 패딩,1,1,1,158000,0
2025-12-31,FAMILY,상의,상의,1,1,1,53000,0
2026-01-03,FAMILY,셋업,셋업,1,1,1,109690,0
2026-01-10,FAMILY,자켓/ 베스트,자켓/ 베스트,1,1,1,97000,0
2026-01-11,FAMILY,UNKNOWN,맨투맨/후드티,1,1,1,55730,0
2026-01-12,FAMILY,하이킹,액세서리,1,1,2,18000,0
2026-01-13,FAMILY,셋업,셋업,1,1,1,89000,0
2026-01-14,FAMILY,UNKNOWN,등산화,1,1,1,101000,0
2026-01-14,FAMILY,등산화,등산화,1,1,1,127870,0
2026-01-16,FAMILY,부츠,패딩/슬림다운,1,1,1,86090,0
2026-01-17,FAMILY,부츠,부츠,1,1,1,111300,0
2026-01-17,FAMILY,셋업,셋업,1,1,1,89000,0
2026-01-19,FAMILY,긴바지,액세서리,1,1,3,26560,0
2026-01-19,FAMILY,액세서리,셋업,1,1,1,136860,0
2026-01-19,FAMILY,액세서리,액세서리,1,1,3,26560,0
2026-01-22,FAMILY,맨투맨/후드티,맨투맨/후드티,1,1,1,59000,0
2026-01-24,FAMILY,미드/롱다운,자켓/베스트,1,1,1,51600,0
2026-01-26,FAMILY,상의,등산화,1,1,1,125200,0
2026-01-27,FAMILY,등산화,액세서리,1,1,2,12230,0
2026-01-28,FAMILY,액세서리,라운드티,1,1,1,24980,0
2026-01-28,FAMILY,자켓/베스트,라운드티,1,1,1,24980,0
2026-01-29,FAMILY,등산화,등산화,1,1,1,128300,0
2026-01-30,FAMILY,UNKNOWN,자켓/ 베스트,1,1,1,10579,0
2026-01-30,FAMILY,등산화,등산화,1,1,1,106930,0
2026-01-30,FAMILY,라운드티,미드/롱다운,1,1,1,325000,0
2026-01-30,FAMILY,상의,긴바지,1,1,1,79600,0
2026-01-30,FAMILY,셋업,긴바지,1,1,1,27650,0
2026-01-30,FAMILY,셋업,라운드티,1,1,1,12500,0
2026-01-31,FAMILY,UNKNOWN,자켓/ 베스트,1,1,1,15579,0
2026-01-31,FAMILY,등산화,등산화,1,1,1,115330,0
2026-01-31,FAMILY,맨투맨/후드티,맨투맨/후드티,1,1,1,39000,0
2026-01-31,FAMILY,하이킹,등산화,1,1,1,115330,0
2026-02-01,FAMILY,등산화,장갑,1,1,2,30610,0
2026-02-01,FAMILY,장갑,액세서리,1,1,1,4500,0
2026-02-02,FAMILY,긴바지,자켓/ 베스트,1,1,1,17799,0
2026-02-03,FAMILY,패딩/슬림다운,자켓/ 베스트,1,1,1,30039,0
2026-02-04,FAMILY,셋업,다운/ 패딩,1,1,1,91600,0
2026-02-04,FAMILY,셔츠,라운드티,1,1,1,22180,0
2026-02-04,FAMILY,액세서리,액세서리,1,1,1,9000,0
2026-02-04,FAMILY,자켓/ 베스트,액세서리,1,1,1,9000,0
2026-02-05,FAMILY,방수자켓,패딩/슬림다운,1,1,1,85130,0
2026-02-05,FAMILY,액세서리,액세서리,1,1,1,5300,0
2026-02-06,FAMILY,상의,자켓/ 베스트,1,1,1,31149,0
2026-02-06,FAMILY,셋업,액세서리,1,1,1,4330,0
2026-02-08,FAMILY,미드/롱다운,볼캡,1,1,1,11880,0
2026-02-09,FAMILY,셋업,긴바지,1,1,1,33260,0
2026-02-10,FAMILY,액세서리,액세서리,1,1,2,6000,0
2026-02-11,FAMILY,자켓/ 베스트,액세서리,1,1,5,15000,0
2026-02-12,FAMILY,자켓/베스트,액세서리,1,1,1,4120,0
2026-02-14,FAMILY,등산화,라운드티,1,1,1,15430,0
2026-02-14,FAMILY,맨투맨/후드티,볼캡,1,1,1,21240,0
2026-02-14,FAMILY,맨투맨/후드티,긴바지,1,1,1,17390,0
2026-02-14,FAMILY,맨투맨/후드티,액세서리,1,1,1,3770,0
2026-02-14,FAMILY,반바지,셔츠,1,1,1,42550,0
2026-02-14,FAMILY,셋업,볼캡,1,1,1,21240,0
2026-02-14,FAMILY,셋업,긴바지,1,1,1,17390,0
2026-02-14,FAMILY,셋업,액세서리,1,1,1,3770,0
2026-02-15,FAMILY,상의,자켓/ 베스트,1,1,1,15579,0
2026-02-16,FAMILY,라운드티,자켓/베스트,1,1,1,50970,0
2026-02-16,FAMILY,라운드티,라운드티,1,1,1,15280,0
2026-02-16,FAMILY,셋업,자켓/베스트,1,1,1,50970,0
2026-02-17,FAMILY,긴바지,셔츠,1,1,1,40550,0
2026-02-17,FAMILY,긴바지,UNKNOWN,1,1,2,38000,0
2026-02-17,FAMILY,긴바지,자켓/ 베스트,2,2,2,31158,0
2026-02-17,FAMILY,긴바지,긴바지,1,1,1,13830,0
2026-02-17,FAMILY,긴바지,액세서리,1,1,2,6000,0
2026-02-17,FAMILY,반바지,자켓/ 베스트,1,1,1,10579,0
2026-02-17,FAMILY,볼캡,자켓/ 베스트,1,1,1,10579,0
2026-02-17,FAMILY,셋업,셋업,1,1,1,66460,0
2026-02-17,FAMILY,자켓/ 베스트,액세서리,1,1,2,6000,0
2026-02-17,FAMILY,하이킹,상의,1,1,1,21800,0
2026-02-18,FAMILY,가방,버킷/부니,1,1,2,27750,0
2026-02-18,FAMILY,가방,자켓/ 베스트,1,1,1,9579,0
2026-02-18,FAMILY,라운드티,맨투맨/후드티,1,1,1,29500,0
2026-02-18,FAMILY,상의,상의,1,1,1,23600,0
2026-02-19,FAMILY,상의,셔츠,1,1,1,40050,0
2026-02-20,FAMILY,등산화,라운드티,1,1,1,14750,0
2026-02-20,FAMILY,부츠,볼캡,1,1,1,7800,0
2026-02-20,FAMILY,셋업,상의,1,1,1,23600,0
2026-02-20,FAMILY,자켓/ 베스트,상의,1,1,1,23600,0
2026-02-22,FAMILY,UNKNOWN,자켓/ 베스트,1,1,1,10579,0
2026-02-22,FAMILY,가방,맨투맨/후드티,1,1,1,27500,0
2026-02-22,FAMILY,가방,긴바지,1,1,1,19750,0
2026-02-22,FAMILY,긴바지,긴바지,1,1,1,55600,0
2026-02-22,FAMILY,긴바지,액세서리,1,1,1,3000,0
2026-02-22,FAMILY,라운드티,셋업,1,1,1,44500,0
2026-02-22,FAMILY,라운드티,맨투맨/후드티,1,1,1,27500,0
2026-02-22,FAMILY,맨투맨/후드티,등산화,1,1,1,54000,0
2026-02-22,FAMILY,맨투맨/후드티,라운드티,1,1,1,25300,0
2026-02-22,FAMILY,맨투맨/후드티,액세서리,1,1,1,5150,0
2026-02-22,FAMILY,볼캡,등산화,1,1,1,54000,0
2026-02-22,FAMILY,액세서리,자켓/ 베스트,1,1,1,20149,0
2026-02-22,FAMILY,자켓/베스트,자켓/베스트,1,1,1,134500,0
2026-02-22,FAMILY,자켓/베스트,라운드티,1,1,1,26390,0
2026-02-23,FAMILY,등산화,자켓/ 베스트,1,1,1,62650,0
2026-02-26,FAMILY,가방,등산화,1,1,1,125200,0
2026-02-26,FAMILY,긴바지,긴바지,1,1,1,27650,0
2026-02-26,FAMILY,자켓/ 베스트,긴바지,1,1,1,27650,0
2026-02-28,FAMILY,액세서리,UNKNOWN,1,1,2,18150,0
2026-03-02,FAMILY,등산화,등산화,1,1,1,128870,0
2026-03-04,FAMILY,라운드티,라운드티,1,1,1,27500,0
2026-03-09,FAMILY,등산화,등산화,1,1,1,100500,0
2026-03-09,FAMILY,미드/롱다운,자켓/베스트,1,1,1,84500,0
2026-03-13,FAMILY,셋업,등산화,1,1,1,154670,0
2026-03-21,FAMILY,긴바지,긴바지,1,1,1,27650,0
2026-03-26,FAMILY,액세서리,등산화,1,1,1,78470,0
2026-03-26,FAMILY,액세서리,바람막이,1,1,1,72800,0
2026-03-27,FAMILY,액세서리,바람막이,1,1,1,78810,0
2026-03-28,FAMILY,등산화,등산화,1,1,1,158100,0
2026-03-28,FAMILY,라운드티,긴바지,1,1,1,65000,0
2026-03-28,FAMILY,라운드티,폴로티/집업,1,1,1,59000,0
2026-03-28,FAMILY,맨투맨/후드티,긴바지,1,1,1,55000,0
2026-03-31,FAMILY,바람막이,라운드티,1,1,1,16980,0
2026-04-04,FAMILY,셋업,폴로티/집업,1,1,1,65000,0
2026-04-08,FAMILY,등산화,등산화,1,1,1,123570,0
2026-04-16,FAMILY,UNKNOWN,바람막이,1,1,1,76500,0
2026-04-16,FAMILY,바람막이,바람막이,1,1,1,63870,0
2026-04-16,FAMILY,바람막이,긴바지,1,1,1,40000,0
2026-04-17,FAMILY,부츠,라운드티,1,1,1,46910,0
2026-04-18,FAMILY,라운드티,셋업,1,1,1,86440,0
2026-04-19,FAMILY,UNKNOWN,바람막이,1,1,1,77970,0
2026-04-20,FAMILY,맨투맨/후드티,긴바지,1,1,1,39500,0
2026-04-21,FAMILY,셋업,셋업,1,1,2,124320,0
2026-04-23,FAMILY,바람막이,바람막이,1,1,4,249000,0
2026-04-24,FAMILY,라운드티,UNKNOWN,1,1,1,83130,0
2026-04-27,FAMILY,자켓/ 베스트,바람막이,1,1,1,54020,0
2026-04-27,FAMILY,하이킹,등산화,1,1,1,97300,0
2026-04-28,FAMILY,긴바지,바람막이,1,1,1,74160,0
2026-05-01,FAMILY,셋업,긴바지,1,1,1,23000,0
2026-05-03,FAMILY,라운드티,등산화,1,1,1,131480,0
2026-05-05,FAMILY,라운드티,라운드티,1,1,1,25000,0
2026-05-05,FAMILY,하이킹,라운드티,1,1,1,23000,0
2026-05-06,FAMILY,액세서리,등산화,1,1,1,66000,0
2026-05-06,FAMILY,자켓/ 베스트,등산화,1,1,1,66000,0
2026-05-07,FAMILY,하이킹,UNKNOWN,1,1,3,15710,0
2026-05-10,FAMILY,긴바지,긴바지,1,1,1,28000,0
2026-05-10,FAMILY,라운드티,라운드티,1,1,1,54570,0
2026-05-14,FAMILY,등산화,등산화,1,1,1,119200,0
2026-05-17,FAMILY,바람막이,등산화,1,1,1,70690,0
2026-05-21,FAMILY,하이킹,긴바지,1,1,1,48530,0
2026-05-23,FAMILY,셋업,부츠,1,1,1,85100,0
2026-05-25,FAMILY,긴바지,라운드티,1,1,2,51880,0
2026-05-26,FAMILY,라운드티,등산화,1,1,1,89000,0
2026-05-29,FAMILY,바람막이,라운드티,1,1,1,40570,0
