상품코드,
freegift_26021,
C75YM9726MUL,
C75YM9725MUL,
C75YL9726MUL,
C75YL9725MUL,
C75YL0896027,
C75YL0896010,
freegift_24071_N,
C75YU0397010,
C75PU8655010,
C75PU2434265,
C75PU2423010,
C75PU2409265,
C75CT9272464,
C75CT9272010,
C75YU9904607,
C75YU9904494,
C75YU9901845,
C75YU9900316,
C75YU9899053,
C75YU9622100,
C75YU8481010,
C75YU2555338,
C75YU2555214,
C75YU2555105,
C75YU0899439,
C75YU0899010,
C75YU0605100,
C75YU0605010,
C75YU0511100,
C75YU0511010,
C75YU0367010,
C75YU0366010,
C75YU0154431,
C75YU0154273,
C75YU0154191,
C75YU0154023,
C75YU0154010,
C75YR8156278,
C75YR8156063,
C75YR0136278,
C75YR0136096,
C75YR0136029,
C75YR0136012,
C75YE6448278,
C75YE4769271,
C75YE4769012,
C75YE4769010,
C75UU8703478,
C75UU8703010,
C75UU1456348,
C75UU0951010,
C75UU0063478,
C75PU8809010,
C75PU8732719,
C75PU8732010,
C75PU8697010,
C75PU8663466,
C75PU8663010,
C75PU8662466,
C75PU8662010,
C75BM7354010,
C75BM6246036,
C75BM6246012,
C75BM4131247,
C75BM4131012,
C75BM1935063,
C75BL7354083,
C75BL6246101,
C75BL6246012,
C75BL4131096,
C75BL4131011,
C75BK9168091,
C75BK9168028,
C75BK0998096,
C75BK0607088,
C75BK0607083,
C75BI9168247,
C75BI9168005,
C75BI1209234,
C75BI1209089,
C75BI0652234,
C75BI0652014,
C71XE2738028,
freegift_26011_N,
freegift_26011,
freegift_25101_N_2,
C75YU9623271,
C75YU9623100,
C75YU9623043,
C75YU9623011,
C75YU9622010,
C75YU9611551,
C75YU9611010,
C75YU0677278,
C75YU0677010,
C75YU0374010,
C75YU0372060,
C75YU0372010,
C75YU0371010,
C75YU0369655,
C75YU0369484,
C75YU0369257,
C75YU0369060,
C75YU0369010,
C75YM0659397,
C75YM0659010,
C71YM6611375,
C71YM6611023,
C71YM6604035,
C71YM6604010,
C71YM3613397,
C71YM3613011,
C71YM3606439,
C71YM3606346,
C71YM3502494,
C71YM3502010,
C71YL6611655,
C71YL6611191,
C71YL6604541,
C71YL6604102,
C75YU8771010,
C75UU1979643,
C75BI0652231,
C72XE9962316,
C72XE9962027,
C72XE9962010,
C71FM3447100,
C75YM8908010,
C75YL7787010,
C75BM7473010,
C75BL7473023,
freegift_25101_N,
C75YR8156012,
C75YE6448010,
C75CT9272661,
C75BK0998097,
C75BI1209255,
C75BI1209053,
C75BI0652089,
C72AR7147554,
C72AE9125278,
C72AE9125010,
C66YL9726MUL,
C75UU1979010,
C75UU1456379,
C75UU1456010,
C75UU0951027,
C75CU5631010,
C75CT9272397,
C75CT9272126,
C75BM7473803,
C75BM0303338,
C75BM0303010,
C75BL7473063,
C75BL0303648,
C75BL0303010,
C75BK8634010,
C75BI8634083,
C75BI8634010,
C72XE4410027,
C72AR7147010,
C72AR3109375,
C72AR3109214,
C72AR0863348,
C72AR0863010,
C72AE9400101,
C71XR6553525,
C71XR6553348,
C71XR6553278,
C71XR2133278,
C71XR2133010,
C71XJ9498023,
C71XJ9498010,
C71XE9920464,
C71XE9920278,
C71XE9920010,
C71AR8383397,
C71AR8383010,
C71AM8728271,
C71AM8728010,
C71AE8980397,
C71AE8980010,
C71AE8947366,
C71AE8947010,
C75PU8809191,
C75PU8724511,
C75PU8724010,
C75PU8700191,
C75PU8700010,
C75PU8664191,
C75PU8663191,
C75PU8662191,
C75PU7249461,
C75PU7249010,
C75PU2434191,
C75PU2434010,
C75PU2410191,
C75PU2410010,
C75PU2409851,
C75PU2409191,
C66YU9900316,
C66YU5200681,
C66YU5200273,
C66YU5200191,
C66YU5200010,
C66YU4947100,
C66YU4947010,
C66YU4749247,
C66YU4749010,
C66YU0678010,
C66YU0677478,
C66YU0672010,
C66YU0653221,
C66YU0645010,
C66YU0642464,
C66YU0642191,
C66YU0633348,
C66YU0370010,
C66YU0368397,
C66YU0368010,
C66YU0154431,
C66YU0154191,
C66YU0154023,
C66YR0136278,
C66YR0136029,
C66YM0696231,
C66YM0696027,
C66YM0659439,
C66YM0659398,
C66UU4597364,
C66UU4597352,
C66UU4597010,
C66UU0951659,
C66PU8727508,
C66PU8727010,
C66PU8709888,
C66PU8709326,
C66PU8665888,
C66PU5803397,
C66PU5803010,
C66PU2406010,
C66CU3199271,
C66CU3199023,
C66CU3199010,
C66CU2844257,
C66CU2844010,
C66CU1539851,
C66CT9272758,
C66CT9272659,
C66CL1014031,
C66BM7922083,
C66BM7922010,
C66BM6246012,
C66BL7922125,
C66BL7922010,
C66BL6246012,
C66BK5371271,
C66BK5371231,
C66BI9168091,
C64XR9829028,
C64WR3825278,
C64WR3825010,
C63WR0541364,
C63WR0541010,
C75UU8635258,
C75UU8635010,
C75CU8623278,
C75CU8623100,
C75BM4131383,
C75BL4131063,
C75BK9168063,
C75BK8634083,
C75BI9168096,
C75BI9168010,
C75BI8634845,
C72AM5480271,
C72AM5480010,
C71WR7549551,
C71WR7549348,
C71AR5760127,
C71AR5760126,
C71AR3267271,
C71AR3267010,
C71AR0411397,
C71AR0411010,
C75CU7808125,
C75BM1935010,
C71WR1626491,
C71WR1626010,
C71WE7462845,
C71WE7462010,
C71AR7330008,
C71AR5760610,
C71AM4935271,
C71AM4935010,
C71AE4498462,
C71AE4498227,
C66YU0366010,
C71WR6042027,
C71WE8104491,
C71WE8104010,
C66YU2125416,
C66YU2125010,
C66YU0369397,
C66YU0369287,
C66YM2461342,
C66YU0703439,
C66YU0703287,
C66YU0697435,
C66YU0697319,
C66YU0697010,
C66YU0678494,
C66YU0678373,
C66YU0678211,
C66YU0672439,
C66YU0672191,
C66YU0672013,
C66YU0615313,
C66YU0615211,
C66YU0615010,
C66YM0696010,
C66YU0398010,
C66YU0397416,
C66YU0397351,
C66YU0369060,
C66YU0367010,
C64YM3586381,
C64YM3586010,
C75XU9181265,
C75XU4041010,
C71XM9621265,
C71XM8852125,
C71XM8599010,
C71XM4875265,
C71XM1756010,
C71XM0095125,
C71XM0095010,
C66XU7510342,
C66XU7272383,
C66XU3409383,
C66BI9168010,
C64XM9802225,
C63XM9038297,
C63XM9038102,
C63XM8347342,
C63XM8347102,
C63XM3339347,
C63XM3339225,
C63XM2675297,
C63XM2675010,
C63XM2165102,
C66CU2691010,
C66CU0191191,
C66CU0185013,
C66BI1209234,
C64YM8596346,
C64YM8596010,
C64YM8587439,
C64YM8587211,
C64YM8578439,
C64YM8578010,
C64YM8576028,
C64YM8576010,
C64YM7597435,
C64YM7597010,
C64YM7587439,
C64YM7587211,
C64YM6597416,
C64YM6597351,
C64YM6597010,
C64YM6577211,
C64YM6577011,
C64YM6576160,
C64YM6576010,
C64YM5597319,
C64YM5597010,
C64YM3597435,
C64YM3596346,
C64YM3596010,
C64YM3576373,
C64YM3576010,
C64YL8596160,
C64YL8596010,
C64YL8578011,
C64YL8578010,
C64YL8576211,
C64YL8576010,
C64YL6597775,
C64YL6597125,
C64YL6597010,
C64YL6583105,
C64YL6583011,
C64YL6577105,
C64YL6577011,
C64YL6576035,
C64YL6576010,
C64YL5597886,
C64YL5597125,
C64YL5597010,
C64YL3597775,
C64YL3597125,
C64YL3597010,
C64YL3596160,
C64YL3596010,
C64YL3585626,
C64YL3585010,
C64YL3576395,
C64YL3576211,
C64YL1581105,
C64YL1581010,
C63YM8593010,
C63YM8593003,
C63YM6593416,
C63YM6593351,
C63YM6593003,
C63YM6565439,
C63YM6565160,
C63YM6553278,
C63YM6553011,
C63YM3593416,
C63YM3593351,
C63YM3593125,
C63YM3593010,
C63YL8593319,
C63YL8593010,
C63YL6593886,
C63YL6593125,
C63YL6593010,
C63YL6561105,
C63YL6561010,
C63YL6553160,
C63YL6553011,
C64YM8597435,
C64YM8597319,
C64YM8597010,
C64YM8582030,
C64YM8582011,
C64YM1597435,
C64YM1597010,
C64YM1584211,
C64YM1584010,
C64YL8597010,
C64YL8597003,
C64YL8583439,
C64YL8583287,
C64YL8582191,
C64YL8582010,
C64YL8581193,
C64YL8581010,
C64YL6582191,
C64YL6582010,
C63YM8551494,
C63YM8551211,
C63YM8551010,
C63YM6551027,
C63YM6551010,
C63YM3556395,
C63YM3556011,
C63YM3553494,
C63YM3553211,
C63YL8561313,
C63YL8561010,
C63YL8551395,
C63YL8551010,
C63YL6551278,
C63YL6551010,
C63YL3566241,
C63YL3566010,
C63YL3556743,
C63YL3556287,
C63YL3553629,
C63YL3553278,
C64YM3588439,
C64YM3588313,
C64YM3584395,
C64YM3584030,
C64YM3584010,
C64YL3587581,
C64YL3587105,
C64YL3587010,
C64YM3583035,
C64YM3583010,
C66YK7183286,
C66CU2691278,
C66CU0185491,
C66CU0185465,
C66CM7252010,
C66CM4726397,
C66CM4726010,
C66CL9684010,
C66CL0358010,
C66BM4159010,
C66BM4131247,
C66BM2186010,
C66BK9165395,
C66BK9165012,
C66BK6266010,
C66BK0998096,
C66BI5718089,
C66BI0652234,
C66BI0652014,
C64AE5780367,
C64AE5780191,
C64AE5780010,
C64AE4498349,
C64AE4498225,
C64YM8573011,
C64YM8573010,
C64YM3579010,
C64YM3574027,
C64YM3574011,
C64YM3574010,
C64YM3572287,
C64YM3572027,
C64YM3572010,
C64YM3571439,
C64YM3571010,
C64YL3588105,
C64YL3588010,
C64YL3586581,
C64YL3586241,
C64YL3586102,
C64YL3584626,
C64YL3584105,
C64YL3583035,
C64YL3583010,
C64YL3582211,
C64YL3582010,
C64YL3574027,
C64YL3574010,
C64YL3571160,
C64YL3571010,
C66YU0371010,
C66YU0369010,
C66YU2743271,
C66YU2743256,
C66YU2743010,
C66YU0428286,
C66YU0428247,
C66YU0428010,
C66RCS876ATO,
C66RCS876ATL,
C66RCL252BR1,
C66RCL252BK1,
freegift_05031_N,
C66YU9682286,
C66YU9682010,
C66YU9626286,
C66YU9626010,
C66YU0154273,
C66YU0154010,
C66UU3561010,
C66UU1979429,
C66PU8809265,
C66PU8809010,
C66PU8801888,
C66PU8801014,
C66PU8801010,
C66PU8732445,
C66PU8732252,
C66PU8729445,
C66PU8729010,
C66PU8712326,
C66PU8712010,
C66PU8700265,
C66PU8664464,
C66PU8664329,
C66PU8664010,
C66PU8663010,
C66PU5747250,
C66PU5747023,
C66PU5747010,
C66PU5742010,
C66PU5737191,
C66PU5737010,
C66PU5736864,
C66PU5736530,
C66PU5736478,
C66PU5736010,
C66PU2406265,
C66CU6065624,
C66CU5224429,
C66CU5224010,
C66CU4164010,
C66CM4724010,
C66CM0690010,
C66CL9684278,
C66CL1055010,
C66CL1014010,
C64XR9092010,
C64AR7330561,
C64AR7330262,
C64AR5760554,
C64AR5760256,
C63AR4742271,
C63AR4742010,
C63AE8947010,
C63AE5737429,
freegift_05022_N,
C63PM0538466,
C63PM0538039,
C63PM0537659,
C63PM0537466,
C63PM0537126,
C63PM0537125,

