product_code,product_name_kor,product_name,source_image_url,first_orders,first_buyers,quantity,revenue,first_order_rate,image_url,image_source
C64YM3572010,남성 컬럼비아 락 다운 자켓,M's Columbia Rock Down Jacket,,147,147,157,74346745,1.0,assets/product_images/C64YM3572010.jpg,excel_map+downloaded
C54YM3479010,공용 마운틴 후드 롱 다운 자켓,MT.Hood™ Long Down Jacket,,190,190,193,62923763,1.0,assets/product_images/C54YM3479010.jpg,excel_map+downloaded
C56YU8517010,공용 샙랜드3 WP OHI,SAPLAND III WP OMNI-HEAT INFINITY,,432,432,448,60458575,1.0,assets/product_images/C56YU8517010.jpg,excel_map+downloaded
C54YM3472010,남성 마운틴 후드™ 다운 자켓,Ms MT.Hood™ Down Jacket,,139,139,140,48242250,1.0,assets/product_images/C54YM3472010.jpg,excel_map+downloaded
C64YM3583010,공용 롤링 콘 롱 다운 자켓,M's Rolling Cone Long Down Jacket,,99,99,100,38184930,1.0,assets/product_images/C64YM3583010.jpg,excel_map+downloaded
C54YM3473010,남성 클라이브 레이크 Ⅱ 다운 자켓,Ms Clive Lake™ Ⅱ Down Jacket,,78,78,82,29931500,1.0,assets/product_images/C54YM3473010.jpg,excel_map+downloaded
C66YU9626010,공용 샙랜드4 워터프루프 옴니히트,SAPLAND IV WP OMNI-HEAT INFINITY,,177,177,185,29446450,1.0,assets/product_images/C66YU9626010.jpg,styleship_cdn_pattern+downloaded
C54WE4714010,공용 하이크바운드 인터체인지 자켓,Hikebound™ II Interchange Jacket,,182,182,206,29302778,1.0,assets/product_images/C54WE4714010.jpg,styleship_cdn_pattern+downloaded
C56YU8549010,공용 샙랜드3 처카 WP OHI,SAPLAND III CHUKKA WP OH INFINITY,,224,224,236,28922790,1.0,assets/product_images/C56YU8549010.jpg,excel_map+downloaded
C46YU0204010,[공식몰 단독] 공용 코브 투 뷰트™ 30L 백팩 + 파우치,Cove to Butte ™ 30 BACKPACK,,378,378,389,28869420,1.0,assets/product_images/C46YU0204010.jpg,styleship_cdn_pattern+downloaded
C64YM3572287,[추영우 착용] 남성 컬럼비아 락 다운 자켓,M's Columbia Rock Down Jacket,,56,56,57,27059155,1.0,assets/product_images/C64YM3572287.jpg,excel_map+downloaded
C64YL3583010,여성 패스 대쉬 포레스트Ⅲ 다운 자켓,W's Path Dash ForestⅢ Down Jacket,,60,60,60,25188850,1.0,assets/product_images/C64YL3583010.jpg,excel_map+downloaded
C64YM3572027,남성 컬럼비아 락 다운 자켓,M's Columbia Rock Down Jacket,,47,47,50,23984310,1.0,assets/product_images/C64YM3572027.jpg,excel_map+downloaded
C66YU9682010,공용 샙랜드4 처카 워터프루프 옴니히트,SAPLAND IV CHUKKA WP OH INFINITY,,156,156,162,23438530,1.0,assets/product_images/C66YU9682010.jpg,styleship_cdn_pattern+downloaded
C54YM3474010,남성 마운틴 후드™ 다운 파카,Ms MT.Hood™ Down Parka,,43,43,44,17628300,1.0,assets/product_images/C54YM3474010.jpg,excel_map+downloaded
C64YM3579010,공용 컬럼비아 락 롱 다운 자켓,M's Columbia Rock Long Down Jacket,,29,29,29,17587130,1.0,assets/product_images/C64YM3579010.jpg,excel_map+downloaded
C64YM3584010,남성 블루 에비뉴 다운 자켓,M's Blue Avenue Down Jacket,,57,57,62,17538820,1.0,assets/product_images/C64YM3584010.jpg,excel_map+downloaded
C54YM3472211,남성 마운틴 후드™ 다운 자켓,Ms MT.Hood™ Down Jacket,,48,48,48,16365530,1.0,assets/product_images/C54YM3472211.jpg,excel_map+downloaded
C54YL3487010,여성 파운 피크 다운 자켓,Ws Fawn Peak™ Down Jacket,,83,83,83,16274280,1.0,assets/product_images/C54YL3487010.jpg,excel_map+downloaded
C66YU0369010,공용 본레 포레스트 20L 패커블 경량 백팩,Bonre Forest 20L Packable Backpack,,300,300,300,16251190,1.0,assets/product_images/C66YU0369010.jpg,styleship_cdn_pattern+downloaded
C54YM3474425,남성 마운틴 후드™ 다운 파카,Ms MT.Hood™ Down Parka,,39,39,39,15870500,1.0,assets/product_images/C54YM3474425.jpg,excel_map+downloaded
C55PU8665010,[공식몰 단독]공용 패나시아 25L 백팩,Panacea™ 25L Backpack,,55,55,274,15848180,1.0,assets/product_images/C55PU8665010.jpg,styleship_cdn_pattern+downloaded
C64YM3574010,공용 마운틴 후드 다운 자켓,MT.Hood Down Jacket,,30,30,31,14878240,1.0,assets/product_images/C64YM3574010.jpg,excel_map+downloaded
C54WE4714257,공용 하이크바운드 인터체인지 자켓,Hikebound™ II Interchange Jacket,,105,105,106,14841739,1.0,assets/product_images/C54WE4714257.jpg,styleship_cdn_pattern+downloaded
C66YU9626286,공용 샙랜드4 워터프루프 옴니히트,SAPLAND IV WP OMNI-HEAT INFINITY,,91,91,92,14742190,1.0,assets/product_images/C66YU9626286.jpg,styleship_cdn_pattern+downloaded
C55BI5371020,남성 크레스트우드 미드 워터프루프 와이드핏,CRESTWOOD™ MID WATERPROOF WIDE,,151,151,152,14611760,1.0,assets/product_images/C55BI5371020.jpg,styleship_cdn_pattern+downloaded
C54WE6671010,공용 캐스케이드 인터체인지 자켓,Cascade Peak™ VI Interchange Jacket,,9,9,56,14464710,1.0,assets/product_images/C54WE6671010.jpg,excel_map+downloaded
C54YM3471010,남성 스노우 타워 레이크™ 다운 자켓,Ms Snow Tower Lake™ Down Jacket,,73,73,77,14224590,1.0,assets/product_images/C54YM3471010.jpg,excel_map+downloaded
C65YU0366010,공용 레드우드 30L 뉴 플러스 백팩,REDWOOD30 N.PLUS BACKPACK,,110,110,113,14214460,1.0,assets/product_images/C65YU0366010.jpg,excel_map+downloaded
C64YL3574010,여성 마운틴 후드 다운 자켓,W's MT.Hood Down Jacket,,29,29,29,14069650,1.0,assets/product_images/C64YL3574010.jpg,excel_map+downloaded
C52WE9484010,[공식몰 단독]남성 루프 트레일 바람막이 방풍 자켓,Loop Trail™ II Windbreaker,,104,104,127,14065457,1.0,assets/product_images/C52WE9484010.jpg,styleship_cdn_pattern+downloaded
C54YL3483010,여성 패스 대쉬 포레스트 다운 자켓,Ws Path Dash Forest™Ⅲ Down Jacket,,39,39,39,13856403,1.0,assets/product_images/C54YL3483010.jpg,excel_map+downloaded
C54YL3482010,여성 클라우드 비치 롱 다운 자켓,Ws Cloud Beach™ Long Down Jacket,,45,45,45,13813770,1.0,assets/product_images/C54YL3482010.jpg,excel_map+downloaded
C54WR3825397,여성 드랍 릿지 II 인터체인지 자켓,Drop Ridge™ II Interchange Jacket,,66,66,66,13472552,1.0,assets/product_images/C54WR3825397.jpg,excel_map+downloaded
C54WR3825278,여성 드랍 릿지 II 인터체인지 자켓,Drop Ridge™ II Interchange Jacket,,68,68,68,13178816,1.0,assets/product_images/C54WR3825278.jpg,excel_map+downloaded
C66YU2743010,공용 옐로우테일 쇼티 워터프루프 옴니히트,YELLOWTAIL SHORTY WP OH,,101,101,107,12864580,1.0,assets/product_images/C66YU2743010.jpg,styleship_cdn_pattern+downloaded
C64YM3584030,남성 블루 에비뉴 다운 자켓,M's Blue Avenue Down Jacket,,44,44,44,12862880,1.0,assets/product_images/C64YM3584030.jpg,excel_map+downloaded
C46BM6754010,남성 픽프릭2 미드 아웃드라이 레더,PEAKFREAK II MID OUTDRY LEATHER,,95,95,100,12859460,1.0,assets/product_images/C46BM6754010.jpg,styleship_cdn_pattern+downloaded
C64YL3585010,여성 파운 피크 다운 자켓,W's Fawn Peak Down Jacket,,49,49,49,12652230,1.0,assets/product_images/C64YL3585010.jpg,excel_map+downloaded
C61XE5850010,공용 센트릴리엄 2.5 레이어 방수 자켓,Centrillium 2.5L Jacket,,66,66,77,12472330,1.0,assets/product_images/C61XE5850010.jpg,excel_map+downloaded
C64AE4498461,[추영우 착용] 공용 헬베시아 II 프린티드 하프스냅 플리스 풀오버,Helvetia II Printed Half Snap Fleece,,163,163,167,12309560,1.0,assets/product_images/C64AE4498461.jpg,excel_map+downloaded
C64YM3574027,[추영우 착용] 남성 마운틴 후드 다운 자켓,M's MT.Hood Down Jacket,,23,23,24,12146020,1.0,assets/product_images/C64YM3574027.jpg,excel_map+downloaded
C54XL5603193,[DISNEY] 여성 미키와 친구들 하프 스냅 플리스,W CSC X Disney Mickey & Friends Half Snap Fleece,,105,105,107,11858750,1.0,assets/product_images/C54XL5603193.jpg,styleship_cdn_pattern+downloaded
C56BI5371241,남성 크레스트우드 미드 워터프루프 와이드핏,CRESTWOOD MID WATERPROOF,,117,117,122,11767165,1.0,assets/product_images/C56BI5371241.jpg,excel_map+downloaded
C46BM9621010,남성 패시트75 알파 아웃드라이,FACET 75 ALPHA OUTDRY,,90,90,90,11329510,1.0,assets/product_images/C46BM9621010.jpg,styleship_cdn_pattern+downloaded
C64AE5780191,공용 헬베시아 II 하프스냅 플리스 아노락,Helvetia II Half Snap Fleece,,157,157,170,11162610,1.0,assets/product_images/C64AE5780191.jpg,excel_map+downloaded
C56YU5200010,공용 호버튜버 옴니테크,HOVERTUBER OMNI-TECH,,144,144,147,11106040,1.0,assets/product_images/C56YU5200010.jpg,excel_map+downloaded
C54YM3472443,남성 마운틴 후드™ 다운 자켓,Ms MT.Hood™ Down Jacket,,31,31,31,11037980,1.0,assets/product_images/C54YM3472443.jpg,excel_map+downloaded
C46BK4552305,여성 뉴튼릿지 플러스 와이드핏,NEWTON RIDGE™ PLUS WATERPROOF AMPED WIDE,,170,170,172,10805110,1.0,assets/product_images/C46BK4552305.jpg,styleship_cdn_pattern+downloaded
C66YU0366010,공용 레드우드 30L 뉴 플러스 백팩,REDWOOD30 N.PLUS BACKPACK,,85,85,85,10793160,1.0,assets/product_images/C66YU0366010.jpg,excel_map+downloaded
C65BM6243278,남성 몬트레일 트리니티 MX,MONTRAIL TRINITY MX,,83,83,83,10640780,1.0,assets/product_images/C65BM6243278.jpg,styleship_cdn_pattern+downloaded
C54YM3473278,남성 클라이브 레이크 Ⅱ 다운 자켓,Ms Clive Lake™ Ⅱ Down Jacket,,30,30,30,10598135,1.0,assets/product_images/C54YM3473278.jpg,excel_map+downloaded
C64AR5760554,여성 헬베시아 II 프린티드 하프스냅 플리스 풀오버,Helvetia II Printed Cropped Half Snap,,145,145,147,10589580,1.0,assets/product_images/C64AR5760554.jpg,styleship_cdn_pattern+downloaded
C61XE5850022,[추영우 착용] 공용 센트릴리엄 2.5 레이어 방수 자켓,Centrillium Jacket,,51,51,67,10545580,1.0,assets/product_images/C61XE5850022.jpg,excel_map+downloaded
C54XM8729193,[DISNEY] 남성 미키와 친구들 하프 스냅 플리스,M CSC x Disney Mickey & Friends Half Snap Fleece,,90,90,94,10481660,1.0,assets/product_images/C54XM8729193.jpg,styleship_cdn_pattern+downloaded
C55BI5371326,남성 크레스트우드 미드 워터프루프 와이드핏,CRESTWOOD™ MID WATERPROOF WIDE,,102,102,106,10343310,1.0,assets/product_images/C55BI5371326.jpg,styleship_cdn_pattern+downloaded
C61YM3506011,남성 쓰리 락 바람막이 자켓,M's Three Rock Jacket,,9,9,80,10083730,1.0,assets/product_images/C61YM3506011.jpg,excel_map+downloaded
C56YU2743010,공용 옐로우테일 쇼티 WP OH,YELLOWTAIL™ SHORTY WP OH,,100,100,108,10009430,1.0,assets/product_images/C56YU2743010.jpg,excel_map+downloaded
C64YL3586102,여성 앤 로드 다운 자켓,W's Anne Road Down Jacket,,60,60,60,10003760,1.0,assets/product_images/C64YL3586102.jpg,excel_map+downloaded
C54YM3489010,남성 밸리 투 패스™ 헤비 다운 자켓,Ms Valley to Pass™ Down Jacket,,38,38,38,9996446,1.0,assets/product_images/C54YM3489010.jpg,excel_map+downloaded
C75YU0366010,공용 레드우드 30L 뉴 플러스 백팩,REDWOOD™30 N.PLUS BACKPACK,,79,79,79,9807570,1.0,assets/product_images/C75YU0366010.jpg,excel_map+downloaded
C46BM6754231,남성 픽프릭2 미드 아웃드라이 레더,PEAKFREAK II MID OUTDRY LEATHER,,78,78,78,9777670,1.0,assets/product_images/C46BM6754231.jpg,styleship_cdn_pattern+downloaded
C64WE5258010,남성 아틱 크레스트 경량 구스 다운자켓,Arctic Crest Down Jacket,,31,31,31,9760890,1.0,assets/product_images/C64WE5258010.jpg,styleship_cdn_pattern+downloaded
C66BI0652014,남성 크레스트우드 미드 워터프루프 와이드핏,CRESTWOOD MID WATERPROOF WIDE,,79,79,80,9670170,1.0,assets/product_images/C66BI0652014.jpg,excel_map+downloaded
C64XL8880100,[DISNEY] 여성 디즈니 하프 스냅 플리스 티셔츠,W ColumbiaㅣDISNEY Half Snap,,81,81,83,9609400,1.0,assets/product_images/C64XL8880100.jpg,styleship_cdn_pattern+downloaded
C54YM3479211,공용 마운틴 후드™ 롱 다운 자켓,MT.Hood™ Long Down Jacket,,28,28,28,9471770,1.0,assets/product_images/C54YM3479211.jpg,excel_map+downloaded
C64XE0098010,남성 클로브 서밋 경량 패딩 + 방수 인터체인지 자켓,Clove Summit Interchange Jacket,,29,29,30,9381110,1.0,assets/product_images/C64XE0098010.jpg,styleship_cdn_pattern+downloaded
C65BI5371241,남성 크레스트우드 미드 워터프루프 와이드핏,CRESTWOOD MID WATERPROOF,,98,98,99,9347785,1.0,assets/product_images/C65BI5371241.jpg,styleship_cdn_pattern+downloaded
C64WR9847010,[공식몰 단독] 여성 어메이즈 퍼프 후디드 다운자켓,Amaze Puff Hooded Jacket,,42,42,42,9023560,1.0,assets/product_images/C64WR9847010.jpg,styleship_cdn_pattern+downloaded
C66YU0368010,공용 더글라스 패스 30L 백팩,DUGLAS PASS 30 BACKPACK,,94,94,94,9001235,1.0,assets/product_images/C66YU0368010.jpg,excel_map+downloaded
C54YM3484010,남성 그로스터 브룩™ 다운 자켓,Ms Gloster Brook™ Down Jacket,,31,31,35,8924656,1.0,assets/product_images/C54YM3484010.jpg,excel_map+downloaded
C55YM8908010,남성 이스케이프 쓰라이브 샌들,THRIVE™ REVIVE SHANDAL,,75,75,75,8911440,1.0,assets/product_images/C55YM8908010.jpg,styleship_cdn_pattern+downloaded
C54XM6724010,[스타워즈] 공용 베이더 파카,VADER™ Parka,,20,20,20,8860960,1.0,assets/product_images/C54XM6724010.jpg,excel_map+downloaded
C56BK5371271,여성 크레스트우드 미드 워터프루프 와이드핏,CRESTWOOD MID WATERPROOF,,91,91,91,8728395,1.0,assets/product_images/C56BK5371271.jpg,excel_map+downloaded
C54YL3487105,여성 파운 피크 다운 자켓,Ws Fawn Peak™ Down Jacket,,43,43,43,8663280,1.0,assets/product_images/C54YL3487105.jpg,excel_map+downloaded
C46BK4552286,여성 뉴튼릿지 플러스 와이드핏,NEWTON RIDGE™ PLUS WATERPROOF AMPED WIDE,,136,136,137,8547180,1.0,assets/product_images/C46BK4552286.jpg,styleship_cdn_pattern+downloaded
C65BM7679202,남성 뉴튼릿지 베이스캠프,NEWTON RIDGE BC NB,,102,102,103,8525615,1.0,assets/product_images/C65BM7679202.jpg,styleship_cdn_pattern+downloaded
C55BI5371241,남성 크레스트우드 미드 워터프루프 와이드핏,CRESTWOOD MID WATERPROOF,,88,88,88,8482580,1.0,assets/product_images/C55BI5371241.jpg,styleship_cdn_pattern+downloaded
C64YM3584395,남성 블루 에비뉴 다운 자켓,M's Blue Avenue Down Jacket,,24,24,27,8159410,1.0,assets/product_images/C64YM3584395.jpg,excel_map+downloaded
C75BI8634083,남성 텔루릭스 타이타늄 아웃드라이 와이드,TELLURIX TITANIUM OUTDRY WIDE,,41,41,43,8037190,1.0,assets/product_images/C75BI8634083.jpg,excel_map+downloaded
C54YL3473010,여성 앤 스트림™ 다운 자켓,Ws Anne Stream™ Down Jacket,,26,26,26,8012521,1.0,assets/product_images/C54YL3473010.jpg,excel_map+downloaded
C65YE4769008,남성 트랜스트레커 아웃드라이 와이드,TRANS TREKKER OUTDRY WIDE,,60,60,60,7848130,1.0,assets/product_images/C65YE4769008.jpg,excel_map+downloaded
C64WE6671010,공용 캐스케이드 인터체인지 자켓,Cascade Peak VI Interchange Jacket,,13,13,22,7769370,1.0,assets/product_images/C64WE6671010.jpg,excel_map+downloaded
C65BM1935010,남성 PFG 프로 스포츠 부츠,PFG PRO SPORT BOOT,,59,59,61,7710520,1.0,assets/product_images/C65BM1935010.jpg,excel_map+downloaded
C56YM0696027,공용 다운 투 다크 트래퍼,Dawn-to-Dark™Ⅱ TRAPPER,,150,150,154,7669910,1.0,assets/product_images/C56YM0696027.jpg,styleship_cdn_pattern+downloaded
C54YL3486102,여성 앤 로드 다운 자켓,Ws Anne Road™ Down Jacket,,47,47,47,7531470,1.0,assets/product_images/C54YL3486102.jpg,excel_map+downloaded
C66BI5718373,남성 뉴튼 완다 와이드 미드,NEWTON WANDER WIDE,,76,76,76,7399640,1.0,assets/product_images/C66BI5718373.jpg,styleship_cdn_pattern+downloaded
C56BI5371240,남성 크레스트우드 미드 워터프루프 와이드핏,CRESTWOOD MID WATERPROOF,,78,78,78,7373175,1.0,assets/product_images/C56BI5371240.jpg,excel_map+downloaded
C54YM3476319,남성 샷오버 힐™ 경량 패딩 자켓,Ms Shotover Hill™ Insulation Jacket,,43,43,49,7281833,1.0,assets/product_images/C54YM3476319.jpg,excel_map+downloaded
C54AE5780191,남성 헬베시아 II 하프스냅 플리스 아노락,Helvetia™ II Half Snap Fleece,,129,129,131,7245330,1.0,assets/product_images/C54AE5780191.jpg,excel_map+downloaded
C64AE5780010,공용 헬베시아 II 하프스냅 플리스 풀오버,Helvetia II Half Snap Fleece,,106,106,111,7156550,1.0,assets/product_images/C64AE5780010.jpg,excel_map+downloaded
C65YU0369010,공용 본레 포레스트 20L 패커블 경량 백팩,Bonre Forest 20L Packable Backpack,,131,131,133,7120710,1.0,assets/product_images/C65YU0369010.jpg,excel_map+downloaded
C64YL3583035,여성 패스 대쉬 포레스트Ⅲ 다운 자켓,W's Path Dash ForestⅢ Down Jacket,,16,16,16,7114880,1.0,assets/product_images/C64YL3583035.jpg,excel_map+downloaded
C65YM8908010,남성 이스케이프 쓰라이브 샌들,THRIVE REVIVE SHANDAL,,65,65,66,7073700,1.0,assets/product_images/C65YM8908010.jpg,excel_map+downloaded
C66YU9682286,공용 샙랜드4 처카 워터프루프 옴니히트,SAPLAND IV CHUKKA WP OH INFINITY,,46,46,48,7047650,1.0,assets/product_images/C66YU9682286.jpg,styleship_cdn_pattern+downloaded
C56YU0366010,공용 레드우드™ 30L 뉴 플러스 백팩,REDWOOD™30 N.PLUS BACKPACK,,55,55,55,7038580,1.0,assets/product_images/C56YU0366010.jpg,excel_map+downloaded
C62XE2326010,남성 클레어몬트II 경량 바람막이 자켓,Clearmont II Jacket,,63,63,85,6995950,1.0,assets/product_images/C62XE2326010.jpg,excel_map+downloaded
C54WR9860010,여성 로로 패스 인터체인지 자켓,Lolo Pass™ Interchange Jacket,,32,32,32,6971190,1.0,assets/product_images/C54WR9860010.jpg,excel_map+downloaded
C56YM0696231,공용 다운 투 다크 트래퍼,Dawn-to-Dark™Ⅱ TRAPPER,,131,131,136,6946160,1.0,assets/product_images/C56YM0696231.jpg,styleship_cdn_pattern+downloaded
C46BK4552008,여성 뉴튼릿지 플러스 와이드핏,NEWTON RIDGE™ PLUS WATERPROOF AMPED WIDE,,110,110,110,6918330,1.0,assets/product_images/C46BK4552008.jpg,styleship_cdn_pattern+downloaded
C54AR5760464,여성 헬베시아 II 프린티드 크롭 하프스냅,Helvetia™ II Printed Cropped Half Snap,,89,89,89,6902100,1.0,assets/product_images/C54AR5760464.jpg,excel_map+downloaded
C75BI0652089,남성 크레스트우드 미드 워터프루프 와이드핏,CRESTWOOD MID WATERPROOF WIDE,,63,63,63,6865800,1.0,assets/product_images/C75BI0652089.jpg,excel_map+downloaded
C56YM0696010,공용 다운 투 다크 트래퍼,Dawn-to-Dark™Ⅱ TRAPPER,,131,131,136,6804340,1.0,assets/product_images/C56YM0696010.jpg,styleship_cdn_pattern+downloaded
C64YL3574027,여성 마운틴 후드 다운 자켓,W's MT.Hood Down Jacket,,14,14,14,6795710,1.0,assets/product_images/C64YL3574027.jpg,excel_map+downloaded
C54WE7451010,남성 실버 리프II 스트레치 인슐레이션 자켓,Silver Leaf™ Stretch Insulated II Jacket,,34,34,42,6789490,1.0,assets/product_images/C54WE7451010.jpg,styleship_cdn_pattern+downloaded
C54YM3488011,남성 왈라 왈라 대쉬™ 다운 자켓,Ms Walla Walla Dash™ Down Jacket,,23,23,25,6758870,1.0,assets/product_images/C54YM3488011.jpg,excel_map+downloaded
C45BI5371384,남성 크레스트우드 미드 워터프루프 와이드핏,CRESTWOOD™ MID WATERPROOF WIDE,,82,82,82,6642770,1.0,assets/product_images/C45BI5371384.jpg,styleship_cdn_pattern+downloaded
C56YU0369010,공용 본레 포레스트™ 20L 패커블 백팩,Bonre Forest™ 20L Packable Backpack,,85,85,115,6613520,1.0,assets/product_images/C56YU0369010.jpg,excel_map+downloaded
C61YM3594466,공용 365 마운틴 3L 방수자켓,365 Mountain Rain Jacket,,20,20,20,6537940,1.0,assets/product_images/C61YM3594466.jpg,excel_map+downloaded
C65YU0366346,공용 레드우드 30L 뉴 플러스 백팩,REDWOOD30 N.PLUS BACKPACK,,51,51,51,6514560,1.0,assets/product_images/C65YU0366346.jpg,excel_map+downloaded
C64YM3571439,남성 아보카 트레일 경량 다운 자켓,M's Avoca Trail Down Jacket,,32,32,32,6503690,1.0,assets/product_images/C64YM3571439.jpg,excel_map+downloaded
C52WE9484278,[공식몰 단독]남성 루프 트레일 바람막이 방풍 자켓,Loop Trail™ II Windbreaker,,50,50,58,6477909,1.0,assets/product_images/C52WE9484278.jpg,styleship_cdn_pattern+downloaded
C51AE5878010,남성 와우노가 라이프 웨이트 팬츠,Wanoga™ Lightweight Pant,,98,98,98,6431510,1.0,assets/product_images/C51AE5878010.jpg,styleship_cdn_pattern+downloaded
C54AE5780366,남성 헬베시아 II 하프스냅 플리스 아노락,Helvetia™ II Half Snap Fleece,,112,112,113,6413330,1.0,assets/product_images/C54AE5780366.jpg,excel_map+downloaded
C54AE5780861,[공식몰 단독] 남성 헬베시아 II 하프스냅 플리스 아노락,Helvetia™ II Half Snap Fleece,,116,116,119,6390040,1.0,assets/product_images/C54AE5780861.jpg,excel_map+downloaded
C55YU6322212,공용 헤이지 저니 워터프루프,HAZY JOURNEY™ WATERPROOF,,52,52,52,6384830,1.0,assets/product_images/C55YU6322212.jpg,styleship_cdn_pattern+downloaded
C51WE3507010,남성 앰플리 드라이™ 방수 2.5L 자켓,Ampli-Dry™ II Shell,,44,44,44,6313820,1.0,assets/product_images/C51WE3507010.jpg,styleship_cdn_pattern+downloaded
C55YL7787010,여성 이스케이프 쓰라이브 샌들,THRIVE™ REVIVE SHANDAL,,51,51,53,6294670,1.0,assets/product_images/C55YL7787010.jpg,styleship_cdn_pattern+downloaded
C56YE4769339,남성 트랜스트레커 아웃드라이,TRANS TREKKER™ OUTDRY,,41,41,41,6270200,1.0,assets/product_images/C56YE4769339.jpg,styleship_cdn_pattern+downloaded
C46BM9621316,남성 패시트75 알파 아웃드라이,FACET 75 ALPHA OUTDRY,,48,48,48,6207330,1.0,assets/product_images/C46BM9621316.jpg,styleship_cdn_pattern+downloaded
C65BK5371271,여성 크레스트우드 미드 워터프루프 와이드핏,CRESTWOOD MID WATERPROOF,,66,66,66,6195050,1.0,assets/product_images/C65BK5371271.jpg,styleship_cdn_pattern+downloaded
C65BM7763278,남성 몬트레일 트리니티 AG 2,MONTRAIL TRINITY AG II,,50,50,52,6137775,1.0,assets/product_images/C65BM7763278.jpg,styleship_cdn_pattern+downloaded
C55YU6488063,공용 호쏜 레인 로우 알트 방수 스니커즈,HAWTHORNE™ RAIN LO ALT,,62,62,62,6120770,1.0,assets/product_images/C55YU6488063.jpg,styleship_cdn_pattern+downloaded
C56YU4749010,공용 헨리포크 부츠 OT OHI,HENRYFORK BOOT OT OHI,,45,45,47,6059530,1.0,assets/product_images/C56YU4749010.jpg,excel_map+downloaded
C61YM7591466,공용 365 마운틴 긴팔 셔켓,365 Mountain Shirts Jacket,,44,44,44,6057810,1.0,assets/product_images/C61YM7591466.jpg,excel_map+downloaded
C54YM8478010,남성 마운틴 후드™ 인슐레이션 스트레이트 팬츠,M's MT.Hood™ Insulation Straight Pants,,48,48,48,6042420,1.0,assets/product_images/C54YM8478010.jpg,excel_map+downloaded
C64AR7330659,여성 헬베시아 II 크롭 하프스냅 플리스 풀오버,Helvetia II Cropped Half Snap Fleece,,95,95,95,6007760,1.0,assets/product_images/C64AR7330659.jpg,styleship_cdn_pattern+downloaded
C75BI8634010,[추영우 착용] 남성 텔루릭스 타이타늄 아웃드라이 와이드,TELLURIX TITANIUM OUTDRY WIDE,,32,32,32,5960040,1.0,assets/product_images/C75BI8634010.jpg,excel_map+downloaded
C62XE8841012,[추영우 착용] 공용 콜드 베이 대쉬 그래픽 반팔 티셔츠,Cold Bay Dash Short Sleeve Tee,,157,157,158,5940030,1.0,assets/product_images/C62XE8841012.jpg,excel_map+downloaded
C66YM0696010,공용 다운 투 다크 트래퍼,Dawn-to-DarkⅡ TRAPPER,,100,100,105,5896400,1.0,assets/product_images/C66YM0696010.jpg,excel_map+downloaded
C65BI9168010,남성 픽프릭 러쉬 아웃드라이 와이드,PEAKFREAK RUSH OUTDRY WIDE,,32,32,34,5867120,1.0,assets/product_images/C65BI9168010.jpg,excel_map+downloaded
C64YL3587010,여성 유니온 리버 다운 자켓,Union River Down Jacket,,26,26,26,5859180,1.0,assets/product_images/C64YL3587010.jpg,excel_map+downloaded
C54WR9293010,여성 롱혼 릿지 리버서블 셔켓,Longhorn Ridge™ Reversible Shirt Jacket,,69,69,69,5826458,1.0,assets/product_images/C54WR9293010.jpg,styleship_cdn_pattern+downloaded
C56BM6246012,남성 코노스 TRS 아웃드라이,KONOS™ TRS OUTDRY,,42,42,43,5774360,1.0,assets/product_images/C56BM6246012.jpg,styleship_cdn_pattern+downloaded
C64YM3574011,공용 마운틴 후드 다운 자켓,M's MT.Hood Down Jacket,,12,12,12,5750100,1.0,assets/product_images/C64YM3574011.jpg,excel_map+downloaded
C54AR7330010,여성 헬베시아 II 크롭 하프스냅 플리스 아노락,Helvetia™ II Cropped Half Snap Fleece,,103,103,103,5721660,1.0,assets/product_images/C54AR7330010.jpg,excel_map+downloaded
C66YU0154010,공용 헤이지 저니 2 워터프루프,HAZY JOURNEY II WATERPROOF,,53,53,54,5693070,1.0,assets/product_images/C66YU0154010.jpg,styleship_cdn_pattern+downloaded
C54WE2476010,남성 스트릿 트래커 2.0 인터체인지 자켓,Street Trekker™ 2.0 Interchange Jacket,,12,12,12,5676000,1.0,assets/product_images/C54WE2476010.jpg,styleship_cdn_pattern+downloaded
C64XY7077100,[DISNEY] 키즈 디즈니 하프 스냅 플리스 티셔츠,Y ColumbiaㅣDISNEY Half Snap,,69,69,75,5664420,1.0,assets/product_images/C64XY7077100.jpg,styleship_cdn_pattern+downloaded
C54YL3486010,여성 앤 로드 다운 자켓,Ws Anne Road™ Down Jacket,,36,36,36,5627140,1.0,assets/product_images/C54YL3486010.jpg,excel_map+downloaded
C65YU0371010,[공식몰 단독] 공용 애슐리 코브 30L 백팩 + 파우치,Ashley Cove 30L Backpack,,59,59,59,5609560,1.0,assets/product_images/C65YU0371010.jpg,excel_map+downloaded
C65BM1935063,남성 PFG 프로 스포츠 부츠,PFG PRO SPORT BOOT,,45,45,45,5572490,1.0,assets/product_images/C65BM1935063.jpg,excel_map+downloaded
C55YU5270010,공용 호쏜 레인 로우 옴니테크,HAWTHORNE™ RAIN LO OMNI-TECH™,,52,52,52,5556450,1.0,assets/product_images/C55YU5270010.jpg,styleship_cdn_pattern+downloaded
C54WM3476191,공용 파우더케그 인터체인지 봄버 자켓,Powderkeg™ II Remastered Interchange,,18,18,18,5554460,1.0,assets/product_images/C54WM3476191.jpg,styleship_cdn_pattern+downloaded
C54YL3471010,여성 스노우 타워 레이크™ 다운 자켓,Ws Snow Tower Lake™ Down Jacket,,31,31,31,5548564,1.0,assets/product_images/C54YL3471010.jpg,excel_map+downloaded
C56YU2743327,공용 옐로우테일 쇼티 WP OH,YELLOWTAIL™ SHORTY WP OH,,61,61,61,5538810,1.0,assets/product_images/C56YU2743327.jpg,excel_map+downloaded
C54WE4714681,공용 하이크바운드 인터체인지 자켓,Hikebound™ II Interchange Jacket,,37,37,37,5520839,1.0,assets/product_images/C54WE4714681.jpg,styleship_cdn_pattern+downloaded
C51AE5164278,남성 서밋 밸리 우븐 셔츠,Summit Valley™ Woven LS Shirt,,92,92,95,5513810,1.0,assets/product_images/C51AE5164278.jpg,styleship_cdn_pattern+downloaded
C51AE5878027,남성 와우노가 라이프 웨이트 팬츠,Wanoga™ Lightweight Pant,,84,84,84,5510850,1.0,assets/product_images/C51AE5878027.jpg,styleship_cdn_pattern+downloaded
C75YU0369010,공용 본레 포레스트 20L 패커블 경량 백팩,Bonre Forest 20L Packable Backpack,,104,104,104,5493760,1.0,assets/product_images/C75YU0369010.jpg,excel_map+downloaded
C56BM0225010,남성 패시트 75 이쿼녹스,FACET™ 75 EQUINOX™,,44,44,44,5486300,1.0,assets/product_images/C56BM0225010.jpg,styleship_cdn_pattern+downloaded
C62XE3513492,[추영우 착용] 남성 글레시얼 비스타 그래픽 쿨링 티셔츠,Glacial Vista Graphic Tee,,126,126,126,5456880,1.0,assets/product_images/C62XE3513492.jpg,excel_map+downloaded
C44AE2155460,[공식몰 단독] 공용 백볼™ 리마스터드 플리스 자켓,Backbowl™ Remastered Fleece,,63,63,78,5402640,1.0,assets/product_images/C44AE2155460.jpg,styleship_cdn_pattern+downloaded
C54YM3476010,남성 샷오버 힐™ 경량 패딩 자켓,Ms Shotover Hill™ Insulation Jacket,,34,34,34,5355156,1.0,assets/product_images/C54YM3476010.jpg,excel_map+downloaded
C54YL8485010,여성 코말 포크 인슐레이션 와이드 경량 패딩 팬츠,W's Comal Fork™ Insulation Wide Pants,,51,51,51,5340360,1.0,assets/product_images/C54YL8485010.jpg,excel_map+downloaded
C51YL3402191,여성 힐 투 마운틴™ 2L 방수 자켓,Ws Hill to Mountain™ II 2L Jacket,,18,18,27,5324300,1.0,assets/product_images/C51YL3402191.jpg,styleship_cdn_pattern+downloaded
C54WR3825010,여성 드랍 릿지 II 인터체인지 자켓,Drop Ridge™ II Interchange Jacket,,27,27,27,5300732,1.0,assets/product_images/C54WR3825010.jpg,excel_map+downloaded
C55BL5371020,여성 크레스트우드 미드 워터프루프,CRESTWOOD™ MID WATERPROOF,,56,56,56,5279760,1.0,assets/product_images/C55BL5371020.jpg,styleship_cdn_pattern+downloaded
C54XY4893193,[DISNEY] 키즈 미키와 친구들 하프 스냅 플리스,Y CSC X Disney Mickey & Friends Half Snap Fleece,,68,68,72,5237970,1.0,assets/product_images/C54XY4893193.jpg,styleship_cdn_pattern+downloaded
C65BI5371240,남성 크레스트우드 미드 워터프루프 와이드핏,CRESTWOOD MID WATERPROOF,,54,54,54,5233780,1.0,assets/product_images/C65BI5371240.jpg,styleship_cdn_pattern+downloaded
C56YU2743271,공용 옐로우테일 쇼티 WP OH,YELLOWTAIL™ SHORTY WP OH,,59,59,59,5226320,1.0,assets/product_images/C56YU2743271.jpg,excel_map+downloaded
C55YU5270292,남성 호쏜 레인 로우 옴니테크 스니커즈,HAWTHORNE™ RAIN LO OMNI-TECH™,,60,60,60,5223050,1.0,assets/product_images/C55YU5270292.jpg,styleship_cdn_pattern+downloaded
C54YM8478011,남성 마운틴 후드™ 인슐레이션 스트레이트 팬츠,M's MT.Hood™ Insulation Straight Pants,,41,41,41,5221260,1.0,assets/product_images/C54YM8478011.jpg,excel_map+downloaded
C66BI9168010,남성 픽프릭 러쉬 아웃드라이 와이드,PEAKFREAK RUSH OUTDRY WIDE,,34,34,34,5210140,1.0,assets/product_images/C66BI9168010.jpg,excel_map+downloaded
C55YM8908271,[공식몰 단독] 남성 쓰라이브 리바이브 샌들,THRIVE™ REVIVE SHANDAL,,43,43,43,5160250,1.0,assets/product_images/C55YM8908271.jpg,styleship_cdn_pattern+downloaded
C52PM0295469,PFG 바하마™II 데님 반팔 셔츠,Bahama™ II Denim S/S Shirt,,46,46,47,5145830,1.0,assets/product_images/C52PM0295469.jpg,styleship_cdn_pattern+downloaded
C44AE2155010,[공식몰 단독] 공용 백볼™ 리마스터드 플리스 자켓,Backbowl™ Remastered Fleece,,42,42,76,5113310,1.0,assets/product_images/C44AE2155010.jpg,styleship_cdn_pattern+downloaded
C64YM3571010,남성 아보카 트레일 경량 다운 자켓,M's Avoca Trail Down Jacket,,25,25,25,5070270,1.0,assets/product_images/C64YM3571010.jpg,excel_map+downloaded
C62YM6536010,[추영우 착용] 남성 스토니 레이크 OFZ ICE+ 셋업 폴로 티셔츠,M's Stony Lake OFZ ICE+ Set Up Polo,,64,64,68,5069360,1.0,assets/product_images/C62YM6536010.jpg,excel_map+downloaded
C66BM4131247,[추영우 착용] 남성 픽프릭 러쉬 아웃드라이 미드,PEAKFREAK RUSH MID OUTDRY,,28,28,30,5058940,1.0,assets/product_images/C66BM4131247.jpg,excel_map+downloaded
C54AE3788010,남성 마블 캐니언™ 오버레이 후디 티셔츠,Marble Canyon™ Overlay Hoodie,,96,96,97,5002300,1.0,assets/product_images/C54AE3788010.jpg,styleship_cdn_pattern+downloaded
C54YL3496010,여성 하이크 보울 코브™ 플리스 자켓,Ws Hike Bowl Cove™ Fleece Jacket,,40,40,40,4988110,1.0,assets/product_images/C54YL3496010.jpg,excel_map+downloaded
C55BI5371240,남성 크레스트우드 미드 워터프루프 와이드핏,CRESTWOOD MID WATERPROOF,,38,38,50,4985570,1.0,assets/product_images/C55BI5371240.jpg,styleship_cdn_pattern+downloaded
C56YU5200681,[공식몰 단독] 공용 호버튜버 옴니테크,HOVERTUBER OMNI-TECH,,66,66,67,4975803,1.0,assets/product_images/C56YU5200681.jpg,excel_map+downloaded
C56YE4769039,남성 트랜스트레커 아웃드라이,TRANS TREKKER™ OUTDRY,,37,37,37,4918320,1.0,assets/product_images/C56YE4769039.jpg,styleship_cdn_pattern+downloaded
C56YM0199105,남성 이스케이프 쓰라이브 울트라 아웃드라이 보아2,ESCAPE™ THRIVE ULTRA™ OUTDRY™ BOA II,,34,34,34,4907800,1.0,assets/product_images/C56YM0199105.jpg,excel_map+downloaded
C65BM6246012,남성 코노스 TRS 아웃드라이,KONOS TRS OUTDRY,,36,36,37,4891640,1.0,assets/product_images/C65BM6246012.jpg,excel_map+downloaded
C55BM0378012,남성 코노스 TRS 아웃드라이,KONOS™ TRS OUTDRY™,,32,32,32,4860830,1.0,assets/product_images/C55BM0378012.jpg,styleship_cdn_pattern+downloaded
C65BM8217091,[공식몰 단독] 남성 이스케이프 쓰라이브 타이타늄 미드 아웃드라이,ESCAPE THRIVE TITANIUM MID OUTDRY,,28,28,28,4841260,1.0,assets/product_images/C65BM8217091.jpg,excel_map+downloaded
C64WR3825278,여성 드랍 릿지 II 인터체인지 자켓,Drop Ridge II Interchange Jacket,,25,25,25,4764340,1.0,assets/product_images/C64WR3825278.jpg,excel_map+downloaded
C54YM3486010,남성 그레타 에비뉴™ 다운 자켓,Ms Greta Avenue™ Down Jacket,,23,23,28,4742750,1.0,assets/product_images/C54YM3486010.jpg,excel_map+downloaded
C54YM3474278,남성 마운틴 후드™ 다운 파카,Ms MT.Hood™ Down Parka,,12,12,12,4718430,1.0,assets/product_images/C54YM3474278.jpg,excel_map+downloaded
C55YU5270349,공용 호쏜 레인 로우 옴니테크 방수 스니커즈,HAWTHORNE™ RAIN LO OMNI-TECH™,,55,55,55,4685040,1.0,assets/product_images/C55YU5270349.jpg,styleship_cdn_pattern+downloaded
C66YU2743256,공용 옐로우테일 쇼티 워터프루프 옴니히트,YELLOWTAIL SHORTY WP OH,,36,36,39,4675110,1.0,assets/product_images/C66YU2743256.jpg,styleship_cdn_pattern+downloaded
C54YL3487581,여성 파운 피크 다운 자켓,Ws Fawn Peak™ Down Jacket,,22,22,22,4580310,1.0,assets/product_images/C54YL3487581.jpg,excel_map+downloaded
C55YM8908292,[공식몰 단독] 남성 쓰라이브 리바이브 샌들,THRIVE™ REVIVE SHANDAL,,36,36,37,4579200,1.0,assets/product_images/C55YM8908292.jpg,styleship_cdn_pattern+downloaded
C66YU0369060,공용 본레 포레스트 20L 패커블 경량 백팩,Bonre Forest 20L Packable Backpack,,84,84,84,4561910,1.0,assets/product_images/C66YU0369060.jpg,excel_map+downloaded
C64XR9092010,여성 미스티 트리즈 II 인터체인지 자켓,Misty Trees II Interchange Jacket,,16,16,16,4555570,1.0,assets/product_images/C64XR9092010.jpg,styleship_cdn_pattern+downloaded
C65YM8908102,남성 이스케이프 쓰라이브 샌들,THRIVE REVIVE SHANDAL,,41,41,41,4555020,1.0,assets/product_images/C65YM8908102.jpg,excel_map+downloaded
C54YM3471397,남성 스노우 타워 레이크™ 다운 자켓,Ms Snow Tower Lake™ Down Jacket,,23,23,25,4542285,1.0,assets/product_images/C54YM3471397.jpg,excel_map+downloaded
C56YR0136258,여성 트랜스트레커 아웃드라이,TRANS TREKKER™ OUTDRY,,30,30,31,4526430,1.0,assets/product_images/C56YR0136258.jpg,styleship_cdn_pattern+downloaded
C55BI5371231,남성 크레스트우드 미드 워터프루프 와이드핏,CRESTWOOD MID WATERPROOF,,47,47,47,4514835,1.0,assets/product_images/C55BI5371231.jpg,styleship_cdn_pattern+downloaded
C65BL0341278,여성 픽프릭 러쉬 샌달,PEAKFREAK RUSH SHANDAL,,43,43,43,4490070,1.0,assets/product_images/C65BL0341278.jpg,excel_map+downloaded
C56YU0154010,공용 헤이지 저니 2 워터프루프,HAZY JOURNEY II WATERPROOF,,40,40,40,4485170,1.0,assets/product_images/C56YU0154010.jpg,excel_map+downloaded
C61XE5850227,남성 센트릴리엄 2.5 레이어 방수 자켓,Centrillium Jacket,,24,24,26,4480490,1.0,assets/product_images/C61XE5850227.jpg,excel_map+downloaded
C65BI9168091,남성 픽프릭 러쉬 아웃드라이 와이드,PEAKFREAK RUSH OUTDRY WIDE,,25,25,26,4475020,1.0,assets/product_images/C65BI9168091.jpg,excel_map+downloaded
C56YU0694010,공용 스트림 투 포크 플리스 리버서블 트래퍼,Stream to Fork™ Fleece Trapper,,100,100,106,4465240,1.0,assets/product_images/C56YU0694010.jpg,excel_map+downloaded
C66BM4131012,남성 픽프릭 러쉬 아웃드라이 미드,PEAKFREAK RUSH MID OUTDRY,,28,28,28,4398980,1.0,assets/product_images/C66BM4131012.jpg,excel_map+downloaded
C54WM3476010,공용 파우더케그 인터체인지 봄버 자켓,Powderkeg™ II Remastered Interchange,,16,16,16,4393233,1.0,assets/product_images/C54WM3476010.jpg,styleship_cdn_pattern+downloaded
C55YU0366010,공용 레드우드™ 30L 뉴 플러스 백팩,REDWOOD™30 N.PLUS BACKPACK,,34,34,34,4360390,1.0,assets/product_images/C55YU0366010.jpg,styleship_cdn_pattern+downloaded
C51WE3507027,남성 앰플리 드라이™ 방수 2.5L 자켓,Ampli-Dry™ II Shell,,29,29,29,4359500,1.0,assets/product_images/C51WE3507027.jpg,styleship_cdn_pattern+downloaded
C55BM6243278,남성 몬트레일 트리니티 MX,MONTRAIL™ TRINITY™ MX,,29,29,31,4333360,1.0,assets/product_images/C55BM6243278.jpg,styleship_cdn_pattern+downloaded
C64XM5107100,[DISNEY] 남성 디즈니 하프 스냅 플리스 티셔츠,M ColumbiaㅣDISNEY Half Snap,,37,37,37,4311120,1.0,assets/product_images/C64XM5107100.jpg,styleship_cdn_pattern+downloaded
C54YM3483010,남성 빅토리아 루프 롱 다운 자켓,Ms Victoria Loop™ Long Down Jacket,,14,14,15,4302980,1.0,assets/product_images/C54YM3483010.jpg,excel_map+downloaded
C56BI7306206,남성 벤슨 와이드,BENSON™ WIDE,,38,38,38,4291510,1.0,assets/product_images/C56BI7306206.jpg,styleship_cdn_pattern+downloaded
C66BI5718089,남성 뉴튼 완다 와이드 미드,NEWTON WANDER WIDE,,36,36,41,4277492,1.0,assets/product_images/C66BI5718089.jpg,excel_map+downloaded
C56BK9165012,여성 스노우트롯 미드 와이드 부츠,SNOWTROT™ MID WIDE,,42,42,42,4275590,1.0,assets/product_images/C56BK9165012.jpg,excel_map+downloaded
C53WE4318010,남성 왈로와™ 소프트쉘 풀이밴드 팬츠,Wallowa™ Softshell Pant,,61,61,71,4258219,1.0,assets/product_images/C53WE4318010.jpg,styleship_cdn_pattern+downloaded
C66YU0369287,본레 포레스트 20L 패커블 경량 백팩,Bonre Forest 20L Packable Backpack,,72,72,78,4252550,1.0,assets/product_images/C66YU0369287.jpg,excel_map+downloaded
C54YM3496010,남성 하이크 보울 코브™ 플리스 자켓,Ms Hike Bowl Cove™ Fleece Jacket,,36,36,36,4232620,1.0,assets/product_images/C54YM3496010.jpg,excel_map+downloaded
C75BK0998096,여성 크레스트우드 미드 워터프루프 와이드핏,CRESTWOOD™ MID WATERPROOF WIDE,,39,39,39,4224070,1.0,assets/product_images/C75BK0998096.jpg,excel_map+downloaded
C56CU1478010,공용 파크뷰™ 플리스 장갑,Park View™ Fleece Glove,,222,222,274,4216080,1.0,assets/product_images/C56CU1478010.jpg,styleship_cdn_pattern+downloaded
C52XE8841370,남성 콜드 베이 대쉬 숏 반팔 라운드 티셔츠,Cold Bay Dash™ Short Sleeve Tee,,107,107,108,4212630,1.0,assets/product_images/C52XE8841370.jpg,styleship_cdn_pattern+downloaded
C51AE4572011,남성 맥스트레일 라이트 컨버터블 팬츠,Maxtrail™ Lite Convertible Pant,,38,38,39,4187720,1.0,assets/product_images/C51AE4572011.jpg,styleship_cdn_pattern+downloaded
C61YM3502010,남성 카우 마운틴 2L 방수 자켓,M's Cow Mountain 2L Jacket,,18,18,18,4178300,1.0,assets/product_images/C61YM3502010.jpg,excel_map+downloaded
C56YU4749352,공용 헨리포크 부츠 OT OHI,HENRYFORK BOOT OT OHI,,37,37,37,4155350,1.0,assets/product_images/C56YU4749352.jpg,excel_map+downloaded
C66YU2743271,공용 옐로우테일 쇼티 WP OH,YELLOWTAIL SHORTY WP OH,,33,33,35,4154420,1.0,assets/product_images/C66YU2743271.jpg,styleship_cdn_pattern+downloaded
C66YE4769010,남성 트랜스트레커 아웃드라이,TRANS TREKKER OUTDRY WIDE,,34,34,34,4114410,1.0,assets/product_images/C66YE4769010.jpg,excel_map+downloaded
C55YU7430191,공용 채드윅 라이트,CHADWICK™ LITE,,42,42,44,4087500,1.0,assets/product_images/C55YU7430191.jpg,styleship_cdn_pattern+downloaded
C56BK5371397,여성 크레스트우드 미드 워터프루프 와이드핏,CRESTWOOD™ MID WATERPROOF WIDE,,39,39,42,4085220,1.0,assets/product_images/C56BK5371397.jpg,excel_map+downloaded
C65YL7787010,여성 이스케이프 쓰라이브 샌들,THRIVE REVIVE SHANDAL,,38,38,38,4077090,1.0,assets/product_images/C65YL7787010.jpg,styleship_cdn_pattern+downloaded
C56YU4947247,공용 스노우피아 처카 옴니테크,SNOWPIA™ CHUKKA OMNI-TECH™,,44,44,44,4072260,1.0,assets/product_images/C56YU4947247.jpg,excel_map+downloaded
C55YM0199054,남성 이스케이프 쓰라이브 울트라 아웃드라이 보아2,ESCAPE™ THRIVE ULTRA™ OUTDRY™ BOA II,,24,24,24,4058190,1.0,assets/product_images/C55YM0199054.jpg,styleship_cdn_pattern+downloaded
C54YM8496010,남성 하이크 보울 코브™ 플리스 조거 팬츠,Ms Hike Bowl Cove™ Fleece Jogger Pants,,42,42,43,4043900,1.0,assets/product_images/C54YM8496010.jpg,excel_map+downloaded
C64XC7077100,[DISNEY] 토들러 디즈니 하프 스냅 플리스 티셔츠,Tot ColumbiaㅣDISNEY Half Snap,,59,59,61,4042870,1.0,assets/product_images/C64XC7077100.jpg,styleship_cdn_pattern+downloaded
C52XE8841011,남성 콜드 베이 대쉬 숏 반팔 라운드 티셔츠,Cold Bay Dash™ Short Sleeve Tee,,96,96,98,4036150,1.0,assets/product_images/C52XE8841011.jpg,styleship_cdn_pattern+downloaded
C66BI0652234,남성 크레스트우드 미드 워터프루프 와이드핏,CRESTWOOD MID WATERPROOF WIDE,,34,34,34,4008770,1.0,assets/product_images/C66BI0652234.jpg,excel_map+downloaded
C64YM3588313,[추영우 착용] 남성 톤토 돔 디터쳐블 다운 자켓,M's Tonto Dome Detachable Down Jacket,,14,14,14,4005400,1.0,assets/product_images/C64YM3588313.jpg,excel_map+downloaded
C75BK8634083,여성 텔루릭스 타이타늄 아웃드라이 와이드,TELLURIX TITANIUM OUTDRY WIDE,,18,18,21,4003120,1.0,assets/product_images/C75BK8634083.jpg,excel_map+downloaded
C55YU0657010,공용 베이스 투 스위프™ 쉐이드 부니,Bay to Sweep™ Shade Booney,,49,49,57,4000330,1.0,assets/product_images/C55YU0657010.jpg,styleship_cdn_pattern+downloaded
C56YU0694319,공용 스트림 투 포크 플리스 리버서블 트래퍼,Stream to Fork™ Fleece Trapper,,92,92,96,3993930,1.0,assets/product_images/C56YU0694319.jpg,excel_map+downloaded
C63PM0537126,[요나스 컬렉션] 공용 레이크 투 에비뉴 그래픽 반팔 티셔츠,Lake To Avenue Graphic Ss Tee,,81,81,85,3982190,1.0,assets/product_images/C63PM0537126.jpg,styleship_cdn_pattern+downloaded
C66YU0367010,공용 레드우드 35L 백팩,REDWOOD35 BACKPACK,,29,29,29,3973150,1.0,assets/product_images/C66YU0367010.jpg,excel_map+downloaded
C52XE8841126,남성 콜드 베이 대쉬 숏 반팔 라운드 티셔츠,Cold Bay Dash™ Short Sleeve Tee,,100,100,104,3964550,1.0,assets/product_images/C52XE8841126.jpg,styleship_cdn_pattern+downloaded
C54XE9996010,남성 타임 투 트레일™ 옴니히트™ 팬츠,Time to Trail™ Omni-Heat™ Pant,,39,39,40,3936850,1.0,assets/product_images/C54XE9996010.jpg,styleship_cdn_pattern+downloaded
C55PU8485397,공용 본레 포레스트™ 20L 패커블 백팩,Bonre Forest™ 20L Packable Backpack,,61,61,65,3931760,1.0,assets/product_images/C55PU8485397.jpg,styleship_cdn_pattern+downloaded
C56YU4749247,공용 헨리포크 부츠 OT OHI,HENRYFORK BOOT OT OHI,,34,34,34,3911360,1.0,assets/product_images/C56YU4749247.jpg,excel_map+downloaded
C75BK0998097,여성 크레스트우드 미드 워터프루프 와이드핏,CRESTWOOD MID WATERPROOF WIDE,,36,36,36,3898510,1.0,assets/product_images/C75BK0998097.jpg,excel_map+downloaded
C54YL8496010,여성 하이크 보울 코브™ 플리스 조거 팬츠,Ws Hike Bowl Cove™ Fleece Jogger Pants,,42,42,42,3857530,1.0,assets/product_images/C54YL8496010.jpg,excel_map+downloaded
C75BI0652231,남성 크레스트우드 미드 워터프루프 와이드핏,CRESTWOOD MID WATERPROOF WIDE,,35,35,35,3851210,1.0,assets/product_images/C75BI0652231.jpg,excel_map+downloaded
C55PU5670010,[공식몰 단독]공용 티핀힐 폴더블 부니,Tiffin Hill™ Foldable Booney,,86,86,89,3844830,1.0,assets/product_images/C55PU5670010.jpg,styleship_cdn_pattern+downloaded
C54AR7330348,여성 헬베시아 II 크롭 하프스냅 플리스 아노락,Helvetia™ II Cropped Half Snap Fleece,,64,64,65,3843220,1.0,assets/product_images/C54AR7330348.jpg,excel_map+downloaded
C64YL3587105,여성 유니온 리버 다운 자켓,Union River Down Jacket,,17,17,17,3842490,1.0,assets/product_images/C64YL3587105.jpg,excel_map+downloaded
C56YU5200273,[공식몰 단독] 공용 호버튜버 옴니테크,HOVERTUBER OMNI-TECH,,51,51,52,3835938,1.0,assets/product_images/C56YU5200273.jpg,excel_map+downloaded
C56YE4769010,남성 트랜스트레커 아웃드라이,TRANS TREKKER™ OUTDRY,,24,24,24,3818570,1.0,assets/product_images/C56YE4769010.jpg,styleship_cdn_pattern+downloaded
C54YL3471679,여성 스노우 타워 레이크™ 다운 자켓,Ws Snow Tower Lake™ Down Jacket,,21,21,21,3805819,1.0,assets/product_images/C54YL3471679.jpg,excel_map+downloaded
C54WR3825607,여성 드랍 릿지 II 인터체인지 자켓,Drop Ridge™ II Interchange Jacket,,19,19,19,3802236,1.0,assets/product_images/C54WR3825607.jpg,excel_map+downloaded
C51AM5287027,남성 랜드로머 카고 셔츠,Landroamer™ Cargo Shirt,,72,72,72,3783570,1.0,assets/product_images/C51AM5287027.jpg,styleship_cdn_pattern+downloaded
C71AR5760127,[공식몰 단독] 여성 헬베시아 II 프린티드 하프스냅 플리스 풀오버,Helvetia II Printed Cropped Half Snap,,51,51,51,3781210,1.0,assets/product_images/C71AR5760127.jpg,excel_map+downloaded
C56BM8261008,남성 뉴튼릿지 베이스캠프,NEWTON RIDGE™ BC,,42,42,42,3770920,1.0,assets/product_images/C56BM8261008.jpg,excel_map+downloaded
C51YM3402082,남성 힐 투 마운틴™ II 2L 방수 자켓,Ms Hill to Mountain™ II 2L Jacket,,20,20,20,3768640,1.0,assets/product_images/C51YM3402082.jpg,styleship_cdn_pattern+downloaded
C64YM8587439,남성 다트 포레스트 코듀로이 팬츠,M's Dart Forest Corduroy Pants,,32,32,32,3765120,1.0,assets/product_images/C64YM8587439.jpg,excel_map+downloaded
C65BL8261252,여성 뉴튼릿지 베이스캠프,NEWTON RIDGE BC,,46,46,46,3739435,1.0,assets/product_images/C65BL8261252.jpg,styleship_cdn_pattern+downloaded
C65YE6448010,남성 트랜스 트레일 워터프루프,TRANS TRAIL WATERPROOF,,21,21,28,3737960,1.0,assets/product_images/C65YE6448010.jpg,excel_map+downloaded
C56PU8721010,공용 타이거 브룩™ 40L 트래블 백팩,Tyger Brook™ 40L Travel Backpack,,24,24,24,3732780,1.0,assets/product_images/C56PU8721010.jpg,excel_map+downloaded
C51AM5287011,남성 랜드로머 카고 셔츠,Landroamer™ Cargo Shirt,,74,74,74,3722390,1.0,assets/product_images/C51AM5287011.jpg,styleship_cdn_pattern+downloaded
C54YL3487626,여성 파운 피크 다운 자켓,Ws Fawn Peak™ Down Jacket,,18,18,18,3715920,1.0,assets/product_images/C54YL3487626.jpg,excel_map+downloaded
C56YU5200191,공용 호버튜버 옴니테크,HOVERTUBER OMNI-TECH,,48,48,49,3708040,1.0,assets/product_images/C56YU5200191.jpg,excel_map+downloaded
C53YM3453010,남성 로스트 마운틴™ 방수 자켓,Ms Lost Mountain™ Jacket,,19,19,19,3676958,1.0,assets/product_images/C53YM3453010.jpg,excel_map+downloaded
C66BK9165012,여성 스노우트롯 미드 와이드 부츠,SNOWTROT MID WIDE,,31,31,32,3674160,1.0,assets/product_images/C66BK9165012.jpg,excel_map+downloaded
C66YU0428010,공용 호버튜버 II 워터프루프,HOVERTUBER II WATERPROOF,,44,44,46,3657250,1.0,assets/product_images/C66YU0428010.jpg,styleship_cdn_pattern+downloaded
C62WE2798010,공용 코브 비치 윈드브레이커 자켓,Cove Beach Windbreaker,,24,24,33,3654480,1.0,assets/product_images/C62WE2798010.jpg,excel_map+downloaded
C51AR9425012,여성 바운더리스 트랙 카고 팬츠,Boundless Trek™ Cargo Pant,,66,66,67,3648070,1.0,assets/product_images/C51AR9425012.jpg,styleship_cdn_pattern+downloaded
C64YM3586010,남성 브릿지 힐 라이트웨이트 자켓,M's Bridge Hill Lightweight Jacket,,20,20,20,3631960,1.0,assets/product_images/C64YM3586010.jpg,excel_map+downloaded
C51AE4572397,남성 맥스트레일 라이트 컨버터블 팬츠,Maxtrail™ Lite Convertible Pant,,34,34,34,3625040,1.0,assets/product_images/C51AE4572397.jpg,styleship_cdn_pattern+downloaded
C46BM6578063,남성 몬트레일 트리니티 FKT,MONTRAIL TRINITY FKT,,38,38,38,3606940,1.0,assets/product_images/C46BM6578063.jpg,styleship_cdn_pattern+downloaded
C65BM0341010,남성 픽프릭 러쉬 샌달,PEAKFREAK RUSH SHANDAL,,40,40,40,3597370,1.0,assets/product_images/C65BM0341010.jpg,excel_map+downloaded
C52YM6422397,남성 피나클 투 에비뉴™ OFZ Ice 폴로,Ms Pinnacle to Avenue™ OFZ Ice Polo,,41,41,41,3593680,1.0,assets/product_images/C52YM6422397.jpg,styleship_cdn_pattern+downloaded
C55BK5371271,여성 크레스트우드 미드 워터프루프 와이드핏,CRESTWOOD MID WATERPROOF,,37,37,38,3592430,1.0,assets/product_images/C55BK5371271.jpg,styleship_cdn_pattern+downloaded
C64YM3596010,남성 스톤 데쉬 플리스 자켓,M's Stone Dash Fleece Jacket,,22,22,23,3583570,1.0,assets/product_images/C64YM3596010.jpg,excel_map+downloaded
C51WE4267011,남성 페인티드 피크™ 윈드 자켓,Painted Peak™ Wind Jacket,,58,58,59,3581930,1.0,assets/product_images/C51WE4267011.jpg,styleship_cdn_pattern+downloaded
C65YU2555338,공용 채드윅 니트,CHADWICK KNIT,,39,39,40,3566380,1.0,assets/product_images/C65YU2555338.jpg,excel_map+downloaded
C66YM0696027,공용 다운 투 다크 트래퍼,Dawn-to-DarkⅡ TRAPPER,,60,60,63,3525820,1.0,assets/product_images/C66YM0696027.jpg,excel_map+downloaded
C64XE0098257,남성 클로브 서밋 경량 패딩 + 방수 인터체인지 자켓,Clove Summit Interchange Jacket,,12,12,12,3514180,1.0,assets/product_images/C64XE0098257.jpg,styleship_cdn_pattern+downloaded
C64XL8880454,[DISNEY] 여성 디즈니 하프 스냅 플리스 티셔츠,W ColumbiaㅣDISNEY Half Snap,,30,30,30,3509010,1.0,assets/product_images/C64XL8880454.jpg,styleship_cdn_pattern+downloaded
C51AR9425352,여성 바운더리스 트랙 카고 팬츠,Boundless Trek™ Cargo Pant,,65,65,65,3507230,1.0,assets/product_images/C51AR9425352.jpg,styleship_cdn_pattern+downloaded
C61YM3513439,남성 대쉬 투 크릭 인슐레이션 자켓,M's Dash to Creek Insulation Jacket,,21,21,21,3506300,1.0,assets/product_images/C61YM3513439.jpg,excel_map+downloaded
C45YL5489102,여성 픽프릭2 아웃드라이 보아,PEAKFREAK™ II OUTDRY™ BOA,,34,34,34,3472590,1.0,assets/product_images/C45YL5489102.jpg,styleship_cdn_pattern+downloaded
C54YM3483366,남성 빅토리아 루프 롱 다운 자켓,Ms Victoria Loop™ Long Down Jacket,,13,13,13,3471975,1.0,assets/product_images/C54YM3483366.jpg,excel_map+downloaded
C54YL3483211,여성 패스 대쉬 포레스트 다운 자켓,Ws Path Dash Forest™Ⅲ Down Jacket,,9,9,9,3459604,1.0,assets/product_images/C54YL3483211.jpg,excel_map+downloaded
C66BI9168091,남성 픽프릭 러쉬 아웃드라이 와이드,PEAKFREAK RUSH OUTDRY WIDE,,23,23,23,3454900,1.0,assets/product_images/C66BI9168091.jpg,excel_map+downloaded
C55BM2858100,남성 코노스 TRS,KONOS™ TRS,,31,31,31,3441145,1.0,assets/product_images/C55BM2858100.jpg,styleship_cdn_pattern+downloaded
C45BM6243010,남성 몬트레일 트리니티 MX,MONTRAIL™ TRINITY™ MX,,24,24,24,3423710,1.0,assets/product_images/C45BM6243010.jpg,styleship_cdn_pattern+downloaded
C56BI7306278,남성 벤슨 와이드핏,BENSON™ WIDE,,34,34,34,3416070,1.0,assets/product_images/C56BI7306278.jpg,excel_map+downloaded
C66CU5879011,공용 인피니티 트레일 바라클라바,Infinity Trail Balaclava,,116,116,140,3415440,1.0,assets/product_images/C66CU5879011.jpg,excel_map+downloaded
C53AP3450010,여성 시커™ 레전드 2.0 티셔츠,Seeker™ Legend 2.0 LS Tee,,114,114,114,3412690,1.0,assets/product_images/C53AP3450010.jpg,excel_map+downloaded
C54WE2476225,남성 스트릿 트래커 2.0 인터체인지 자켓,Street Trekker™ 2.0 Interchange Jacket,,7,7,7,3403260,1.0,assets/product_images/C54WE2476225.jpg,styleship_cdn_pattern+downloaded
C52AE9642011,남성 아이스 레이크 라운드 반팔 티셔츠,Ice Lake™ II SS Tee,,85,85,90,3400650,1.0,assets/product_images/C52AE9642011.jpg,styleship_cdn_pattern+downloaded
C55YL7787271,[공식몰 단독] 여성 쓰라이브 리바이브 샌들,THRIVE™ REVIVE SHANDAL,,29,29,29,3381120,1.0,assets/product_images/C55YL7787271.jpg,styleship_cdn_pattern+downloaded
C75BI1209053,남성 크레스트우드 로우 워터프루프 와이드핏,CRESTWOOD WATERPROOF WIDE,,33,33,33,3364980,1.0,assets/product_images/C75BI1209053.jpg,excel_map+downloaded
C52XE4919010,남성 아덴 폴즈 팬츠,Arden Falls™ Pant,,50,50,50,3353030,1.0,assets/product_images/C52XE4919010.jpg,styleship_cdn_pattern+downloaded
C65YU0367010,공용 레드우드 35L 백팩,REDWOOD35 BACKPACK,,25,25,25,3349610,1.0,assets/product_images/C65YU0367010.jpg,excel_map+downloaded
C65BK9168091,여성 픽프릭 러쉬 아웃드라이 와이드,PEAKFREAK RUSH OUTDRY WIDE,,10,10,19,3349570,1.0,assets/product_images/C65BK9168091.jpg,excel_map+downloaded
C64XM5107454,[DISNEY] 남성 디즈니 하프 스냅 플리스 아노락 티셔츠,M ColumbiaㅣDISNEY Half Snap,,29,29,29,3340280,1.0,assets/product_images/C64XM5107454.jpg,styleship_cdn_pattern+downloaded
C66YU0369397,본레 포레스트 20L 패커블 경량 백팩,Bonre Forest 20L Packable Backpack,,60,60,60,3334800,1.0,assets/product_images/C66YU0369397.jpg,excel_map+downloaded
C46UU0138010,[공식몰 단독] 뉴튼릿지 65L 백팩,Newton Ridge™ 65L Backpack,,22,22,22,3327448,1.0,assets/product_images/C46UU0138010.jpg,styleship_cdn_pattern+downloaded
C64XE9996010,남성 타임 투 트레일 옴니히트 팬츠,Time to Trail Omni-Heat Pant,,29,29,30,3322860,1.0,assets/product_images/C64XE9996010.jpg,styleship_cdn_pattern+downloaded
C66BM2186010,남성 익스페디셔니스트 피크 ODX 부츠,EXPEDITIONIST PEAK ODX,,18,18,18,3320660,1.0,assets/product_images/C66BM2186010.jpg,excel_map+downloaded
C54YL3496249,여성 하이크 보울 코브™ 플리스 자켓,Ws Hike Bowl Cove™ Fleece Jacket,,29,29,29,3319593,1.0,assets/product_images/C54YL3496249.jpg,excel_map+downloaded
C52AE9642027,남성 아이스 레이크 라운드 반팔 티셔츠,Ice Lake™ II SS Tee,,83,83,86,3311280,1.0,assets/product_images/C52AE9642027.jpg,styleship_cdn_pattern+downloaded
C51WR2496010,여성 앰플리 드라이™ 방수 2.5L 자켓,OmniTech™ AmpliDry™ II Shell,,23,23,23,3309650,1.0,assets/product_images/C51WR2496010.jpg,styleship_cdn_pattern+downloaded
C64AE4498349,공용 헬베시아 II 프린티드 하프스냅 플리스 풀오버,Helvetia II Printed Half Snap Fleece,,44,44,44,3308006,1.0,assets/product_images/C64AE4498349.jpg,excel_map+downloaded
C46BM0412255,[공식몰 단독]남성 랜드로머 캠퍼,LANDROAMER CAMPER,,45,45,45,3307130,1.0,assets/product_images/C46BM0412255.jpg,styleship_cdn_pattern+downloaded
C62YM3521439,남성 보이어 하이크 경량 바람막이 패커블 자켓,M's Boyer Hike Jacket,,12,12,21,3305080,1.0,https://assetscdn49.styleship.com/assets/columbia/data/ProductImages/a/4/C62YM3521439.jpg,styleship_cdn_pattern
C65YU0657010,공용 베이스 투 스위프 쉐이드 부니,Bay to Sweep Shade Booney,,55,55,56,3290010,1.0,assets/product_images/C65YU0657010.jpg,excel_map+downloaded
C56YL0199050,여성 이스케이프 쓰라이브 울트라 아웃드라이 보아2,ESCAPE™ THRIVE ULTRA™ OUTDRY™ BOA II,,22,22,23,3287900,1.0,assets/product_images/C56YL0199050.jpg,excel_map+downloaded
C54YM3489299,남성 밸리 투 패스™ 헤비 다운 자켓,Ms Valley to Pass™ Down Jacket,,12,12,12,3280976,1.0,assets/product_images/C54YM3489299.jpg,excel_map+downloaded
C55PU8665221,[공식몰 단독]공용 패나시아 25L 백팩,Panacea™ 25L Backpack,,50,50,60,3277950,1.0,assets/product_images/C55PU8665221.jpg,styleship_cdn_pattern+downloaded
C66YU0368397,공용 더글라스 패스 30L 백팩,DUGLAS PASS 30 BACKPACK,,33,33,33,3277257,1.0,assets/product_images/C66YU0368397.jpg,excel_map+downloaded
C54YL3481299,여성 체리 크레스트 다운 자켓,Ws Cherry Crest™ Down Jacket,,16,16,16,3275760,1.0,assets/product_images/C54YL3481299.jpg,excel_map+downloaded
C54AE4498366,남성 헬베시아 II 프린티드 하프스냅 플리스 아노락,Helvetia™ II Printed Half Snap Fleece,,45,45,45,3272200,1.0,assets/product_images/C54AE4498366.jpg,excel_map+downloaded
C64AE4498225,공용 헬베시아 II 프린티드 하프스냅 플리스 풀오버,Helvetia II Printed Half Snap Fleece,,45,45,45,3265630,1.0,assets/product_images/C64AE4498225.jpg,excel_map+downloaded
C54XC4893193,[DISNEY] 토틀러 미키와 친구들 하프 스냅 플리스,Tot CSC x Disney Mickey & Friends Half Snap Fleece,,52,52,53,3263300,1.0,https://assetscdn49.styleship.com/assets/columbia/data/ProductImages/a/4/C54XC4893193.jpg,styleship_cdn_pattern
C52XE4476464,남성 제로 아이스 시에로-쿨 폴로 반팔 티셔츠,Zero Ice Cirro-Cool™ Polo,,57,57,58,3251810,1.0,assets/product_images/C52XE4476464.jpg,styleship_cdn_pattern+downloaded
C64YM7587439,남성 다트 포레스트 코듀로이 셔츠,M's Dart Forest Corduroy Shirts,,26,26,27,3240200,1.0,assets/product_images/C64YM7587439.jpg,excel_map+downloaded
C54YM3489043,남성 밸리 투 패스™ 헤비 다운 자켓,Ms Valley to Pass™ Down Jacket,,12,12,12,3240140,1.0,assets/product_images/C54YM3489043.jpg,excel_map+downloaded
C65BI7306206,남성 벤슨 와이드,BENSON WIDE,,38,38,38,3233030,1.0,assets/product_images/C65BI7306206.jpg,styleship_cdn_pattern+downloaded
C66PU8712010,공용 페퍼락 23L 백팩,Pepper Rock 23L Backpack,,53,53,54,3233026,1.0,assets/product_images/C66PU8712010.jpg,styleship_cdn_pattern+downloaded
C64XR9829010,여성 타임 투 트레일 옴니히트 팬츠,W Time to Trail Heat Pant,,35,35,36,3227523,1.0,assets/product_images/C64XR9829010.jpg,styleship_cdn_pattern+downloaded
C65PU8709010,공용 패나시아 30L 백팩,Panacea 30L Backpack,,50,50,50,3219540,1.0,https://assetscdn49.styleship.com/assets/columbia/data/ProductImages/a/4/C65PU8709010.jpg,styleship_cdn_pattern
C54WE6671397,공용 캐스케이드 인터체인지 자켓,Cascade Peak™ VI Interchange Jacket,,12,12,12,3209660,1.0,assets/product_images/C54WE6671397.jpg,excel_map+downloaded
C56YL0199105,여성 이스케이프 쓰라이브 울트라 아웃드라이 보아2,ESCAPE™ THRIVE ULTRA™ OUTDRY™ BOA II,,23,23,23,3205935,1.0,assets/product_images/C56YL0199105.jpg,excel_map+downloaded
C64WR9847278,[공식몰 단독] 여성 어메이즈 퍼프 후디드 다운자켓,Amaze Puff Hooded Jacket,,14,14,14,3196820,1.0,assets/product_images/C64WR9847278.jpg,styleship_cdn_pattern+downloaded
C52XE4476010,남성 제로 아이스 시에로-쿨 폴로 반팔 티셔츠,Zero Ice Cirro-Cool™ Polo,,55,55,59,3191860,1.0,assets/product_images/C52XE4476010.jpg,styleship_cdn_pattern+downloaded
C54XM8691010,[STAR WARS] 공용 베이더 3L 인터체인지 자켓,VADER™ 3L Interchange Jacket,,5,5,5,3188990,1.0,assets/product_images/C54XM8691010.jpg,excel_map+downloaded
C54XR9829010,여성 타임 투 트레일™ 옴니히트™ 팬츠,W Time to Trail™ Omni-Heat™ Pant,,34,34,34,3181620,1.0,assets/product_images/C54XR9829010.jpg,styleship_cdn_pattern+downloaded
C44EE0371278,공용 헬베시아™ 하프 스냅 플리스 티셔츠,Helvetia™ Half Snap Fleece,,45,45,54,3175070,1.0,assets/product_images/C44EE0371278.jpg,styleship_cdn_pattern+downloaded
C52XE8841252,남성 콜드 베이 대쉬 숏 반팔 라운드 티셔츠,Cold Bay Dash™ Short Sleeve Tee,,78,78,79,3162310,1.0,assets/product_images/C52XE8841252.jpg,styleship_cdn_pattern+downloaded
C64YL3582010,여성 애플 리버 다운 자켓,W's Apple River Down Jacket,,13,13,13,3159970,1.0,assets/product_images/C64YL3582010.jpg,excel_map+downloaded
C64YM3583035,공용 롤링 콘 롱 다운 자켓,M's Rolling Cone Long Down Jacket,,8,8,8,3155270,1.0,https://assetscdn49.styleship.com/assets/columbia/data/ProductImages/a/4/C64YM3583035.jpg,styleship_cdn_pattern
C65BM8261008,남성 뉴튼릿지 베이스캠프,NEWTON RIDGE BC,,38,38,38,3147365,1.0,assets/product_images/C65BM8261008.jpg,styleship_cdn_pattern+downloaded
C55YU6322010,공용 헤이지 저니 워터프루프,HAZY JOURNEY™ WATERPROOF,,25,25,26,3138990,1.0,https://assetscdn49.styleship.com/assets/columbia/data/ProductImages/a/4/C55YU6322010.jpg,styleship_cdn_pattern
C64WE0604429,남성 실버 리프 라이트 하이브리드 후디드 인슐레이션 자켓,Silver Leaf Lite Hooded Jacket,,12,12,19,3138002,1.0,assets/product_images/C64WE0604429.jpg,styleship_cdn_pattern+downloaded
C65PU8721010,공용 타이거 브룩 40L 트래블 백팩,Tyger Brook 40L Travel Backpack,,20,20,20,3132570,1.0,assets/product_images/C65PU8721010.jpg,styleship_cdn_pattern+downloaded
C64AR5760256,[공식몰 단독] 여성 헬베시아 II 프린티드 하프스냅 플리스 풀오버,Helvetia II Printed Cropped Half Snap,,43,43,43,3125260,1.0,assets/product_images/C64AR5760256.jpg,styleship_cdn_pattern+downloaded
C55DE3668011,남성 트랜스트레커,TRANS TREKKER™ WIDE,,23,23,24,3124590,1.0,assets/product_images/C55DE3668011.jpg,styleship_cdn_pattern+downloaded
C45YU5529100,공용 호쏜 레인 로우 III,HAWTHORNE™ RAIN LO III WATERPROOF,,56,56,58,3120780,1.0,assets/product_images/C45YU5529100.jpg,styleship_cdn_pattern+downloaded
C45BI5371005,남성 크레스트우드 미드 워터프루프 와이드핏,CRESTWOOD™ MID WATERPROOF WIDE,,36,36,37,3119005,1.0,assets/product_images/C45BI5371005.jpg,styleship_cdn_pattern+downloaded
C66YU5200010,공용 호버튜버 옴니테크,HOVERTUBER OMNI-TECH,,44,44,44,3117850,1.0,assets/product_images/C66YU5200010.jpg,excel_map+downloaded
C54YL3473191,여성 앤 스트림™ 다운 자켓,Ws Anne Stream™ Down Jacket,,10,10,10,3116544,1.0,assets/product_images/C54YL3473191.jpg,excel_map+downloaded
C66YE6448010,남성 트랜스 트레일 워터프루프,TRANS TRAIL WATERPROOF,,27,27,28,3115940,1.0,assets/product_images/C66YE6448010.jpg,excel_map+downloaded
C44AE2155415,공용 백볼™ 리마스터드 플리스 자켓,Backbowl™ Remastered Fleece,,35,35,42,3114420,1.0,assets/product_images/C44AE2155415.jpg,styleship_cdn_pattern+downloaded
C54YM3496211,남성 하이크 보울 코브™ 플리스 자켓,Ms Hike Bowl Cove™ Fleece Jacket,,27,27,27,3113030,1.0,assets/product_images/C54YM3496211.jpg,excel_map+downloaded
C54YL3481010,여성 체리 크레스트 다운 자켓,Ws Cherry Crest™ Down Jacket,,16,16,16,3105450,1.0,assets/product_images/C54YL3481010.jpg,excel_map+downloaded
C56UU4597352,공용 트리플캐니언™ 백팩,Triple Canyon™ 24L Backpack,,19,19,30,3098440,1.0,assets/product_images/C56UU4597352.jpg,excel_map+downloaded
C56BM6243278,남성 몬트레일 트리니티 MX,MONTRAIL™ TRINITY™ MX,,24,24,24,3092185,1.0,assets/product_images/C56BM6243278.jpg,excel_map+downloaded
C43WE4686010,남성 익스플로러스 엣지™ 방수 패딩 자켓,Explorer's Edge™ Insulated Jacket,,25,25,25,3089100,1.0,assets/product_images/C43WE4686010.jpg,styleship_cdn_pattern+downloaded
C62XE3513010,남성 글레시얼 비스타 그래픽 티셔츠,Glacial Vista Graphic Tee,,76,76,77,3078960,1.0,assets/product_images/C62XE3513010.jpg,excel_map+downloaded
C61AR0356348,여성 실버릿지 3.0 긴팔 셔츠,Silver Ridge 3.0 LS,,17,17,40,3072300,1.0,assets/product_images/C61AR0356348.jpg,excel_map+downloaded
C55BL2858082,여성 코노스 TRS,KONOS™ TRS,,27,27,27,3064210,1.0,assets/product_images/C55BL2858082.jpg,styleship_cdn_pattern+downloaded
C66YM0659010,공용 트레일 투 브러쉬 부니,Trail to Brush Booney,,16,16,79,3062200,1.0,assets/product_images/C66YM0659010.jpg,excel_map+downloaded
C54AE3788075,남성 마블 캐니언™ 오버레이 후디 티셔츠,Marble Canyon™ Overlay Hoodie,,64,64,65,3057190,1.0,assets/product_images/C54AE3788075.jpg,styleship_cdn_pattern+downloaded
C62XE2326270,남성 클레어몬트II 경량 바람막이 자켓,Clearmont II Jacket,,11,11,39,3054610,1.0,assets/product_images/C62XE2326270.jpg,excel_map+downloaded
C64YM8578010,남성 니나 트레일 인슐레이션 스트레이트 팬츠,M's Nina Trail Insulation Straight Pants,,20,20,20,3045673,1.0,assets/product_images/C64YM8578010.jpg,excel_map+downloaded
C52YM6422010,남성 피나클 투 에비뉴™ OFZ Ice 폴로,Ms Pinnacle to Avenue™ OFZ Ice Polo,,33,33,35,3041620,1.0,assets/product_images/C52YM6422010.jpg,styleship_cdn_pattern+downloaded
C65YL7787102,여성 이스케이프 쓰라이브 샌들,THRIVE REVIVE SHANDAL,,28,28,28,3037020,1.0,assets/product_images/C65YL7787102.jpg,excel_map+downloaded
C66YU4749247,공용 헨리포크 부츠 OT OHI,HENRYFORK BOOT OT OHI,,29,29,29,3031130,1.0,assets/product_images/C66YU4749247.jpg,excel_map+downloaded
C52AM4540011,남성 페인티드 피크 쇼츠,Painted Peak™ Short,,60,60,60,3016980,1.0,assets/product_images/C52AM4540011.jpg,styleship_cdn_pattern+downloaded
C52FM7047160,공용 PFG 바하마™II 반팔 셔츠,Bahama™ II S/S Shirt,,44,44,44,3016960,1.0,https://assetscdn49.styleship.com/assets/columbia/data/ProductImages/a/4/C52FM7047160.jpg,styleship_cdn_pattern
C55BM0378010,남성 코노스 TRS 아웃드라이,KONOS™ TRS OUTDRY™,,22,22,22,3010940,1.0,assets/product_images/C55BM0378010.jpg,styleship_cdn_pattern+downloaded
C65YL0199050,여성 이스케이프 쓰라이브 울트라 아웃드라이 보아2,ESCAPE THRIVE ULTRA OUTDRY BOA II,,22,22,23,3000550,1.0,assets/product_images/C65YL0199050.jpg,styleship_cdn_pattern+downloaded
C65BL8261029,여성 뉴튼릿지 베이스캠프,NEWTON RIDGE BC,,36,36,36,2999460,1.0,https://assetscdn49.styleship.com/assets/columbia/data/ProductImages/a/4/C65BL8261029.jpg,styleship_cdn_pattern
C52AE5590010,남성 타이타늄 서크 리버 라운드 티셔츠,Cirque River™ LS Crew,,56,56,61,2998320,1.0,assets/product_images/C52AE5590010.jpg,styleship_cdn_pattern+downloaded
C64XY7077454,[DISNEY] 키즈 디즈니 하프 스냅 플리스 티셔츠,Y ColumbiaㅣDISNEY Half Snap,,37,37,40,2996000,1.0,https://assetscdn49.styleship.com/assets/columbia/data/ProductImages/a/4/C64XY7077454.jpg,styleship_cdn_pattern
C54YL8473010,여성 먼데이 하버™ 스트레이트 팬츠,W's Monday Harbor™ Lining Stright Pants,,29,29,29,2993900,1.0,assets/product_images/C54YL8473010.jpg,excel_map+downloaded
C65BI9168005,남성 픽프릭 러쉬 아웃드라이 와이드,PEAKFREAK RUSH OUTDRY WIDE,,17,17,17,2987970,1.0,assets/product_images/C65BI9168005.jpg,excel_map+downloaded
C62YM6537191,[추영우 착용] 남성 코브 투 애비뉴 옴니프리즈 제로 아이스 플러스 크루 티셔츠,M's Cove to Avenue OFZ ICE+ Crew,,66,66,66,2983840,1.0,assets/product_images/C62YM6537191.jpg,excel_map+downloaded
C75YE6448010,남성 트랜스 트레일 워터프루프,TRANS TRAIL WATERPROOF,,24,24,25,2982530,1.0,assets/product_images/C75YE6448010.jpg,excel_map+downloaded
C53XO6631010,[Disney] 공용 미키마우스 아이벡스™ 레인 방수 자켓,CSC x Disney Mickey Mouse Ibex™ Rain Shell,,10,10,10,2982160,1.0,assets/product_images/C53XO6631010.jpg,styleship_cdn_pattern+downloaded
C64XM4179313,[스타워즈] 남성 엔도어 리버서블 자켓,Endor Issue Reversible Jacket,,10,10,10,2981500,1.0,assets/product_images/C64XM4179313.jpg,excel_map+downloaded
C64YM8596010,남성 스톤 데쉬 플리스 스트레이트 팬츠,M's Stone Dash Fleece Straight Pants,,24,24,24,2975720,1.0,assets/product_images/C64YM8596010.jpg,excel_map+downloaded
C66BM6246012,남성 코노스 TRS 아웃드라이,KONOS TRS OUTDRY,,24,24,24,2975060,1.0,assets/product_images/C66BM6246012.jpg,excel_map+downloaded
C64AE4498491,[공식몰 단독] 공용 헬베시아 II 프린티드 하프스냅 플리스 풀오버,Helvetia II Printed Half Snap Fleece,,39,39,39,2964470,1.0,assets/product_images/C64AE4498491.jpg,styleship_cdn_pattern+downloaded
C51AE4190010,남성 블랙메사 테이퍼드핏 팬츠,Black Mesa™ Tapered Pant,,49,49,50,2947680,1.0,assets/product_images/C51AE4190010.jpg,styleship_cdn_pattern+downloaded
C54WR9293224,여성 롱혼 릿지 리버서블 셔켓,Longhorn Ridge™ Reversible Shirt Jacket,,26,26,35,2939874,1.0,assets/product_images/C54WR9293224.jpg,styleship_cdn_pattern+downloaded
C64YL3571010,여성 아보카 트레일 경량 다운 자켓,W's Avoca Trail Down Jacket,,14,14,14,2935780,1.0,assets/product_images/C64YL3571010.jpg,excel_map+downloaded
C66CU5224010,공용 잭 그릭 트래퍼 햇,Jack Creek Trapper Hat,,71,71,75,2933630,1.0,assets/product_images/C66CU5224010.jpg,styleship_cdn_pattern+downloaded
C53AE9081010,남성 왈로와™ 플리스 스웨트팬츠,Wallowa™ Fleece Sweatpant,,51,51,51,2929380,1.0,assets/product_images/C53AE9081010.jpg,styleship_cdn_pattern+downloaded
C52WE9484349,[공식몰 단독]남성 루프 트레일 바람막이 방풍 자켓,Loop Trail™ II Windbreaker,,19,19,24,2929259,1.0,assets/product_images/C52WE9484349.jpg,styleship_cdn_pattern+downloaded
C62XE8841371,공용 콜드 베이 대쉬 그래픽 반팔 티셔츠,Cold Bay Dash Short Sleeve Tee,,82,82,82,2920820,1.0,assets/product_images/C62XE8841371.jpg,excel_map+downloaded
C56YM1086247,남성 플라토 벤쳐 워터프루프 보아,PLATEAU VENTURE WP BOA,,21,21,25,2920040,1.0,assets/product_images/C56YM1086247.jpg,excel_map+downloaded
C64YM8587211,남성 다트 포레스트 코듀로이 팬츠,M's Dart Forest Corduroy Pants,,26,26,26,2915670,1.0,assets/product_images/C64YM8587211.jpg,excel_map+downloaded
C55BI7306010,남성 벤슨 와이드핏,BENSON™ WIDE,,9,9,24,2897080,1.0,https://assetscdn49.styleship.com/assets/columbia/data/ProductImages/a/4/C55BI7306010.jpg,styleship_cdn_pattern
C52FM7047316,공용 PFG 바하마™II 반팔 셔츠,Bahama™ II S/S Shirt,,40,40,40,2883250,1.0,assets/product_images/C52FM7047316.jpg,styleship_cdn_pattern+downloaded
C64XR9092191,여성 미스티 트리즈 II 인터체인지 자켓,Misty Trees II Interchange Jacket,,10,10,10,2873440,1.0,assets/product_images/C64XR9092191.jpg,styleship_cdn_pattern+downloaded
C56BM8261397,남성 뉴튼릿지 베이스캠프,NEWTON RIDGE™ BC,,31,31,31,2869900,1.0,https://assetscdn49.styleship.com/assets/columbia/data/ProductImages/a/4/C56BM8261397.jpg,styleship_cdn_pattern
C54XE9996028,남성 타임 투 트레일™ 옴니히트™ 팬츠,Time to Trail™ Omni-Heat™ Pant,,31,31,31,2858840,1.0,assets/product_images/C54XE9996028.jpg,styleship_cdn_pattern+downloaded
C72AE5094011,공용 애커 록 컨버터블 팬츠,Acker Rock Convertible Pant,,22,22,24,2856990,1.0,assets/product_images/C72AE5094011.jpg,excel_map+downloaded
C65YU0367346,공용 레드우드 35L 백팩,REDWOOD35 BACKPACK,,21,21,21,2835110,1.0,assets/product_images/C65YU0367346.jpg,excel_map+downloaded
C61XE2738028,남성 글레시얼 비스타 긴팔 쿨링 셔츠,Glacial Vista Long Sleeve Shirt,,38,38,38,2833920,1.0,assets/product_images/C61XE2738028.jpg,excel_map+downloaded
C54AE5057010,남성 크리스탈리프™ 옴니히트™ 헬릭스 하프집 티셔츠,Crystal Leaf™ Omni-Heat™ Helix Half Zip,,40,40,40,2832310,1.0,assets/product_images/C54AE5057010.jpg,excel_map+downloaded
C71XE9920464,공용 센트릴리엄 II 3 레이어 방수 자켓,Centrillium II Jacket,,13,13,13,2831190,1.0,assets/product_images/C71XE9920464.jpg,excel_map+downloaded
C45YU7430373,공용 채드윅 라이트,CHADWICK™ LITE,,29,29,30,2818810,1.0,assets/product_images/C45YU7430373.jpg,styleship_cdn_pattern+downloaded
C64WE6671278,공용 캐스케이드 인터체인지 자켓,Cascade Peak VI Interchange Jacket,,8,8,8,2813670,1.0,assets/product_images/C64WE6671278.jpg,excel_map+downloaded
C52YM1421010,공용 머디 비치 베스트,Muddy Beach™ Vest,,26,26,26,2812900,1.0,https://assetscdn49.styleship.com/assets/columbia/data/ProductImages/a/4/C52YM1421010.jpg,styleship_cdn_pattern
C56PU8709221,공용 패나시아 30L 백팩,Panacea™ 30L Backpack,,46,46,46,2796790,1.0,https://assetscdn49.styleship.com/assets/columbia/data/ProductImages/a/4/C56PU8709221.jpg,styleship_cdn_pattern
C51WE2636011,남성 페인티드 피크 윈드 바지,Painted Peak™ Wind Pant,,54,54,56,2792980,1.0,assets/product_images/C51WE2636011.jpg,styleship_cdn_pattern+downloaded
C51YM3402010,남성 힐 투 마운틴™ II 2L 방수 자켓,Ms Hill to Mountain™ II 2L Jacket,,15,15,15,2788830,1.0,assets/product_images/C51YM3402010.jpg,styleship_cdn_pattern+downloaded
C56PU8663010,공용 케슬락 20L 백팩,Castle Rock™ 20L Backpack II,,37,37,37,2785740,1.0,assets/product_images/C56PU8663010.jpg,excel_map+downloaded
C54WR9860224,여성 로로 패스 인터체인지 자켓,Lolo Pass™ Interchange Jacket,,13,13,13,2782470,1.0,assets/product_images/C54WR9860224.jpg,excel_map+downloaded
C66YU0154191,공용 헤이지 저니 2 워터프루프,HAZY JOURNEY II WATERPROOF,,24,24,26,2779260,1.0,assets/product_images/C66YU0154191.jpg,excel_map+downloaded
C51WE5795010,공용 텐 폴스 방수 아노락 판초,Ten Falls™ Poncho,,34,34,34,2775700,1.0,assets/product_images/C51WE5795010.jpg,styleship_cdn_pattern+downloaded
C43WE4686257,남성 익스플로러스 엣지™ 방수 패딩 자켓,Explorer's Edge™ Insulated Jacket,,24,24,24,2774300,1.0,assets/product_images/C43WE4686257.jpg,styleship_cdn_pattern+downloaded
C55DE3668102,남성 트랜스트레커,TRANS TREKKER™ WIDE,,20,20,21,2773330,1.0,assets/product_images/C55DE3668102.jpg,styleship_cdn_pattern+downloaded
C54YL3482105,여성 클라우드 비치 롱 다운 자켓,Ws Cloud Beach™ Long Down Jacket,,9,9,9,2769640,1.0,https://assetscdn49.styleship.com/assets/columbia/data/ProductImages/a/4/C54YL3482105.jpg,styleship_cdn_pattern
C75YU0367010,공용 레드우드 35L 백팩,REDWOOD™35 BACKPACK,,21,21,21,2745900,1.0,assets/product_images/C75YU0367010.jpg,excel_map+downloaded
C53WE4318084,남성 왈로와™ 소프트쉘 풀이밴드 팬츠,Wallowa™ Softshell Pant,,48,48,50,2744940,1.0,assets/product_images/C53WE4318084.jpg,styleship_cdn_pattern+downloaded
C54YL8485381,여성 코말 포크 인슐레이션 와이드 경량 패딩 팬츠,W's Comal Fork™ Insulation Wide Pants,,27,27,27,2739960,1.0,assets/product_images/C54YL8485381.jpg,excel_map+downloaded
C55BI7306278,남성 벤슨 와이드핏,BENSON™ WIDE,,24,24,24,2737290,1.0,https://assetscdn49.styleship.com/assets/columbia/data/ProductImages/a/4/C55BI7306278.jpg,styleship_cdn_pattern
C61YM3513011,남성 대쉬 투 크릭 인슐레이션 자켓,M's Dash to Creek Insulation Jacket,,17,17,17,2727570,1.0,assets/product_images/C61YM3513011.jpg,excel_map+downloaded
C55UU4597010,[공식몰 단독]공용 트리플캐니언™ 백팩,Triple Canyon™ Backpack,,28,28,29,2720890,1.0,https://assetscdn49.styleship.com/assets/columbia/data/ProductImages/a/4/C55UU4597010.jpg,styleship_cdn_pattern
C71AE4498227,[공식몰 단독] 공용 헬베시아 II 프린티드 하프스냅 플리스 풀오버,Helvetia II Printed Half Snap Fleece,,38,38,38,2719330,1.0,assets/product_images/C71AE4498227.jpg,excel_map+downloaded
C66BK5371271,여성 크레스트우드 미드 워터프루프 와이드핏,CRESTWOOD MID WATERPROOF,,22,22,22,2716040,1.0,https://assetscdn49.styleship.com/assets/columbia/data/ProductImages/a/4/C66BK5371271.jpg,styleship_cdn_pattern
C54AR3793224,여성 클라우드 포인트™ 스냅 플리스 자켓,Cloud Point™ Snap Fleece,,34,34,34,2714410,1.0,https://assetscdn49.styleship.com/assets/columbia/data/ProductImages/a/4/C54AR3793224.jpg,styleship_cdn_pattern
C54AE0596010,남성 세콰이아 그로브™ 플리스 자켓,Sequoia Grove™ Full Zip Fleece,,47,47,47,2704590,1.0,assets/product_images/C54AE0596010.jpg,styleship_cdn_pattern+downloaded
C53FM8161010,남성 PFG 맥킨지 리버™ 자켓,PFG Mackenzie River™ Jacket,,12,12,18,2696256,1.0,https://assetscdn49.styleship.com/assets/columbia/data/ProductImages/a/4/C53FM8161010.jpg,styleship_cdn_pattern
C56YU0154433,[공식몰 단독] 공용 헤이지 저니 2 워터프루프 방수 스니커즈,HAZY JOURNEY II WATERPROOF,,32,32,33,2692850,1.0,assets/product_images/C56YU0154433.jpg,excel_map+downloaded
C63XM8484254,[스타워즈] 남성 엔도어 이슈 카고 자켓,Endor Issue Cargo Jacket,,9,9,9,2684160,1.0,assets/product_images/C63XM8484254.jpg,excel_map+downloaded
C53XM9968010,[스타워즈] 공용 베이더 후디 티셔츠,VADER™ Hoodie,,17,17,17,2675190,1.0,https://assetscdn49.styleship.com/assets/columbia/data/ProductImages/a/4/C53XM9968010.jpg,styleship_cdn_pattern
C52XE4919347,남성 아덴 폴즈 팬츠,Arden Falls™ Pant,,40,40,41,2673560,1.0,assets/product_images/C52XE4919347.jpg,styleship_cdn_pattern+downloaded
C56XU6343010,[STAR WARS] 공용 베이더 크로스 백,VADER™ Crossbody Bag,,39,39,40,2672100,1.0,https://assetscdn49.styleship.com/assets/columbia/data/ProductImages/a/4/C56XU6343010.jpg,styleship_cdn_pattern
C65BM8261397,남성 뉴튼릿지 베이스캠프,NEWTON RIDGE BC,,32,32,32,2662790,1.0,https://assetscdn49.styleship.com/assets/columbia/data/ProductImages/a/4/C65BM8261397.jpg,styleship_cdn_pattern
C51WR4658262,여성 필드 크릭™ 프레져™ 2.5L 방수 크롭 자켓,W Field Creek™ Fraser™ Cropped Shell,,18,18,18,2662330,1.0,https://assetscdn49.styleship.com/assets/columbia/data/ProductImages/a/4/C51WR4658262.jpg,styleship_cdn_pattern
C54PM0372010,남성 스파이어 투 돔™ 다운 자켓,Spire to Dome™ Down Jacket,,6,6,6,2643500,1.0,assets/product_images/C54PM0372010.jpg,excel_map+downloaded
C55BM8043010,남성 쓰라이브 리바이브 슬라이드,THRIVE™ REVIVE,,59,59,60,2641540,1.0,assets/product_images/C55BM8043010.jpg,styleship_cdn_pattern+downloaded
C55YU5270469,공용 호쏜 레인 로우 옴니테크 방수 스니커즈,HAWTHORNE™ RAIN LO OMNI-TECH™,,37,37,37,2628810,1.0,assets/product_images/C55YU5270469.jpg,styleship_cdn_pattern+downloaded
C66BK0998096,여성 크레스트우드 미드 워터프루프 와이드핏,CRESTWOOD MID WATERPROOF WIDE,,22,22,22,2624480,1.0,https://assetscdn49.styleship.com/assets/columbia/data/ProductImages/a/4/C66BK0998096.jpg,styleship_cdn_pattern
C52XE4919257,남성 아덴 폴즈 팬츠,Arden Falls™ Pant,,41,41,41,2621680,1.0,assets/product_images/C52XE4919257.jpg,styleship_cdn_pattern+downloaded
C75YU0369060,공용 본레 포레스트 20L 패커블 경량 백팩,Bonre Forest 20L Packable Backpack,,49,49,49,2618310,1.0,assets/product_images/C75YU0369060.jpg,excel_map+downloaded
C63XM5806342,[스타워즈] 남성 엔도어 이슈 카고 베스트,Endor Issue Cargo Vest,,11,11,11,2615990,1.0,assets/product_images/C63XM5806342.jpg,excel_map+downloaded
C54WE8837366,남성 발리스틱 릿지 인슐레이션 셔켓,Ballistic Ridge™ II Shirt Jacket,,18,18,27,2613890,1.0,assets/product_images/C54WE8837366.jpg,styleship_cdn_pattern+downloaded
C52XM5671010,남성 써머드라이 워터 쇼츠,Summerdry™ II Short,,81,81,82,2598770,1.0,assets/product_images/C52XM5671010.jpg,styleship_cdn_pattern+downloaded
C63AR4742010,여성 브리 폴스 코튼 립스탑 카고 팬츠,Brea Falls Cotton Ripstop Pant,,35,35,35,2589208,1.0,assets/product_images/C63AR4742010.jpg,styleship_cdn_pattern+downloaded
C55BM6283469,남성 캐스트백 TC PFG,CASTBACK™ TC PFG™,,24,24,24,2587770,1.0,https://assetscdn49.styleship.com/assets/columbia/data/ProductImages/a/4/C55BM6283469.jpg,styleship_cdn_pattern
C55YM1086011,남성 플라토 벤쳐 워터프루프 보아,PLATEAU VENTURE WP BOA,,23,23,23,2587530,1.0,assets/product_images/C55YM1086011.jpg,styleship_cdn_pattern+downloaded
C65BK9168010,여성 픽프릭 러쉬 아웃드라이 와이드,PEAKFREAK RUSH OUTDRY WIDE,,16,16,16,2573510,1.0,assets/product_images/C65BK9168010.jpg,excel_map+downloaded
C63YM3593010,공용 365 트랙 2L 방수자켓,365 TREK 2L Rain Jacket,,7,7,8,2569710,1.0,assets/product_images/C63YM3593010.jpg,excel_map+downloaded
C64WR6910461,여성 아틱 크레스트 경량 후드 구스 다운자켓,Arctic Crest Down Hooded Jacket,,8,8,8,2564320,1.0,assets/product_images/C64WR6910461.jpg,styleship_cdn_pattern+downloaded
C44AE8545011,공용 헬베시아 플리스 베스트,Helvetia™ Vest,,59,59,66,2554710,1.0,assets/product_images/C44AE8545011.jpg,styleship_cdn_pattern+downloaded
C65YU2555214,공용 채드윅 니트,CHADWICK KNIT,,30,30,30,2551920,1.0,assets/product_images/C65YU2555214.jpg,excel_map+downloaded
C54AR3793278,여성 클라우드 포인트™ 스냅 플리스 자켓,Cloud Point™ Snap Fleece,,31,31,31,2550800,1.0,assets/product_images/C54AR3793278.jpg,styleship_cdn_pattern+downloaded
C55DR3668278,여성 트랜스트레커,TRANS TREKKER™ WIDE,,19,19,19,2550640,1.0,assets/product_images/C55DR3668278.jpg,styleship_cdn_pattern+downloaded
C55YU6327452,공용 호쏜 레인 로우 방수 스니커즈,HAWTHORNE™ RAIN LO,,27,27,27,2538370,1.0,assets/product_images/C55YU6327452.jpg,styleship_cdn_pattern+downloaded
C75BI0652014,남성 크레스트우드 미드 워터프루프 와이드핏,CRESTWOOD™ MID WATERPROOF WIDE,,22,22,23,2533590,1.0,https://assetscdn49.styleship.com/assets/columbia/data/ProductImages/a/4/C75BI0652014.jpg,styleship_cdn_pattern
C51AE3482348,여성 서밋 밸리 우븐 셔츠,Summit Valley™ Woven Long Sleeve Shirt,,36,36,41,2528110,1.0,https://assetscdn49.styleship.com/assets/columbia/data/ProductImages/a/4/C51AE3482348.jpg,styleship_cdn_pattern
C75BM1935010,남성 PFG 프로 스포츠 레인 부츠,PFG PRO SPORT BOOT,,18,18,18,2524050,1.0,assets/product_images/C75BM1935010.jpg,excel_map+downloaded
C52AE8827278,[공식몰 단독]남성 노스 패시지 그래픽 반팔 티셔츠,North Passage™ II Graphic SS Tee,,89,89,91,2510820,1.0,assets/product_images/C52AE8827278.jpg,styleship_cdn_pattern+downloaded
C53AP3450292,여성 시커™ 레전드 2.0 티셔츠,Seeker™ Legend 2.0 LS Tee,,82,82,83,2506580,1.0,assets/product_images/C53AP3450292.jpg,excel_map+downloaded
C66YU4947010,공용 스노우피아 처카 옴니테크 부츠,SNOWPIA CHUKKA OMNI-TECH,,30,30,31,2496130,1.0,assets/product_images/C66YU4947010.jpg,excel_map+downloaded
C51YM3402487,남성 힐 투 마운틴™ II 2L 방수 자켓,Ms Hill to Mountain™ II 2L Jacket,,13,13,13,2494010,1.0,https://assetscdn49.styleship.com/assets/columbia/data/ProductImages/a/4/C51YM3402487.jpg,styleship_cdn_pattern
C55YU6488430,공용 호쏜 레인 로우 알트 방수 스니커즈,HAWTHORNE™ RAIN LOW ALT,,27,27,27,2487810,1.0,assets/product_images/C55YU6488430.jpg,styleship_cdn_pattern+downloaded
C54YM8482011,남성 밸리 투 패스™ 카고 테이퍼드 팬츠,M's Valley to Pass™ Cargo Tapered Pants,,25,25,25,2485660,1.0,assets/product_images/C54YM8482011.jpg,excel_map+downloaded
C54YL1473010,여성 앤 스트림™ 인슐레이션 베스트,W's Anne Stream™ Insulation Vest,,19,19,19,2484953,1.0,https://assetscdn49.styleship.com/assets/columbia/data/ProductImages/a/4/C54YL1473010.jpg,styleship_cdn_pattern
C44AE8545278,공용 헬베시아 플리스 베스트,Helvetia™ Vest,,61,61,63,2473180,1.0,assets/product_images/C44AE8545278.jpg,styleship_cdn_pattern+downloaded
C52AM9099011,남성 페인티드 피크™ 반팔 니트,Painted Peak™ Knit SS Top,,73,73,76,2472990,1.0,https://assetscdn49.styleship.com/assets/columbia/data/ProductImages/a/4/C52AM9099011.jpg,styleship_cdn_pattern
C54AE5884010,남성 옴니히트™ 헬릭스 베이스레이어 크루넥 티셔츠,Omni-Heat™ Helix Baselayer Crew,,49,49,50,2441430,1.0,assets/product_images/C54AE5884010.jpg,styleship_cdn_pattern+downloaded
C75YE4769271,남성 트랜스트레커 아웃드라이 와이드,TRANS TREKKER™ OUTDRY™ WIDE,,21,21,21,2425660,1.0,https://assetscdn49.styleship.com/assets/columbia/data/ProductImages/a/4/C75YE4769271.jpg,styleship_cdn_pattern
C55YU0618010,공용 베이 스위프 아일 버킷,Bay Sweep Isle™ Bucket,,85,85,85,2424320,1.0,assets/product_images/C55YU0618010.jpg,styleship_cdn_pattern+downloaded
C56BK2938395,여성 스노우트롯 와이드 쇼티 부츠,SNOWTROT™ SHORTY WIDE,,30,30,30,2422275,1.0,assets/product_images/C56BK2938395.jpg,excel_map+downloaded
C64AR7330008,여성 헬베시아 II 크롭 하프스냅 플리스 풀오버,Helvetia II Cropped Half Snap Fleece,,36,36,36,2421560,1.0,https://assetscdn49.styleship.com/assets/columbia/data/ProductImages/a/4/C64AR7330008.jpg,styleship_cdn_pattern
C66YU0369257,공용 본레 포레스트 20L 패커블 경량 백팩,Bonre Forest 20L Packable Backpack,,44,44,44,2421320,1.0,https://assetscdn49.styleship.com/assets/columbia/data/ProductImages/a/4/C66YU0369257.jpg,styleship_cdn_pattern
C64YM8576010,남성 혹킹 림 인슐레이션 스트레이트 팬츠,M's Hocking Rim Insulation Straight Pants,,17,17,19,2416980,1.0,assets/product_images/C64YM8576010.jpg,excel_map+downloaded
C52YM6433271,남성 래인지 투 힐™ 셋업 크루,M's Range to Hill™ Set up Crew,,12,12,37,2416490,1.0,https://assetscdn49.styleship.com/assets/columbia/data/ProductImages/a/4/C52YM6433271.jpg,styleship_cdn_pattern
C54AE5057278,남성 크리스탈리프™ 옴니히트™ 헬릭스 하프집 티셔츠,Crystal Leaf™ Omni-Heat™ Helix Half Zip,,38,38,39,2416210,1.0,assets/product_images/C54AE5057278.jpg,styleship_cdn_pattern+downloaded
C55BM0378082,남성 코노스 TRS 아웃드라이,KONOS™ TRS OUTDRY™,,16,16,16,2396060,1.0,assets/product_images/C55BM0378082.jpg,styleship_cdn_pattern+downloaded
C64YM7587211,남성 다트 포레스트 코듀로이 셔츠,M's Dart Forest Corduroy Shirts,,20,20,20,2394560,1.0,assets/product_images/C64YM7587211.jpg,excel_map+downloaded
C63PM0537467,[요나스 컬렉션] 공용 레이크 투 에비뉴 그래픽 반팔 티셔츠,Lake To Avenue Graphic Ss Tee,,51,51,51,2392850,1.0,assets/product_images/C63PM0537467.jpg,styleship_cdn_pattern+downloaded
C54YL3473607,여성 앤 스트림™ 다운 자켓,Ws Anne Stream™ Down Jacket,,8,8,8,2391458,1.0,https://assetscdn49.styleship.com/assets/columbia/data/ProductImages/a/4/C54YL3473607.jpg,styleship_cdn_pattern
C55YU6322273,공용 헤이지 저니 워터프루프,HAZY JOURNEY™ WATERPROOF,,21,21,21,2390740,1.0,https://assetscdn49.styleship.com/assets/columbia/data/ProductImages/a/4/C55YU6322273.jpg,styleship_cdn_pattern
C56UU4597010,[공식몰 단독]공용 트리플캐니언™ 백팩,Triple Canyon™ 24L Backpack,,14,14,23,2386650,1.0,https://assetscdn49.styleship.com/assets/columbia/data/ProductImages/a/4/C56UU4597010.jpg,styleship_cdn_pattern
C45YU7430397,공용 채드윅 라이트,CHADWICK™ LITE,,26,26,26,2385390,1.0,https://assetscdn49.styleship.com/assets/columbia/data/ProductImages/a/4/C45YU7430397.jpg,styleship_cdn_pattern
C66BL6246012,여성 코노스 TRS 아웃드라이,KONOS TRS OUTDRY,,19,19,19,2380380,1.0,https://assetscdn49.styleship.com/assets/columbia/data/ProductImages/a/4/C66BL6246012.jpg,styleship_cdn_pattern
C64YM3596346,남성 스톤 데쉬 플리스 자켓,M's Stone Dash Fleece Jacket,,15,15,15,2374110,1.0,assets/product_images/C64YM3596346.jpg,excel_map+downloaded
C56BL6246012,여성 코노스 TRS 아웃드라이,KONOS™ TRS OUTDRY™,,17,17,17,2371950,1.0,https://assetscdn49.styleship.com/assets/columbia/data/ProductImages/a/4/C56BL6246012.jpg,styleship_cdn_pattern
C56YU0367010,공용 레드우드™ 35L 백팩,REDWOOD™35 BACKPACK,,17,17,17,2370260,1.0,https://assetscdn49.styleship.com/assets/columbia/data/ProductImages/a/4/C56YU0367010.jpg,styleship_cdn_pattern
C46BL9621010,여성 패시트75 알파 아웃드라이,FACET 75 ALPHA OUTDRY,,18,18,19,2367170,1.0,https://assetscdn49.styleship.com/assets/columbia/data/ProductImages/a/4/C46BL9621010.jpg,styleship_cdn_pattern
C64WE9101010,남성 하이 캐스케이드 인터체인지 리버서블 봄버 자켓,High Cascades Interchange Rvsbl Bomber,,7,7,7,2359400,1.0,assets/product_images/C64WE9101010.jpg,excel_map+downloaded
C62YM8524010,남성 다나 코브 OFZ ICE 스트레이트 팬츠,M's Dana Cove OFZ ICE Straight Pants,,21,21,21,2354070,1.0,assets/product_images/C62YM8524010.jpg,excel_map+downloaded
C61YM7591348,공용 365 마운틴 긴팔 셔켓,M's 365 Mountain Shirts Jacket,,17,17,17,2348670,1.0,assets/product_images/C61YM7591348.jpg,excel_map+downloaded
C75BK9168063,여성 픽프릭 러쉬 아웃드라이 와이드,PEAKFREAK RUSH OUTDRY WIDE,,15,15,15,2337130,1.0,https://assetscdn49.styleship.com/assets/columbia/data/ProductImages/a/4/C75BK9168063.jpg,styleship_cdn_pattern
C55BK5371397,여성 크레스트우드 미드 워터프루프 와이드핏,CRESTWOOD™ MID WATERPROOF WIDE,,18,18,24,2333830,1.0,https://assetscdn49.styleship.com/assets/columbia/data/ProductImages/a/4/C55BK5371397.jpg,styleship_cdn_pattern
C44EE0371461,공용 헬베시아™ 하프 스냅 플리스 티셔츠,Helvetia™ Half Snap Fleece,,35,35,36,2322330,1.0,https://assetscdn49.styleship.com/assets/columbia/data/ProductImages/a/4/C44EE0371461.jpg,styleship_cdn_pattern
C54YM3486381,남성 그레타 에비뉴™ 다운 자켓,Ms Greta Avenue™ Down Jacket,,15,15,15,2313210,1.0,assets/product_images/C54YM3486381.jpg,excel_map+downloaded
C63AE8947010,남성 ROC 테크 카고 팬츠,ROC Tech Cargo Pant,,23,23,23,2311810,1.0,assets/product_images/C63AE8947010.jpg,styleship_cdn_pattern+downloaded
C56YL1117247,여성 플라토 벤쳐 워터프루프 보아,PLATEAU VENTURE WP BOA,,22,22,22,2304260,1.0,assets/product_images/C56YL1117247.jpg,excel_map+downloaded
C66BM7922010,남성 보야져 FLX,VOYAGER FLX PCT,,24,24,24,2304110,1.0,assets/product_images/C66BM7922010.jpg,excel_map+downloaded
C71AR5760126,[공식몰 단독] 여성 헬베시아 II 프린티드 하프스냅 플리스 풀오버,Helvetia II Printed Cropped Half Snap,,31,31,31,2299680,1.0,https://assetscdn49.styleship.com/assets/columbia/data/ProductImages/a/4/C71AR5760126.jpg,styleship_cdn_pattern
C46YL8041220,여성 스틴스 픽 아웃드라이,STEENS PEAK™ OUTDRY™,,18,18,18,2298640,1.0,https://assetscdn49.styleship.com/assets/columbia/data/ProductImages/a/4/C46YL8041220.jpg,styleship_cdn_pattern
C52YM8424048,남성 클린치 레이크™ OFZ ICE+ 팬츠,Ms Clinch Lake™ OFZ ICE+ Pants,,18,18,18,2294090,1.0,https://assetscdn49.styleship.com/assets/columbia/data/ProductImages/a/4/C52YM8424048.jpg,styleship_cdn_pattern
C51WE3535464,[공식몰 단독]남성 이너 리미츠 2L 방수자켓,Inner Limits™ III Jacket,,19,19,19,2292980,1.0,https://assetscdn49.styleship.com/assets/columbia/data/ProductImages/a/4/C51WE3535464.jpg,styleship_cdn_pattern
C75BI8634845,[추영우 착용] 남성 텔루릭스 타이타늄 아웃드라이 와이드,TELLURIX TITANIUM OUTDRY WIDE,,12,12,12,2290630,1.0,assets/product_images/C75BI8634845.jpg,excel_map+downloaded
C64YM3597435,남성 어드벤처365 경량 구스 다운 자켓,M’s Adventure 365 LW Down Jacket,,7,7,7,2290000,1.0,assets/product_images/C64YM3597435.jpg,excel_map+downloaded
C64YL3597125,여성 어드벤처365 경량 구스 다운 자켓,W’s Adventure 365 LW Down Jacket,,7,7,7,2285430,1.0,https://assetscdn49.styleship.com/assets/columbia/data/ProductImages/a/4/C64YL3597125.jpg,styleship_cdn_pattern
C45BL5372053,여성 크레스트우드 워터프루프,CRESTWOOD™ WATERPROOF,,27,27,27,2278250,1.0,https://assetscdn49.styleship.com/assets/columbia/data/ProductImages/a/4/C45BL5372053.jpg,styleship_cdn_pattern
C52AE9430010,남성 블랙메사 라이트웨이트 반팔 셔츠,Black Mesa™ LW SS Shirt,,37,37,37,2276280,1.0,https://assetscdn49.styleship.com/assets/columbia/data/ProductImages/a/4/C52AE9430010.jpg,styleship_cdn_pattern
C66BI1209234,남성 크레스트우드 로우 워터프루프 와이드핏,CRESTWOOD WATERPROOF WIDE,,19,19,19,2276020,1.0,https://assetscdn49.styleship.com/assets/columbia/data/ProductImages/a/4/C66BI1209234.jpg,styleship_cdn_pattern
C51AE5164011,남성 서밋 밸리 우븐 셔츠,Summit Valley™ Woven LS Shirt,,35,35,35,2269320,1.0,https://assetscdn49.styleship.com/assets/columbia/data/ProductImages/a/4/C51AE5164011.jpg,styleship_cdn_pattern
C54WE8837010,남성 발리스틱 릿지 인슐레이션 셔켓,Ballistic Ridge™ II Shirt Jacket,,20,20,23,2264840,1.0,assets/product_images/C54WE8837010.jpg,excel_map+downloaded
C64XC7077454,[DISNEY] 토들러 디즈니 하프 스냅 플리스 티셔츠,Tot ColumbiaㅣDISNEY Half Snap,,35,35,35,2264570,1.0,https://assetscdn49.styleship.com/assets/columbia/data/ProductImages/a/4/C64XC7077454.jpg,styleship_cdn_pattern
C62YM8524439,[추영우 착용] 남성 다나 코브 OFZ ICE 스트레이트 팬츠,M's Dana Cove OFZ ICE Straight Pants,,19,19,20,2235510,1.0,assets/product_images/C62YM8524439.jpg,excel_map+downloaded
