member_grade_label,coupon_flag,coupon_name,point_flag,promotion_flag,orders,buyers,quantity,revenue,aov
FAMILY,쿠폰 사용,쿠폰명 미확인,포인트 사용,일반 상품,18826,16719,23065,1873586040,99521.19621799639
FAMILY,쿠폰 사용,쿠폰명 미확인,포인트 미사용,일반 상품,9593,7143,15235,1244827623,129764.1637652455
FAMILY,쿠폰 미사용,쿠폰 미사용,포인트 사용,일반 상품,17150,11536,22257,1121360092,65385.42810495627
FAMILY,쿠폰 미사용,쿠폰 미사용,포인트 미사용,일반 상품,6631,5432,8751,681739215,102810.92067561454
FAMILY,쿠폰 사용,첫 구매 장바구니 10% 할인 / 2025년 12월 신규회원 5000원 할인,포인트 사용,일반 상품,441,441,534,77768910,176346.73469387754
FAMILY,쿠폰 사용,첫 구매 장바구니 10% 할인 / 2026년 1월 신규회원 5000원 할인,포인트 사용,일반 상품,375,375,478,61779630,164745.68
FAMILY,쿠폰 사용,첫 구매 장바구니 10% 할인,포인트 사용,일반 상품,583,583,814,53672546,92062.68610634649
FAMILY,쿠폰 사용,2025년 12월 신규회원 5000원 할인 / 첫 구매 장바구니 10% 할인,포인트 사용,일반 상품,354,354,417,52164780,147358.13559322033
FAMILY,쿠폰 사용,2026년 1월 신규회원 5000원 할인 / 첫 구매 장바구니 10% 할인,포인트 사용,일반 상품,294,294,344,45255720,153931.02040816325
FAMILY,쿠폰 사용,첫 구매 장바구니 10% 할인 / 2025년 12월 신규회원 5000원 할인,포인트 미사용,일반 상품,202,202,232,38809880,192128.1188118812
FAMILY,쿠폰 사용,첫 구매 장바구니 10% 할인,포인트 미사용,일반 상품,331,331,445,32360168,97764.8580060423
FAMILY,쿠폰 사용,첫 구매 장바구니 10% 할인 / 2026년 1월 신규회원 5000원 할인,포인트 미사용,일반 상품,168,168,199,29804400,177407.14285714287
FAMILY,쿠폰 사용,26년 신상품 10만원이상 1만원할인 / 등급할인10%,포인트 사용,일반 상품,226,226,284,27414190,121301.72566371682
FAMILY,쿠폰 사용,등급할인10%,포인트 사용,일반 상품,419,419,419,24346990,58107.37470167065
FAMILY,쿠폰 사용,2026년 2월 신규회원 5000원 할인 / 첫 구매 장바구니 10% 할인,포인트 사용,일반 상품,171,171,214,24049518,140640.45614035087
FAMILY,쿠폰 사용,2025년 12월 신규회원 5000원 할인 / 첫 구매 장바구니 10% 할인,포인트 미사용,일반 상품,144,144,176,23465010,162951.45833333334
FAMILY,쿠폰 사용,등급할인10% / 26년 신상품 10만원이상 1만원할인,포인트 사용,일반 상품,193,193,236,23309700,120775.64766839378
FAMILY,쿠폰 사용,26년 신상품 20만원이상 2만원할인,포인트 사용,일반 상품,103,97,180,21489900,208639.8058252427
FAMILY,쿠폰 사용,첫 구매 장바구니 10% 할인 / 2026년 2월 신규회원 5000원 할인,포인트 사용,일반 상품,158,158,189,21297467,134794.09493670886
FAMILY,쿠폰 사용,★ 단체 구매 10% 할인,포인트 미사용,일반 상품,3,2,100,21013650,7004550.0
FAMILY,쿠폰 사용,2026년 1월 신규회원 5000원 할인 / 첫 구매 장바구니 10% 할인,포인트 미사용,일반 상품,110,110,133,20547360,186794.18181818182
FAMILY,쿠폰 사용,★ 단체 구매 20% 할인,포인트 미사용,일반 상품,2,1,344,18988800,9494400.0
FAMILY,쿠폰 사용,26년 신상품 10만원이상 1만원할인,포인트 사용,일반 상품,156,144,266,18566740,119017.56410256411
FAMILY,쿠폰 사용,"첫 구매 장바구니 10% 할인 / 신규회원 스페셜 5,000",포인트 사용,일반 상품,105,105,130,17606753,167683.3619047619
FAMILY,쿠폰 사용,첫 구매 장바구니 10% 할인 / 2026년 5월 신규회원 5000원 할인,포인트 사용,일반 상품,141,141,181,16744000,118751.77304964539
FAMILY,쿠폰 사용,첫 구매 장바구니 10% 할인 / 2026년 3월 신규회원 5000원 할인,포인트 사용,일반 상품,131,131,159,15742009,120168.00763358778
FAMILY,쿠폰 사용,2026년 3월 신규회원 5000원 할인 / 첫 구매 장바구니 10% 할인,포인트 사용,일반 상품,119,119,140,15627078,131319.98319327732
FAMILY,쿠폰 사용,26년 신상품 10만원이상 1만원할인 / 등급할인10%,포인트 미사용,일반 상품,105,105,126,14325260,136431.04761904763
FAMILY,쿠폰 사용,2026년 5월 신규회원 5000원 할인 / 첫 구매 장바구니 10% 할인,포인트 사용,일반 상품,113,113,163,14176220,125453.27433628318
FAMILY,쿠폰 사용,첫 구매 장바구니 10% 할인 / 2026년 4월 신규회원 5000원 할인,포인트 사용,일반 상품,108,108,141,13777820,127572.4074074074
FAMILY,쿠폰 사용,"신규회원 스페셜 5,000 / 첫 구매 장바구니 10% 할인",포인트 사용,일반 상품,82,82,113,12807966,156194.70731707316
FAMILY,쿠폰 사용,첫 구매 장바구니 10% 할인 / 2026년 5월 신규회원 5000원 할인,포인트 미사용,일반 상품,100,100,136,12431160,124311.6
FAMILY,쿠폰 사용,첫 구매 장바구니 10% 할인 / 2026년 4월 신규회원 5000원 할인,포인트 미사용,일반 상품,74,74,105,11917050,161041.2162162162
FAMILY,쿠폰 사용,2026년 4월 신규회원 5000원 할인 / 첫 구매 장바구니 10% 할인,포인트 사용,일반 상품,91,91,115,11072550,121676.37362637362
FAMILY,쿠폰 사용,2026년 2월 신규회원 5000원 할인 / 첫 구매 장바구니 10% 할인,포인트 미사용,일반 상품,67,67,80,10950501,163440.31343283583
FAMILY,쿠폰 사용,2025년 12월 신규회원 5000원 할인,포인트 사용,일반 상품,109,109,111,10382340,95250.8256880734
FAMILY,쿠폰 사용,등급할인10%,포인트 미사용,일반 상품,140,140,140,10344600,73890.0
FAMILY,쿠폰 사용,2026년 4월 신규회원 5000원 할인 / 첫 구매 장바구니 10% 할인,포인트 미사용,일반 상품,82,82,103,10201320,124406.34146341463
FAMILY,쿠폰 사용,등급할인10% / 26년 신상품 10만원이상 1만원할인,포인트 미사용,일반 상품,79,79,93,10183000,128898.73417721518
FAMILY,쿠폰 사용,쿠폰명 미확인,포인트 미사용,프로모션 상품,71,70,154,9906210,139524.08450704225
FAMILY,쿠폰 사용,26년 신상품 20만원이상 2만원할인,포인트 미사용,일반 상품,33,33,52,9322300,282493.9393939394
FAMILY,쿠폰 사용,등급할인10% / 첫 구매 장바구니 10% 할인,포인트 사용,일반 상품,77,77,87,9132870,118608.7012987013
FAMILY,쿠폰 사용,202601 생일축하쿠폰1만원,포인트 사용,일반 상품,177,177,177,9114364,51493.581920903955
FAMILY,쿠폰 사용,202602 생일축하쿠폰1만원,포인트 사용,일반 상품,190,190,190,8691908,45746.88421052632
FAMILY,쿠폰 사용,2026년 5월 신규회원 5000원 할인 / 첫 구매 장바구니 10% 할인,포인트 미사용,일반 상품,71,71,90,8329770,117320.7042253521
FAMILY,쿠폰 사용,2026년 3월 신규회원 5000원 할인 / 첫 구매 장바구니 10% 할인,포인트 미사용,일반 상품,62,62,69,8255007,133145.2741935484
FAMILY,쿠폰 사용,첫 구매 장바구니 10% 할인 / 2026년 3월 신규회원 5000원 할인,포인트 미사용,일반 상품,62,62,72,8187501,132056.46774193548
FAMILY,쿠폰 미사용,"무료배송쿠폰(등급혜택, 3만원미만 사용가능)",포인트 사용,일반 상품,484,480,580,7812487,16141.502066115703
FAMILY,쿠폰 사용,첫 구매 장바구니 10% 할인 / 등급할인10%,포인트 사용,일반 상품,76,76,87,7746930,101933.28947368421
FAMILY,쿠폰 사용,첫 구매 장바구니 10% 할인 / 2026년 2월 신규회원 5000원 할인,포인트 미사용,일반 상품,61,61,67,7650262,125414.13114754099
FAMILY,쿠폰 사용,첫 구매 장바구니 10% 할인 / 2025년 11월 신규회원 5000원 할인,포인트 사용,일반 상품,35,35,43,7506550,214472.85714285713
FAMILY,쿠폰 사용,26년 신상품 10만원이상 1만원할인,포인트 미사용,일반 상품,55,54,77,7471000,135836.36363636365
FAMILY,쿠폰 사용,2025년 11월 신규회원 5000원 할인 / 첫 구매 장바구니 10% 할인,포인트 사용,일반 상품,38,38,39,7352410,193484.47368421053
FAMILY,쿠폰 사용,202512 생일축하쿠폰1만원,포인트 사용,일반 상품,111,111,111,7150430,64418.28828828829
FAMILY,쿠폰 사용,26년 신상품 20만원이상 2만원할인 / 등급할인10%,포인트 사용,일반 상품,30,30,63,6329070,210969.0
FAMILY,쿠폰 사용,등급할인10% / 26년 신상품 20만원이상 2만원할인,포인트 사용,일반 상품,27,27,52,6250910,231515.1851851852
FAMILY,쿠폰 사용,2026년 1월 신규회원 5000원 할인,포인트 사용,일반 상품,64,64,64,5622970,87858.90625
FAMILY,쿠폰 사용,202512 생일축하쿠폰1만원,포인트 미사용,일반 상품,68,68,68,5000400,73535.29411764706
FAMILY,쿠폰 사용,"신규회원 스페셜 5,000 / 첫 구매 장바구니 10% 할인",포인트 미사용,일반 상품,27,27,41,4941384,183014.22222222222
FAMILY,쿠폰 사용,첫 구매 장바구니 10% 할인 / 202601 생일축하쿠폰1만원,포인트 사용,일반 상품,38,38,43,4734300,124586.84210526316
FAMILY,쿠폰 사용,202604 생일축하쿠폰1만원,포인트 사용,일반 상품,107,107,107,4651130,43468.504672897194
FAMILY,쿠폰 사용,2025년 12월 신규회원 5000원 할인,포인트 미사용,일반 상품,46,46,46,4648600,101056.52173913043
FAMILY,쿠폰 사용,25년 신상품 10만원이상 1만원할인,포인트 사용,일반 상품,31,31,58,4562310,147171.29032258064
FAMILY,쿠폰 사용,첫 구매 장바구니 10% 할인 / 202512 생일축하쿠폰1만원,포인트 사용,일반 상품,27,27,31,4537900,168070.37037037036
FAMILY,쿠폰 미사용,등급할인10%,포인트 사용,일반 상품,64,64,89,4392320,68630.0
FAMILY,쿠폰 사용,26년 신상품 30만원이상 3만원할인 / 등급할인10%,포인트 사용,일반 상품,14,14,33,4376620,312615.71428571426
FAMILY,쿠폰 사용,26년 신상품 30만원이상 3만원할인,포인트 사용,일반 상품,13,13,45,3970840,305449.23076923075
FAMILY,쿠폰 사용,2026년 3월 신규회원 5000원 할인,포인트 사용,일반 상품,29,29,30,3756400,129531.03448275862
FAMILY,쿠폰 사용,2026년 2월 신규회원 5000원 할인,포인트 사용,일반 상품,38,38,38,3623179,95346.81578947368
FAMILY,쿠폰 사용,"첫 구매 장바구니 10% 할인 / 신규회원 스페셜 5,000",포인트 미사용,일반 상품,24,24,30,3483342,145139.25
FAMILY,쿠폰 사용,등급할인10% / 첫 구매 장바구니 10% 할인,포인트 미사용,일반 상품,32,32,36,3434400,107325.0
FAMILY,쿠폰 사용,202511 생일축하쿠폰1만원,포인트 사용,일반 상품,50,50,50,3369670,67393.4
FAMILY,쿠폰 사용,등급할인10% / 26년 신상품 20만원이상 2만원할인,포인트 미사용,일반 상품,14,14,26,3311200,236514.2857142857
FAMILY,쿠폰 사용,첫 구매 장바구니 10% 할인 / 등급할인10%,포인트 미사용,일반 상품,26,26,34,3299580,126906.92307692308
FAMILY,쿠폰 사용,2025년 11월 신규회원 5000원 할인,포인트 사용,일반 상품,23,23,23,3287800,142947.8260869565
FAMILY,쿠폰 사용,202511 생일축하쿠폰1만원,포인트 미사용,일반 상품,39,39,39,3250400,83343.58974358975
FAMILY,쿠폰 사용,26년 신상품 20만원이상 2만원할인 / 등급할인10%,포인트 미사용,일반 상품,15,15,25,3201660,213444.0
FAMILY,쿠폰 사용,202601 생일축하쿠폰1만원,포인트 미사용,일반 상품,48,48,48,3171298,66068.70833333333
FAMILY,쿠폰 사용,2026년 4월 신규회원 5000원 할인,포인트 사용,일반 상품,28,28,28,2837270,101331.07142857143
FAMILY,쿠폰 사용,202602 생일축하쿠폰1만원,포인트 미사용,일반 상품,37,37,37,2681058,72461.02702702703
FAMILY,쿠폰 사용,2025년 11월 신규회원 5000원 할인 / 첫 구매 장바구니 10% 할인,포인트 미사용,일반 상품,13,13,15,2674620,205740.0
FAMILY,쿠폰 사용,첫 구매 장바구니 10% 할인 / 202601 생일축하쿠폰1만원,포인트 미사용,일반 상품,15,15,18,2608110,173874.0
FAMILY,쿠폰 사용,202603 생일축하쿠폰1만원,포인트 사용,일반 상품,45,45,45,2550990,56688.666666666664
FAMILY,쿠폰 사용,2025년 11월 신규회원 5000원 할인,포인트 미사용,일반 상품,14,14,14,2525400,180385.7142857143
FAMILY,쿠폰 미사용,등급할인10%,포인트 미사용,일반 상품,26,26,35,2493900,95919.23076923077
FAMILY,쿠폰 사용,등급할인10% / 26년 신상품 40만원이상 4만원할인,포인트 사용,일반 상품,6,6,14,2481210,413535.0
FAMILY,쿠폰 사용,202605 생일축하쿠폰1만원,포인트 사용,일반 상품,52,52,52,2471850,47535.57692307692
FAMILY,쿠폰 사용,첫 구매 장바구니 10% 할인 / 2026년 6월 신규회원 5000원 할인,포인트 미사용,일반 상품,18,18,29,2410650,133925.0
FAMILY,쿠폰 사용,첫 구매 장바구니 10% 할인 / 2026년 6월 신규회원 5000원 할인,포인트 사용,일반 상품,16,16,25,2298640,143665.0
FAMILY,쿠폰 사용,202603 생일축하쿠폰1만원,포인트 미사용,일반 상품,34,34,34,2211780,65052.35294117647
FAMILY,쿠폰 사용,2026년 1월 신규회원 5000원 할인,포인트 미사용,일반 상품,25,25,25,2208600,88344.0
FAMILY,쿠폰 사용,첫 구매 장바구니 10% 할인 / 2025년 11월 신규회원 5000원 할인,포인트 미사용,일반 상품,14,14,15,2177010,155500.7142857143
FAMILY,쿠폰 사용,등급할인10% / 26년 신상품 30만원이상 3만원할인,포인트 사용,일반 상품,7,7,18,2171560,310222.85714285716
FAMILY,쿠폰 사용,2026년 4월 신규회원 5000원 할인,포인트 미사용,일반 상품,22,22,23,2102700,95577.27272727272
FAMILY,쿠폰 사용,26년 신상품 30만원이상 3만원할인,포인트 미사용,일반 상품,7,7,10,2084200,297742.85714285716
FAMILY,쿠폰 사용,첫 구매 장바구니 10% 할인 / 202602 생일축하쿠폰1만원,포인트 사용,일반 상품,21,21,22,2066115,98386.42857142857
FAMILY,쿠폰 미사용,무료배송쿠폰(3만원미만 사용가능),포인트 사용,일반 상품,117,117,143,2047107,17496.641025641027
FAMILY,쿠폰 사용,26년 신상품 40만원이상 4만원할인,포인트 사용,일반 상품,5,5,9,2045020,409004.0
FAMILY,쿠폰 사용,첫 구매 장바구니 10% 할인 / 202512 생일축하쿠폰1만원,포인트 미사용,일반 상품,13,13,13,2008440,154495.38461538462
FAMILY,쿠폰 미사용,202601 생일축하쿠폰1만원,포인트 사용,일반 상품,31,31,40,1939609,62568.032258064515
FAMILY,쿠폰 사용,202601 생일축하쿠폰1만원 / 첫 구매 장바구니 10% 할인,포인트 사용,일반 상품,12,12,13,1840470,153372.5
FAMILY,쿠폰 사용,202605 생일축하쿠폰1만원,포인트 미사용,일반 상품,27,27,27,1831600,67837.03703703704
FAMILY,쿠폰 미사용,26년 신상품 10만원이상 1만원할인 / 등급할인10%,포인트 사용,일반 상품,18,18,30,1769310,98295.0
FAMILY,쿠폰 미사용,202602 생일축하쿠폰1만원,포인트 사용,일반 상품,42,42,55,1759019,41881.40476190476
FAMILY,쿠폰 사용,2026년 2월 신규회원 5000원 할인,포인트 미사용,일반 상품,18,18,19,1756850,97602.77777777778
FAMILY,쿠폰 사용,"신규회원 스페셜 5,000",포인트 사용,일반 상품,20,20,20,1694040,84702.0
FAMILY,쿠폰 사용,2026년 3월 신규회원 5000원 할인,포인트 미사용,일반 상품,14,14,14,1678500,119892.85714285714
FAMILY,쿠폰 사용,25년 신상품 10만원이상 1만원할인 / 등급할인10%,포인트 사용,일반 상품,12,12,19,1657570,138130.83333333334
FAMILY,쿠폰 사용,등급할인10% / GNR 스페셜 20%,포인트 사용,일반 상품,13,13,18,1647390,126722.30769230769
FAMILY,쿠폰 사용,25년 신상품 10만원이상 1만원할인,포인트 미사용,일반 상품,12,11,15,1635000,136250.0
FAMILY,쿠폰 사용,등급할인10% / 26년 신상품 40만원이상 4만원할인,포인트 미사용,일반 상품,4,4,8,1612400,403100.0
FAMILY,쿠폰 미사용,등급할인10% / 26년 신상품 10만원이상 1만원할인,포인트 사용,일반 상품,21,21,26,1600049,76192.80952380953
FAMILY,쿠폰 사용,2026년 5월 신규회원 5000원 할인,포인트 사용,일반 상품,18,18,18,1564730,86929.44444444444
FAMILY,쿠폰 미사용,첫 구매 장바구니 10% 할인,포인트 사용,일반 상품,28,28,39,1556397,55585.607142857145
FAMILY,쿠폰 사용,25년 신상품 20만원이상 2만원할인,포인트 미사용,일반 상품,7,7,11,1553000,221857.14285714287
FAMILY,쿠폰 사용,26년 신상품 50만원이상 5만원할인,포인트 미사용,일반 상품,3,3,16,1540000,513333.3333333333
FAMILY,쿠폰 미사용,26년 신상품 10만원이상 1만원할인,포인트 사용,일반 상품,19,19,25,1535470,80814.21052631579
FAMILY,쿠폰 사용,등급할인10% / 26년 신상품 30만원이상 3만원할인,포인트 미사용,일반 상품,5,5,12,1493500,298700.0
FAMILY,쿠폰 사용,"신규회원 스페셜 5,000",포인트 미사용,일반 상품,11,11,11,1471200,133745.45454545456
FAMILY,쿠폰 사용,202604 생일축하쿠폰1만원,포인트 미사용,일반 상품,25,25,25,1442400,57696.0
FAMILY,쿠폰 사용,첫 구매 장바구니 10% 할인 / 202602 생일축하쿠폰1만원,포인트 미사용,일반 상품,8,8,11,1409175,176146.875
FAMILY,쿠폰 사용,GNR 스페셜 20% / 2026년 4월 신규회원 5000원 할인,포인트 사용,일반 상품,9,9,13,1367900,151988.88888888888
FAMILY,쿠폰 사용,202602 생일축하쿠폰1만원 / 첫 구매 장바구니 10% 할인,포인트 사용,일반 상품,10,10,11,1348692,134869.2
FAMILY,쿠폰 사용,2026년 6월 신규회원 5000원 할인 / 첫 구매 장바구니 10% 할인,포인트 사용,일반 상품,10,10,14,1309510,130951.0
FAMILY,쿠폰 미사용,202604 생일축하쿠폰1만원,포인트 사용,일반 상품,23,23,30,1309280,56925.217391304344
FAMILY,쿠폰 사용,26년 신상품 20만원이상 2만원할인 / 202601 생일축하쿠폰1만원,포인트 사용,일반 상품,7,7,9,1266390,180912.85714285713
FAMILY,쿠폰 사용,26년 신상품 40만원이상 4만원할인 / 등급할인10%,포인트 사용,일반 상품,3,3,6,1187980,395993.3333333333
FAMILY,쿠폰 사용,25년 신상품 20만원이상 2만원할인,포인트 사용,일반 상품,5,5,13,1167960,233592.0
FAMILY,쿠폰 사용,26년 신상품 60만원이상 6만원할인,포인트 미사용,일반 상품,2,2,8,1162000,581000.0
FAMILY,쿠폰 미사용,202512 생일축하쿠폰1만원,포인트 미사용,일반 상품,11,11,21,1161800,105618.18181818182
FAMILY,쿠폰 사용,2026년 4월 신규회원 5000원 할인 / 등급할인10% / 첫 구매 장바구니 10% 할인,포인트 사용,일반 상품,5,5,13,1161370,232274.0
FAMILY,쿠폰 미사용,2026년 4월 신규회원 5000원 할인,포인트 사용,일반 상품,2,2,8,1153450,576725.0
FAMILY,쿠폰 사용,GNR 스페셜 20%,포인트 미사용,일반 상품,18,18,27,1119200,62177.77777777778
FAMILY,쿠폰 사용,HSS 30% 할인 쿠폰,포인트 사용,일반 상품,20,14,20,1094415,54720.75
FAMILY,쿠폰 사용,2026년 4월 신규회원 5000원 할인 / GNR 스페셜 20%,포인트 사용,일반 상품,12,12,16,1093250,91104.16666666667
FAMILY,쿠폰 사용,Winter Festival 15% (오전10시),포인트 미사용,일반 상품,6,6,7,1084340,180723.33333333334
FAMILY,쿠폰 사용,GNR 스페셜 20% / 등급할인10%,포인트 사용,일반 상품,11,11,14,1073000,97545.45454545454
FAMILY,쿠폰 사용,2025년 11월 신규회원 5000원 할인 / Winter Festival 10% (오후6시),포인트 사용,일반 상품,4,4,6,1043350,260837.5
FAMILY,쿠폰 사용,2026년 6월 신규회원 5000원 할인 / 첫 구매 장바구니 10% 할인,포인트 미사용,일반 상품,9,9,12,1023480,113720.0
FAMILY,쿠폰 사용,202512 생일축하쿠폰1만원 / 첫 구매 장바구니 10% 할인,포인트 사용,일반 상품,9,9,9,1023350,113705.55555555556
FAMILY,쿠폰 미사용,2025년 12월 신규회원 5000원 할인,포인트 사용,일반 상품,12,12,17,1014660,84555.0
FAMILY,쿠폰 사용,2025년 12월 신규회원 5000원 할인 / ★ 단체 구매 10% 할인,포인트 미사용,일반 상품,1,1,7,1009800,1009800.0
FAMILY,쿠폰 사용,첫 구매 장바구니 10% 할인 / 등급할인10% / 2026년 4월 신규회원 5000원 할인,포인트 사용,일반 상품,4,4,7,937770,234442.5
FAMILY,쿠폰 사용,첫 구매 장바구니 10% 할인 / 무료배송쿠폰(3만원미만 사용가능),포인트 사용,일반 상품,53,53,59,937060,17680.377358490565
FAMILY,쿠폰 사용,26년 신상품 50만원이상 5만원할인,포인트 사용,일반 상품,2,2,10,935370,467685.0
FAMILY,쿠폰 사용,202603 생일축하쿠폰1만원 / 첫 구매 장바구니 10% 할인,포인트 사용,일반 상품,10,10,10,925330,92533.0
FAMILY,쿠폰 사용,GNR 스페셜 20%,포인트 사용,일반 상품,21,21,25,886490,42213.80952380953
FAMILY,쿠폰 사용,25년 신상품 10만원이상 1만원할인 / 등급할인10%,포인트 미사용,일반 상품,7,7,11,869000,124142.85714285714
FAMILY,쿠폰 사용,2026년 5월 신규회원 5000원 할인,포인트 미사용,일반 상품,10,10,10,862000,86200.0
FAMILY,쿠폰 사용,첫 구매 장바구니 10% 할인 / 202511 생일축하쿠폰1만원,포인트 사용,일반 상품,2,2,2,855740,427870.0
FAMILY,쿠폰 사용,첫 구매 장바구니 10% 할인 / 202603 생일축하쿠폰1만원,포인트 사용,일반 상품,6,6,7,854460,142410.0
FAMILY,쿠폰 사용,등급할인10% / 25년 신상품 10만원이상 1만원할인,포인트 사용,일반 상품,7,7,10,849060,121294.28571428571
FAMILY,쿠폰 사용,등급할인10% / 2026년 5월 신규회원 5000원 할인 / 첫 구매 장바구니 10% 할인,포인트 사용,일반 상품,2,2,8,836340,418170.0
FAMILY,쿠폰 미사용,"무료배송쿠폰(등급혜택, 3만원미만 사용가능)",포인트 미사용,일반 상품,33,33,35,823700,24960.60606060606
FAMILY,쿠폰 사용,첫 구매 장바구니 10% 할인 / 202511 생일축하쿠폰1만원,포인트 미사용,일반 상품,4,4,7,817920,204480.0
FAMILY,쿠폰 사용,25년 신상품 20만원이상 2만원할인 / 등급할인10%,포인트 사용,일반 상품,4,4,8,808020,202005.0
FAMILY,쿠폰 사용,202601 생일축하쿠폰1만원 / 첫 구매 장바구니 10% 할인,포인트 미사용,일반 상품,3,3,4,803250,267750.0
FAMILY,쿠폰 사용,첫 구매 장바구니 10% 할인 / 2026년 5월 신규회원 5000원 할인 / 등급할인10%,포인트 사용,일반 상품,5,5,9,802270,160454.0
FAMILY,쿠폰 미사용,등급할인10% / 26년 신상품 10만원이상 1만원할인,포인트 미사용,일반 상품,10,10,16,793100,79310.0
FAMILY,쿠폰 미사용,첫 구매 장바구니 10% 할인,포인트 미사용,일반 상품,17,17,23,785000,46176.470588235294
FAMILY,쿠폰 사용,Winter Festival 15% (오후6시),포인트 사용,일반 상품,5,5,5,783025,156605.0
FAMILY,쿠폰 사용,Winter Festival 20% (오후6시),포인트 사용,일반 상품,4,4,4,771380,192845.0
FAMILY,쿠폰 미사용,202512 생일축하쿠폰1만원,포인트 사용,일반 상품,19,19,22,768660,40455.78947368421
FAMILY,쿠폰 사용,Winter Festival 10% (오후6시),포인트 사용,일반 상품,5,5,5,755280,151056.0
FAMILY,쿠폰 사용,Winter Festival 15% (오전10시),포인트 사용,일반 상품,6,6,6,752800,125466.66666666667
FAMILY,쿠폰 사용,2026년 4월 신규회원 5000원 할인 / GNR 스페셜 20% / 등급할인10%,포인트 사용,일반 상품,1,1,5,742080,742080.0
FAMILY,쿠폰 미사용,202511 생일축하쿠폰1만원,포인트 사용,일반 상품,10,10,16,726290,72629.0
FAMILY,쿠폰 사용,첫 구매 장바구니 10% 할인 / 202605 생일축하쿠폰1만원,포인트 미사용,일반 상품,6,6,6,711810,118635.0
FAMILY,쿠폰 사용,첫 구매 장바구니 10% 할인 / 202604 생일축하쿠폰1만원,포인트 사용,일반 상품,8,8,8,699600,87450.0
FAMILY,쿠폰 사용,등급할인10% / GNR 스페셜 20%,포인트 미사용,일반 상품,7,7,10,686160,98022.85714285714
FAMILY,쿠폰 사용,26년 신상품 10만원이상 1만원할인 / 비오는날 10% 스페셜 할인,포인트 사용,일반 상품,5,5,5,681590,136318.0
FAMILY,쿠폰 사용,2025년 11월 신규회원 5000원 할인 / Winter Festival 15% (오후6시),포인트 사용,일반 상품,3,3,3,671615,223871.66666666666
FAMILY,쿠폰 미사용,2026년 1월 신규회원 5000원 할인,포인트 사용,일반 상품,9,9,10,669130,74347.77777777778
FAMILY,쿠폰 사용,25년 신상품 30만원이상 3만원할인 / 등급할인10%,포인트 미사용,일반 상품,2,2,2,658200,329100.0
FAMILY,쿠폰 미사용,202601 생일축하쿠폰1만원,포인트 미사용,일반 상품,11,11,14,651900,59263.63636363636
FAMILY,쿠폰 사용,등급할인10% / 첫 구매 장바구니 10% 할인 / 2026년 4월 신규회원 5000원 할인,포인트 미사용,일반 상품,1,1,4,648990,648990.0
FAMILY,쿠폰 사용,26년 신상품 70만원이상 7만원할인 / 등급할인10% / 202601 생일축하쿠폰1만원,포인트 사용,일반 상품,1,1,2,638100,638100.0
FAMILY,쿠폰 사용,"GNR 스페셜 20% / 신규회원 스페셜 5,000",포인트 사용,일반 상품,4,4,8,635400,158850.0
FAMILY,쿠폰 미사용,26년 신상품 10만원이상 1만원할인 / 등급할인10%,포인트 미사용,일반 상품,5,5,9,630000,126000.0
FAMILY,쿠폰 사용,첫 구매 장바구니 10% 할인 / 202605 생일축하쿠폰1만원,포인트 사용,일반 상품,9,9,9,613840,68204.44444444444
FAMILY,쿠폰 사용,25년 신상품 30만원이상 3만원할인 / 등급할인10%,포인트 사용,일반 상품,2,2,2,592140,296070.0
FAMILY,쿠폰 사용,등급할인10% / 첫 구매 장바구니 10% 할인 / 2026년 3월 신규회원 5000원 할인,포인트 사용,일반 상품,1,1,5,590090,590090.0
FAMILY,쿠폰 사용,Winter Festival 10% (오후6시),포인트 미사용,일반 상품,3,3,3,580950,193650.0
FAMILY,쿠폰 미사용,F25 온라인 전용 10% 할인,포인트 사용,일반 상품,6,6,14,566460,94410.0
FAMILY,쿠폰 사용,GNR 스페셜 20% / 2026년 3월 신규회원 5000원 할인,포인트 사용,일반 상품,4,4,7,566400,141600.0
FAMILY,쿠폰 미사용,202511 생일축하쿠폰1만원,포인트 미사용,일반 상품,6,6,9,565900,94316.66666666667
FAMILY,쿠폰 사용,202602 생일축하쿠폰1만원 / 26년 신상품 20만원이상 2만원할인,포인트 사용,일반 상품,2,2,5,559940,279970.0
FAMILY,쿠폰 사용,202601 생일축하쿠폰1만원 / 26년 신상품 20만원이상 2만원할인 / 등급할인10%,포인트 사용,일반 상품,2,2,7,557730,278865.0
FAMILY,쿠폰 사용,첫 구매 장바구니 10% 할인 / 202603 생일축하쿠폰1만원,포인트 미사용,일반 상품,6,6,6,549450,91575.0
FAMILY,쿠폰 사용,2026년 1월 신규회원 5000원 할인 / 첫 구매 장바구니 10% 할인 / 202601 생일축하쿠폰1만원,포인트 사용,일반 상품,1,1,2,548980,548980.0
FAMILY,쿠폰 사용,첫 구매 장바구니 10% 할인 / 202604 생일축하쿠폰1만원,포인트 미사용,일반 상품,6,6,6,547380,91230.0
FAMILY,쿠폰 사용,첫 구매 장바구니 10% 할인 / 2025년 12월 신규회원 5000원 할인 / 202512 생일축하쿠폰1만원,포인트 사용,일반 상품,2,2,6,545130,272565.0
FAMILY,쿠폰 미사용,26년 신상품 20만원이상 2만원할인,포인트 사용,일반 상품,9,9,10,537988,59776.444444444445
FAMILY,쿠폰 미사용,2025년 12월 신규회원 5000원 할인 / 첫 구매 장바구니 10% 할인,포인트 사용,일반 상품,10,10,16,532030,53203.0
FAMILY,쿠폰 사용,Winter Festival 10% (오전10시),포인트 사용,일반 상품,5,5,5,515640,103128.0
FAMILY,쿠폰 사용,202602 생일축하쿠폰1만원 / 26년 신상품 10만원이상 1만원할인,포인트 사용,일반 상품,4,4,4,514770,128692.5
FAMILY,쿠폰 사용,202602 생일축하쿠폰1만원 / 첫 구매 장바구니 10% 할인,포인트 미사용,일반 상품,4,4,4,501030,125257.5
FAMILY,쿠폰 사용,첫 구매 장바구니 10% 할인 / 등급할인10% / 2026년 4월 신규회원 5000원 할인,포인트 미사용,일반 상품,2,2,6,498330,249165.0
FAMILY,쿠폰 사용,첫 구매 장바구니 10% 할인 / 2026년 3월 신규회원 5000원 할인 / 등급할인10%,포인트 사용,일반 상품,2,2,5,497550,248775.0
FAMILY,쿠폰 미사용,첫 구매 장바구니 10% 할인 / 2026년 1월 신규회원 5000원 할인,포인트 미사용,일반 상품,4,4,6,496650,124162.5
FAMILY,쿠폰 사용,202511 생일축하쿠폰1만원 / 첫 구매 장바구니 10% 할인,포인트 미사용,일반 상품,2,2,2,493470,246735.0
FAMILY,쿠폰 사용,첫 구매 장바구니 10% 할인 / 202602 생일축하쿠폰1만원 / 2026년 2월 신규회원 5000원 할인,포인트 사용,일반 상품,1,1,7,486880,486880.0
FAMILY,쿠폰 사용,202604 생일축하쿠폰1만원 / 첫 구매 장바구니 10% 할인,포인트 사용,일반 상품,7,7,8,486530,69504.28571428571
FAMILY,쿠폰 사용,등급할인10% / 26년 신상품 20만원이상 2만원할인 / 202604 생일축하쿠폰1만원,포인트 사용,일반 상품,2,2,5,482620,241310.0
FAMILY,쿠폰 사용,202512 생일축하쿠폰1만원 / 첫 구매 장바구니 10% 할인,포인트 미사용,일반 상품,5,5,5,480240,96048.0
FAMILY,쿠폰 사용,25년 신상품 50만원이상 5만원할인,포인트 미사용,일반 상품,1,1,44,480000,480000.0
FAMILY,쿠폰 사용,Winter Festival 10% (오전10시),포인트 미사용,일반 상품,1,1,4,476100,476100.0
FAMILY,쿠폰 사용,"신규회원 스페셜 5,000 / GNR 스페셜 20%",포인트 미사용,일반 상품,2,2,4,475600,237800.0
FAMILY,쿠폰 사용,2026년 4월 신규회원 5000원 할인 / GNR 스페셜 20%,포인트 미사용,일반 상품,4,4,6,467200,116800.0
FAMILY,쿠폰 사용,26년 신상품 10만원이상 1만원할인 / 202605 생일축하쿠폰1만원,포인트 사용,일반 상품,3,3,5,461810,153936.66666666666
FAMILY,쿠폰 미사용,202603 생일축하쿠폰1만원,포인트 사용,일반 상품,6,6,8,461530,76921.66666666667
FAMILY,쿠폰 사용,26년 신상품 10만원이상 1만원할인 / 등급할인10% / 202605 생일축하쿠폰1만원,포인트 미사용,일반 상품,3,3,6,456700,152233.33333333334
FAMILY,쿠폰 미사용,첫 구매 장바구니 10% 할인 / 2025년 12월 신규회원 5000원 할인,포인트 사용,일반 상품,7,7,8,456140,65162.857142857145
FAMILY,쿠폰 사용,26년 신상품 30만원이상 3만원할인 / 등급할인10%,포인트 미사용,일반 상품,2,2,4,455700,227850.0
FAMILY,쿠폰 사용,HSS 30% 할인 쿠폰 / HSS 30% 할인 쿠폰,포인트 사용,일반 상품,7,6,14,453326,64760.857142857145
FAMILY,쿠폰 사용,구매 감사 장바구니 10% 할인 / 등급할인10%,포인트 사용,일반 상품,4,4,4,451430,112857.5
FAMILY,쿠폰 사용,GNR 스페셜 20% / 2026년 4월 신규회원 5000원 할인,포인트 미사용,일반 상품,5,5,6,447200,89440.0
FAMILY,쿠폰 사용,무료배송쿠폰(3만원미만 사용가능) / 첫 구매 장바구니 10% 할인,포인트 사용,일반 상품,22,22,25,442590,20117.727272727272
FAMILY,쿠폰 사용,Winter Festival 5% (오후6시) / 202511 생일축하쿠폰1만원,포인트 미사용,일반 상품,1,1,1,442030,442030.0
FAMILY,쿠폰 사용,202604 생일축하쿠폰1만원 / 첫 구매 장바구니 10% 할인,포인트 미사용,일반 상품,5,5,5,439200,87840.0
FAMILY,쿠폰 사용,26년 신상품 10만원이상 1만원할인 / 등급할인10% / 202604 생일축하쿠폰1만원,포인트 사용,일반 상품,3,3,7,437180,145726.66666666666
FAMILY,쿠폰 미사용,첫 구매 장바구니 10% 할인 / 2026년 1월 신규회원 5000원 할인,포인트 사용,일반 상품,7,7,7,433220,61888.57142857143
FAMILY,쿠폰 사용,등급할인10% / 구매 감사 장바구니 10% 할인,포인트 사용,일반 상품,4,4,6,433010,108252.5
FAMILY,쿠폰 사용,202602 생일축하쿠폰1만원 / 26년 신상품 20만원이상 2만원할인,포인트 미사용,일반 상품,2,2,3,431770,215885.0
FAMILY,쿠폰 사용,첫 구매 장바구니 10% 할인 / 2026년 1월 신규회원 5000원 할인 / F25 온라인 전용 10% 할인,포인트 사용,일반 상품,1,1,5,431710,431710.0
FAMILY,쿠폰 사용,비오는날 10% 스페셜 할인 / 26년 신상품 10만원이상 1만원할인,포인트 미사용,일반 상품,3,3,3,426300,142100.0
FAMILY,쿠폰 미사용,쿠폰 미사용,포인트 미사용,프로모션 상품,6,6,7,425000,70833.33333333333
FAMILY,쿠폰 사용,Winter Festival 10% (오후6시) / 202511 생일축하쿠폰1만원,포인트 사용,일반 상품,1,1,1,424370,424370.0
FAMILY,쿠폰 사용,2025년 11월 신규회원 5000원 할인 / Winter Festival 10% (오전10시),포인트 사용,일반 상품,1,1,1,421270,421270.0
FAMILY,쿠폰 사용,202602 생일축하쿠폰1만원 / 첫 구매 장바구니 10% 할인 / 2026년 2월 신규회원 5000원 할인,포인트 사용,일반 상품,2,2,4,420020,210010.0
FAMILY,쿠폰 사용,등급할인10% / 25년 신상품 10만원이상 1만원할인,포인트 미사용,일반 상품,3,3,3,417300,139100.0
FAMILY,쿠폰 사용,"신규회원 스페셜 5,000 / Winter Festival 20% (오전10시)",포인트 사용,일반 상품,2,2,3,416180,208090.0
FAMILY,쿠폰 사용,2026년 2월 신규회원 5000원 할인 / 첫 구매 장바구니 10% 할인 / 202602 생일축하쿠폰1만원,포인트 사용,일반 상품,1,1,2,415060,415060.0
FAMILY,쿠폰 사용,26년 신상품 20만원이상 2만원할인 / 202601 생일축하쿠폰1만원,포인트 미사용,일반 상품,2,2,6,413449,206724.5
FAMILY,쿠폰 사용,비오는날 10% 스페셜 할인,포인트 사용,일반 상품,6,6,6,410710,68451.66666666667
FAMILY,쿠폰 사용,26년 신상품 40만원이상 4만원할인 / 등급할인10%,포인트 미사용,일반 상품,1,1,1,409100,409100.0
FAMILY,쿠폰 사용,Winter Festival 10% (오후6시) / 2025년 11월 신규회원 5000원 할인,포인트 사용,일반 상품,2,2,2,407120,203560.0
FAMILY,쿠폰 사용,등급할인10% / 25년 신상품 40만원이상 4만원할인,포인트 사용,일반 상품,1,1,2,396900,396900.0
FAMILY,쿠폰 미사용,2026년 3월 신규회원 5000원 할인,포인트 미사용,일반 상품,3,3,4,396500,132166.66666666666
FAMILY,쿠폰 사용,26년 신상품 20만원이상 2만원할인 / F25 온라인 전용 10% 할인,포인트 사용,일반 상품,2,2,4,390100,195050.0
FAMILY,쿠폰 사용,26년 신상품 10만원이상 1만원할인 / 202602 생일축하쿠폰1만원,포인트 사용,일반 상품,4,4,4,388260,97065.0
FAMILY,쿠폰 사용,"신규회원 스페셜 5,000 / Winter Festival 20% (오후6시)",포인트 미사용,일반 상품,1,1,1,387440,387440.0
FAMILY,쿠폰 사용,2026년 2월 신규회원 5000원 할인 / 26년 신상품 20만원이상 2만원할인,포인트 미사용,일반 상품,2,2,4,385780,192890.0
FAMILY,쿠폰 사용,2026년 3월 신규회원 5000원 할인 / GNR 스페셜 20%,포인트 미사용,일반 상품,3,3,4,384800,128266.66666666667
FAMILY,쿠폰 사용,202601 생일축하쿠폰1만원 / 26년 신상품 10만원이상 1만원할인,포인트 사용,일반 상품,4,4,4,382480,95620.0
FAMILY,쿠폰 사용,HSS 30% 할인 쿠폰,포인트 미사용,일반 상품,7,6,7,380905,54415.0
FAMILY,쿠폰 미사용,26년 신상품 20만원이상 2만원할인,포인트 미사용,일반 상품,3,3,5,380600,126866.66666666667
FAMILY,쿠폰 사용,202602 생일축하쿠폰1만원 / 26년 신상품 40만원이상 4만원할인 / 등급할인10%,포인트 미사용,일반 상품,1,1,4,374100,374100.0
FAMILY,쿠폰 사용,26년 신상품 40만원이상 4만원할인,포인트 미사용,일반 상품,1,1,3,373000,373000.0
FAMILY,쿠폰 사용,등급할인10% / 첫 구매 장바구니 10% 할인 / 2026년 5월 신규회원 5000원 할인,포인트 미사용,일반 상품,1,1,4,368280,368280.0
FAMILY,쿠폰 사용,26년 신상품 20만원이상 2만원할인 / 202602 생일축하쿠폰1만원,포인트 사용,일반 상품,2,2,3,368150,184075.0
FAMILY,쿠폰 사용,202603 생일축하쿠폰1만원 / 26년 신상품 10만원이상 1만원할인,포인트 사용,일반 상품,4,4,5,366550,91637.5
FAMILY,쿠폰 미사용,2026년 2월 신규회원 5000원 할인,포인트 사용,일반 상품,7,7,8,366178,52311.142857142855
FAMILY,쿠폰 사용,25년 신상품 20만원이상 2만원할인 / 등급할인20% / 등급할인20%,포인트 사용,일반 상품,1,1,4,360850,360850.0
FAMILY,쿠폰 미사용,무료배송쿠폰(3만원미만 사용가능),포인트 미사용,일반 상품,15,15,17,345900,23060.0
FAMILY,쿠폰 사용,2026년 5월 신규회원 5000원 할인 / 등급할인10% / 첫 구매 장바구니 10% 할인,포인트 사용,일반 상품,1,1,4,343690,343690.0
FAMILY,쿠폰 사용,202601 생일축하쿠폰1만원 / 2026년 1월 신규회원 5000원 할인 / 첫 구매 장바구니 10% 할인,포인트 사용,일반 상품,2,2,4,341760,170880.0
FAMILY,쿠폰 사용,202603 생일축하쿠폰1만원 / 첫 구매 장바구니 10% 할인,포인트 미사용,일반 상품,2,2,3,339480,169740.0
FAMILY,쿠폰 사용,202512 생일축하쿠폰1만원 / 26년 신상품 30만원이상 3만원할인,포인트 미사용,일반 상품,1,1,1,339000,339000.0
FAMILY,쿠폰 사용,F25 온라인 전용 10% 할인,포인트 사용,일반 상품,13,13,13,338020,26001.53846153846
FAMILY,쿠폰 사용,Winter Festival 15% (오후6시),포인트 미사용,일반 상품,2,2,2,337790,168895.0
FAMILY,쿠폰 미사용,202603 생일축하쿠폰1만원,포인트 미사용,일반 상품,4,4,5,337500,84375.0
FAMILY,쿠폰 사용,202511 생일축하쿠폰1만원 / 25년 신상품 10만원이상 1만원할인,포인트 사용,일반 상품,3,3,5,337020,112340.0
FAMILY,쿠폰 사용,첫 구매 장바구니 10% 할인 / 202601 생일축하쿠폰1만원 / 2026년 1월 신규회원 5000원 할인,포인트 미사용,일반 상품,2,2,3,336420,168210.0
FAMILY,쿠폰 사용,26년 신상품 30만원이상 3만원할인 / 202605 생일축하쿠폰1만원 / 등급할인10%,포인트 사용,일반 상품,1,1,2,332270,332270.0
FAMILY,쿠폰 사용,25년 신상품 30만원이상 3만원할인 / 2025년 12월 신규회원 5000원 할인,포인트 사용,일반 상품,1,1,1,332000,332000.0
FAMILY,쿠폰 사용,26년 신상품 10만원이상 1만원할인 / 202604 생일축하쿠폰1만원,포인트 사용,일반 상품,3,3,3,330550,110183.33333333333
FAMILY,쿠폰 사용,26년 신상품 30만원이상 3만원할인 / 202512 생일축하쿠폰1만원,포인트 사용,일반 상품,1,1,1,327000,327000.0
FAMILY,쿠폰 사용,25년 신상품 30만원이상 3만원할인,포인트 사용,일반 상품,1,1,1,322070,322070.0
FAMILY,쿠폰 사용,202601 생일축하쿠폰1만원 / 26년 신상품 30만원이상 3만원할인,포인트 미사용,일반 상품,1,1,1,319000,319000.0
FAMILY,쿠폰 사용,GNR 스페셜 20% / 등급할인10% / 2026년 3월 신규회원 5000원 할인,포인트 미사용,일반 상품,1,1,4,316080,316080.0
FAMILY,쿠폰 사용,26년 신상품 30만원이상 3만원할인 / 202603 생일축하쿠폰1만원 / 등급할인10%,포인트 사용,일반 상품,1,1,3,313410,313410.0
FAMILY,쿠폰 사용,등급할인10% / 25년 신상품 30만원이상 3만원할인 / 202511 생일축하쿠폰1만원,포인트 사용,일반 상품,1,1,4,312650,312650.0
FAMILY,쿠폰 미사용,첫 구매 장바구니 10% 할인 / 2026년 4월 신규회원 5000원 할인,포인트 미사용,일반 상품,3,3,5,311500,103833.33333333333
FAMILY,쿠폰 사용,2025년 11월 신규회원 5000원 할인 / Winter Festival 15% (오후6시),포인트 미사용,일반 상품,1,1,1,311440,311440.0
FAMILY,쿠폰 사용,등급할인10% / 26년 신상품 10만원이상 1만원할인 / 202604 생일축하쿠폰1만원,포인트 사용,일반 상품,2,2,3,310130,155065.0
FAMILY,쿠폰 사용,"Winter Festival 15% (오전10시) / 신규회원 스페셜 5,000",포인트 사용,일반 상품,1,1,1,309440,309440.0
FAMILY,쿠폰 사용,비오는날 10% 스페셜 할인 / 26년 신상품 30만원이상 3만원할인,포인트 사용,일반 상품,1,1,3,305000,305000.0
FAMILY,쿠폰 사용,"202604 생일축하쿠폰1만원 / 무료배송쿠폰(등급혜택, 3만원미만 사용가능)",포인트 사용,일반 상품,15,15,15,304630,20308.666666666668
FAMILY,쿠폰 사용,GNR 스페셜 20% / 2026년 3월 신규회원 5000원 할인,포인트 미사용,일반 상품,3,3,8,301600,100533.33333333333
FAMILY,쿠폰 사용,Winter Festival 20% (오전10시),포인트 사용,일반 상품,2,2,2,301200,150600.0
FAMILY,쿠폰 사용,202604 생일축하쿠폰1만원 / 26년 신상품 20만원이상 2만원할인,포인트 미사용,일반 상품,1,1,3,297800,297800.0
FAMILY,쿠폰 사용,2026년 3월 신규회원 5000원 할인 / 등급할인10% / 첫 구매 장바구니 10% 할인,포인트 사용,일반 상품,1,1,2,295990,295990.0
FAMILY,쿠폰 사용,Winter Festival 20% (오전10시) / 2025년 11월 신규회원 5000원 할인,포인트 미사용,일반 상품,1,1,1,293120,293120.0
FAMILY,쿠폰 사용,26년 신상품 10만원이상 1만원할인 / 202603 생일축하쿠폰1만원,포인트 사용,일반 상품,3,3,8,290870,96956.66666666667
FAMILY,쿠폰 사용,26년 신상품 20만원이상 2만원할인 / 202512 생일축하쿠폰1만원,포인트 미사용,일반 상품,1,1,2,286300,286300.0
FAMILY,쿠폰 사용,등급할인10% / 25년 신상품 30만원이상 3만원할인,포인트 사용,일반 상품,1,1,1,286090,286090.0
FAMILY,쿠폰 사용,첫 구매 장바구니 10% 할인 / 등급할인10% / 202604 생일축하쿠폰1만원,포인트 사용,일반 상품,1,1,2,286090,286090.0
FAMILY,쿠폰 사용,첫 구매 장바구니 10% 할인 / 무료배송쿠폰(3만원미만 사용가능),포인트 미사용,일반 상품,14,14,16,284400,20314.285714285714
FAMILY,쿠폰 사용,2026년 2월 신규회원 5000원 할인 / 26년 신상품 20만원이상 2만원할인,포인트 사용,일반 상품,1,1,2,283000,283000.0
FAMILY,쿠폰 사용,"신규회원 스페셜 5,000 / GNR 스페셜 20%",포인트 사용,일반 상품,1,1,2,280400,280400.0
FAMILY,쿠폰 사용,26년 신상품 20만원이상 2만원할인 / F25 온라인 전용 10% 할인 / 202602 생일축하쿠폰1만원 / 2026년 2월 신규회원 5000원 할인,포인트 미사용,일반 상품,1,1,3,279100,279100.0
FAMILY,쿠폰 사용,등급할인10% / 202605 생일축하쿠폰1만원 / 26년 신상품 10만원이상 1만원할인,포인트 사용,일반 상품,2,2,6,273320,136660.0
FAMILY,쿠폰 사용,202605 생일축하쿠폰1만원 / 첫 구매 장바구니 10% 할인,포인트 미사용,일반 상품,4,4,4,271980,67995.0
FAMILY,쿠폰 사용,26년 신상품 30만원이상 3만원할인 / 202605 생일축하쿠폰1만원,포인트 사용,일반 상품,1,1,4,270920,270920.0
FAMILY,쿠폰 사용,첫 구매 장바구니 10% 할인 / 2026년 1월 신규회원 5000원 할인 / 202601 생일축하쿠폰1만원,포인트 사용,일반 상품,2,2,4,267800,133900.0
FAMILY,쿠폰 미사용,26년 신상품 10만원이상 1만원할인,포인트 미사용,일반 상품,4,4,5,267100,66775.0
FAMILY,쿠폰 사용,2026년 3월 신규회원 5000원 할인 / GNR 스페셜 20%,포인트 사용,일반 상품,3,3,3,264600,88200.0
FAMILY,쿠폰 사용,202601 생일축하쿠폰1만원 / 등급할인10% / 26년 신상품 20만원이상 2만원할인,포인트 미사용,일반 상품,1,1,2,256100,256100.0
FAMILY,쿠폰 미사용,등급할인10% / 26년 신상품 20만원이상 2만원할인,포인트 미사용,일반 상품,2,2,4,252950,126475.0
FAMILY,쿠폰 사용,2026년 4월 신규회원 5000원 할인 / 등급할인10% / GNR 스페셜 20%,포인트 사용,일반 상품,1,1,3,246880,246880.0
FAMILY,쿠폰 사용,202511 생일축하쿠폰1만원 / 25년 신상품 20만원이상 2만원할인,포인트 사용,일반 상품,1,1,2,246160,246160.0
FAMILY,쿠폰 사용,2026년 5월 신규회원 5000원 할인 / 첫 구매 장바구니 10% 할인 / 등급할인10%,포인트 사용,일반 상품,1,1,2,241290,241290.0
FAMILY,쿠폰 사용,202511 생일축하쿠폰1만원 / Winter Festival 5% (오후6시),포인트 미사용,일반 상품,1,1,1,240730,240730.0
FAMILY,쿠폰 사용,등급할인10% / 26년 신상품 20만원이상 2만원할인 / 202602 생일축하쿠폰1만원,포인트 사용,일반 상품,1,1,3,237720,237720.0
FAMILY,쿠폰 미사용,26년 신상품 30만원이상 3만원할인,포인트 사용,일반 상품,2,2,2,232720,116360.0
FAMILY,쿠폰 사용,GNR 스페셜 20% / 202604 생일축하쿠폰1만원,포인트 사용,일반 상품,1,1,1,229200,229200.0
FAMILY,쿠폰 미사용,202605 생일축하쿠폰1만원,포인트 사용,일반 상품,4,4,5,229140,57285.0
FAMILY,쿠폰 사용,"무료배송쿠폰(등급혜택, 3만원미만 사용가능) / 202604 생일축하쿠폰1만원",포인트 사용,일반 상품,11,11,11,227800,20709.090909090908
FAMILY,쿠폰 사용,등급할인10% / 2026년 3월 신규회원 5000원 할인 / GNR 스페셜 20%,포인트 미사용,일반 상품,1,1,2,227280,227280.0
FAMILY,쿠폰 사용,등급할인10% / 2026년 4월 신규회원 5000원 할인 / 첫 구매 장바구니 10% 할인,포인트 사용,일반 상품,1,1,3,225790,225790.0
FAMILY,쿠폰 사용,202605 생일축하쿠폰1만원 / 26년 신상품 10만원이상 1만원할인,포인트 사용,일반 상품,2,2,4,222100,111050.0
FAMILY,쿠폰 사용,2026년 6월 신규회원 5000원 할인,포인트 미사용,일반 상품,3,3,3,222000,74000.0
FAMILY,쿠폰 사용,202605 생일축하쿠폰1만원 / 26년 신상품 20만원이상 2만원할인 / 등급할인10%,포인트 사용,일반 상품,1,1,4,221270,221270.0
FAMILY,쿠폰 미사용,GNR 스페셜 20%,포인트 미사용,일반 상품,4,4,4,220600,55150.0
FAMILY,쿠폰 미사용,26년 신상품 20만원이상 2만원할인 / 등급할인10%,포인트 사용,일반 상품,3,3,3,219710,73236.66666666667
FAMILY,쿠폰 사용,26년 신상품 20만원이상 2만원할인 / HSS 30% 할인 쿠폰 / HSS 30% 할인 쿠폰,포인트 미사용,일반 상품,1,1,2,218000,218000.0
FAMILY,쿠폰 미사용,Winter Festival 5% (오후6시),포인트 사용,일반 상품,1,1,2,217270,217270.0
FAMILY,쿠폰 사용,202512 생일축하쿠폰1만원 / 25년 신상품 10만원이상 1만원할인,포인트 미사용,일반 상품,2,2,3,217000,108500.0
FAMILY,쿠폰 사용,202604 생일축하쿠폰1만원 / 첫 구매 장바구니 10% 할인 / 2026년 4월 신규회원 5000원 할인,포인트 사용,일반 상품,1,1,3,215800,215800.0
FAMILY,쿠폰 사용,26년 신상품 20만원이상 2만원할인 / 2026년 4월 신규회원 5000원 할인,포인트 미사용,일반 상품,1,1,1,214000,214000.0
FAMILY,쿠폰 사용,26년 신상품 20만원이상 2만원할인 / 202603 생일축하쿠폰1만원,포인트 사용,일반 상품,1,1,2,213020,213020.0
FAMILY,쿠폰 미사용,2025년 12월 신규회원 5000원 할인,포인트 미사용,일반 상품,4,4,5,210000,52500.0
FAMILY,쿠폰 미사용,202605 생일축하쿠폰1만원 / 26년 신상품 20만원이상 2만원할인 / 등급할인10%,포인트 사용,일반 상품,1,1,1,206860,206860.0
FAMILY,쿠폰 사용,2026년 3월 신규회원 5000원 할인 / 첫 구매 장바구니 10% 할인 / 202603 생일축하쿠폰1만원,포인트 미사용,일반 상품,1,1,2,201060,201060.0
FAMILY,쿠폰 사용,202604 생일축하쿠폰1만원 / 구매 감사 장바구니 10% 할인 / 등급할인10%,포인트 사용,일반 상품,1,1,4,200280,200280.0
FAMILY,쿠폰 사용,등급할인10% / 첫 구매 장바구니 10% 할인 / 2026년 5월 신규회원 5000원 할인,포인트 사용,일반 상품,1,1,3,198790,198790.0
FAMILY,쿠폰 사용,2026년 4월 신규회원 5000원 할인 / 첫 구매 장바구니 10% 할인 / 등급할인10%,포인트 사용,일반 상품,1,1,2,198290,198290.0
FAMILY,쿠폰 사용,26년 신상품 10만원이상 1만원할인 / 202601 생일축하쿠폰1만원,포인트 사용,일반 상품,2,2,4,197120,98560.0
FAMILY,쿠폰 사용,26년 신상품 20만원이상 2만원할인 / HSS 30% 할인 쿠폰 / HSS 30% 할인 쿠폰 / HSS 30% 할인 쿠폰,포인트 사용,일반 상품,1,1,3,196790,196790.0
FAMILY,쿠폰 사용,등급할인10% / 26년 신상품 20만원이상 2만원할인 / 202605 생일축하쿠폰1만원,포인트 미사용,일반 상품,1,1,2,196100,196100.0
FAMILY,쿠폰 미사용,등급할인10% / 26년 신상품 20만원이상 2만원할인,포인트 사용,일반 상품,2,2,2,194720,97360.0
FAMILY,쿠폰 사용,26년 신상품 20만원이상 2만원할인 / 202602 생일축하쿠폰1만원 / 등급할인10%,포인트 미사용,일반 상품,1,1,2,194300,194300.0
FAMILY,쿠폰 사용,26년 신상품 20만원이상 2만원할인 / HSS 30% 할인 쿠폰,포인트 미사용,일반 상품,1,1,1,189000,189000.0
FAMILY,쿠폰 사용,무료배송쿠폰(3만원미만 사용가능) / 첫 구매 장바구니 10% 할인,포인트 미사용,일반 상품,9,9,9,189000,21000.0
FAMILY,쿠폰 사용,2026년 4월 신규회원 5000원 할인 / 등급할인10% / 첫 구매 장바구니 10% 할인,포인트 미사용,일반 상품,1,1,2,188190,188190.0
FAMILY,쿠폰 미사용,"신규회원 스페셜 5,000",포인트 사용,일반 상품,2,2,2,187340,93670.0
FAMILY,쿠폰 사용,202605 생일축하쿠폰1만원 / 26년 신상품 10만원이상 1만원할인 / 등급할인10%,포인트 미사용,일반 상품,1,1,2,187100,187100.0
FAMILY,쿠폰 사용,25년 신상품 20만원이상 2만원할인 / 등급할인10%,포인트 미사용,일반 상품,1,1,1,186100,186100.0
FAMILY,쿠폰 사용,26년 신상품 20만원이상 2만원할인 / 등급할인10% / 202604 생일축하쿠폰1만원,포인트 사용,일반 상품,1,1,1,185120,185120.0
FAMILY,쿠폰 미사용,25년 신상품 10만원이상 1만원할인,포인트 사용,일반 상품,2,2,4,183840,91920.0
FAMILY,쿠폰 사용,등급할인10% / 202603 생일축하쿠폰1만원 / 26년 신상품 20만원이상 2만원할인,포인트 사용,일반 상품,1,1,2,182650,182650.0
FAMILY,쿠폰 사용,26년 신상품 10만원이상 1만원할인 / 등급할인10% / 202605 생일축하쿠폰1만원,포인트 사용,일반 상품,1,1,2,182100,182100.0
FAMILY,쿠폰 사용,Winter Festival 5% (오후6시),포인트 사용,일반 상품,1,1,2,180220,180220.0
FAMILY,쿠폰 사용,Winter Festival 10% (오후6시) / 2025년 11월 신규회원 5000원 할인,포인트 미사용,일반 상품,2,2,2,180000,90000.0
FAMILY,쿠폰 사용,등급할인10% / 202601 생일축하쿠폰1만원,포인트 사용,일반 상품,2,2,4,179380,89690.0
FAMILY,쿠폰 사용,첫 구매 장바구니 10% 할인 / HSS 30% 할인 쿠폰,포인트 미사용,일반 상품,1,1,1,179100,179100.0
FAMILY,쿠폰 사용,26년 신상품 10만원이상 1만원할인 / 202603 생일축하쿠폰1만원,포인트 미사용,일반 상품,1,1,1,179000,179000.0
FAMILY,쿠폰 사용,GNR 스페셜 20% / 등급할인10%,포인트 미사용,일반 상품,2,2,2,178560,89280.0
FAMILY,쿠폰 미사용,첫 구매 장바구니 10% 할인 / 2026년 2월 신규회원 5000원 할인,포인트 사용,일반 상품,3,3,3,177110,59036.666666666664
FAMILY,쿠폰 사용,25년 신상품 10만원이상 1만원할인 / 등급할인20%,포인트 사용,일반 상품,2,2,2,176780,88390.0
FAMILY,쿠폰 사용,Winter Festival 10% (오전10시) / 2025년 11월 신규회원 5000원 할인,포인트 사용,일반 상품,1,1,1,176560,176560.0
FAMILY,쿠폰 사용,26년 신상품 20만원이상 2만원할인 / 등급할인10% / 202602 생일축하쿠폰1만원,포인트 사용,일반 상품,1,1,2,174300,174300.0
FAMILY,쿠폰 사용,202605 생일축하쿠폰1만원 / 등급할인10% / 26년 신상품 10만원이상 1만원할인,포인트 사용,일반 상품,1,1,2,174000,174000.0
FAMILY,쿠폰 사용,202601 생일축하쿠폰1만원 / 등급할인10% / 26년 신상품 10만원이상 1만원할인,포인트 사용,일반 상품,1,1,2,171840,171840.0
FAMILY,쿠폰 사용,202605 생일축하쿠폰1만원 / 26년 신상품 20만원이상 2만원할인,포인트 사용,일반 상품,1,1,2,169590,169590.0
FAMILY,쿠폰 사용,25년 신상품 10만원이상 1만원할인 / 202512 생일축하쿠폰1만원,포인트 미사용,일반 상품,1,1,1,169000,169000.0
FAMILY,쿠폰 사용,"첫 구매 장바구니 10% 할인 / 신규회원 스페셜 5,000 / 등급할인10%",포인트 사용,일반 상품,1,1,2,168590,168590.0
FAMILY,쿠폰 사용,2026년 5월 신규회원 5000원 할인 / 등급할인10%,포인트 사용,일반 상품,1,1,2,168520,168520.0
FAMILY,쿠폰 사용,F25 온라인 전용 10% 할인 / 첫 구매 장바구니 10% 할인,포인트 사용,일반 상품,5,5,5,168350,33670.0
FAMILY,쿠폰 사용,"첫 구매 장바구니 10% 할인 / 202604 생일축하쿠폰1만원 / 신규회원 스페셜 5,000",포인트 사용,일반 상품,1,1,2,168260,168260.0
FAMILY,쿠폰 사용,"무료배송쿠폰(등급혜택, 3만원미만 사용가능) / 202601 생일축하쿠폰1만원",포인트 사용,일반 상품,10,10,10,167209,16720.9
FAMILY,쿠폰 사용,첫 구매 장바구니 10% 할인 / F25 온라인 전용 10% 할인,포인트 사용,일반 상품,5,5,6,167050,33410.0
FAMILY,쿠폰 사용,HSS 30% 할인 쿠폰 / HSS 30% 할인 쿠폰 / 26년 신상품 10만원이상 1만원할인 / HSS 30% 할인 쿠폰,포인트 미사용,일반 상품,1,1,3,163810,163810.0
FAMILY,쿠폰 사용,"신규회원 스페셜 5,000 / Winter Festival 15% (오후6시)",포인트 사용,일반 상품,1,1,1,163640,163640.0
FAMILY,쿠폰 사용,202602 생일축하쿠폰1만원 / 2026년 2월 신규회원 5000원 할인,포인트 미사용,일반 상품,1,1,2,163000,163000.0
FAMILY,쿠폰 사용,첫 구매 장바구니 10% 할인 / 등급할인10% / 2026년 3월 신규회원 5000원 할인,포인트 사용,일반 상품,1,1,2,161870,161870.0
FAMILY,쿠폰 미사용,2025년 11월 신규회원 5000원 할인 / 첫 구매 장바구니 10% 할인,포인트 사용,일반 상품,2,2,2,160500,80250.0
FAMILY,쿠폰 미사용,202601 생일축하쿠폰1만원 / 등급할인10% / 26년 신상품 10만원이상 1만원할인,포인트 사용,일반 상품,1,1,2,159560,159560.0
FAMILY,쿠폰 사용,등급할인10% / 202601 생일축하쿠폰1만원,포인트 미사용,일반 상품,1,1,2,159500,159500.0
FAMILY,쿠폰 미사용,첫 구매 장바구니 10% 할인 / 2026년 3월 신규회원 5000원 할인,포인트 사용,일반 상품,1,1,2,157330,157330.0
FAMILY,쿠폰 사용,202605 생일축하쿠폰1만원 / 첫 구매 장바구니 10% 할인,포인트 사용,일반 상품,2,2,3,155480,77740.0
FAMILY,쿠폰 미사용,2026년 2월 신규회원 5000원 할인 / 첫 구매 장바구니 10% 할인,포인트 사용,일반 상품,2,2,4,154690,77345.0
FAMILY,쿠폰 사용,26년 신상품 10만원이상 1만원할인 / 202602 생일축하쿠폰1만원 / 등급할인10%,포인트 사용,일반 상품,1,1,2,152700,152700.0
FAMILY,쿠폰 미사용,첫 구매 장바구니 10% 할인 / 2025년 12월 신규회원 5000원 할인,포인트 미사용,일반 상품,3,3,5,151000,50333.333333333336
FAMILY,쿠폰 사용,HSS 30% 할인 쿠폰 / 첫 구매 장바구니 10% 할인 / HSS 30% 할인 쿠폰,포인트 사용,일반 상품,1,1,2,150660,150660.0
FAMILY,쿠폰 사용,2025년 11월 신규회원 5000원 할인 / Winter Festival 20% (오후6시),포인트 미사용,일반 상품,1,1,1,149120,149120.0
FAMILY,쿠폰 사용,26년 신상품 10만원이상 1만원할인 / 202604 생일축하쿠폰1만원,포인트 미사용,일반 상품,1,1,2,148000,148000.0
FAMILY,쿠폰 미사용,"첫 구매 장바구니 10% 할인 / 신규회원 스페셜 5,000",포인트 사용,일반 상품,3,3,5,146980,48993.333333333336
FAMILY,쿠폰 사용,"F25 온라인 전용 10% 할인 / 첫 구매 장바구니 10% 할인 / 신규회원 스페셜 5,000",포인트 사용,일반 상품,1,1,2,145690,145690.0
FAMILY,쿠폰 사용,"신규회원 스페셜 5,000 / 첫 구매 장바구니 10% 할인 / 등급할인10%",포인트 사용,일반 상품,1,1,3,145310,145310.0
FAMILY,쿠폰 미사용,GNR 스페셜 20% / 2026년 4월 신규회원 5000원 할인,포인트 사용,일반 상품,2,2,2,145200,72600.0
FAMILY,쿠폰 사용,202601 생일축하쿠폰1만원 / 등급할인10%,포인트 사용,일반 상품,1,1,2,145080,145080.0
FAMILY,쿠폰 사용,"202603 생일축하쿠폰1만원 / 무료배송쿠폰(등급혜택, 3만원미만 사용가능)",포인트 사용,일반 상품,6,6,6,144270,24045.0
FAMILY,쿠폰 사용,첫 구매 장바구니 10% 할인 / 비오는날 10% 스페셜 할인,포인트 미사용,일반 상품,2,2,2,144180,72090.0
FAMILY,쿠폰 사용,F25 온라인 전용 10% 할인 / 첫 구매 장바구니 10% 할인,포인트 미사용,일반 상품,2,2,2,144180,72090.0
FAMILY,쿠폰 미사용,25년 신상품 10만원이상 1만원할인 / 등급할인20%,포인트 사용,일반 상품,1,1,2,140990,140990.0
FAMILY,쿠폰 사용,"등급할인10% / 신규회원 스페셜 5,000 / 첫 구매 장바구니 10% 할인",포인트 사용,일반 상품,1,1,2,139090,139090.0
FAMILY,쿠폰 사용,26년 신상품 10만원이상 1만원할인 / 202601 생일축하쿠폰1만원,포인트 미사용,일반 상품,1,1,1,139000,139000.0
FAMILY,쿠폰 사용,25년 신상품 10만원이상 1만원할인 / 202511 생일축하쿠폰1만원,포인트 미사용,일반 상품,1,1,1,139000,139000.0
FAMILY,쿠폰 사용,26년 신상품 10만원이상 1만원할인 / 202605 생일축하쿠폰1만원,포인트 미사용,일반 상품,1,1,1,139000,139000.0
FAMILY,쿠폰 사용,비오는날 10% 스페셜 할인 / 26년 신상품 10만원이상 1만원할인,포인트 사용,일반 상품,1,1,1,137640,137640.0
FAMILY,쿠폰 사용,"무료배송쿠폰(등급혜택, 3만원미만 사용가능) / 첫 구매 장바구니 10% 할인",포인트 사용,일반 상품,6,6,6,137370,22895.0
FAMILY,쿠폰 사용,26년 신상품 10만원이상 1만원할인 / 202603 생일축하쿠폰1만원 / 등급할인10%,포인트 미사용,일반 상품,1,1,2,137100,137100.0
FAMILY,쿠폰 미사용,2026년 3월 신규회원 5000원 할인 / 첫 구매 장바구니 10% 할인,포인트 미사용,일반 상품,2,2,2,135500,67750.0
FAMILY,쿠폰 사용,202603 생일축하쿠폰1만원 / 2026년 3월 신규회원 5000원 할인 / 첫 구매 장바구니 10% 할인,포인트 사용,일반 상품,1,1,2,135230,135230.0
FAMILY,쿠폰 미사용,26년 신상품 40만원이상 4만원할인,포인트 사용,일반 상품,2,2,2,134840,67420.0
FAMILY,쿠폰 미사용,등급할인10% / GNR 스페셜 20%,포인트 미사용,일반 상품,1,1,1,132300,132300.0
FAMILY,쿠폰 사용,2026년 3월 신규회원 5000원 할인 / 26년 신상품 10만원이상 1만원할인,포인트 사용,일반 상품,1,1,1,132000,132000.0
FAMILY,쿠폰 사용,"무료배송쿠폰(등급혜택, 3만원미만 사용가능) / 202603 생일축하쿠폰1만원",포인트 사용,일반 상품,6,6,6,131880,21980.0
FAMILY,쿠폰 사용,첫 구매 장바구니 10% 할인 / 2026년 5월 신규회원 5000원 할인 / 202605 생일축하쿠폰1만원,포인트 사용,일반 상품,1,1,2,130570,130570.0
FAMILY,쿠폰 사용,2026년 5월 신규회원 5000원 할인 / 첫 구매 장바구니 10% 할인 / 등급할인10%,포인트 미사용,일반 상품,1,1,2,129690,129690.0
FAMILY,쿠폰 사용,26년 신상품 10만원이상 1만원할인 / 202602 생일축하쿠폰1만원,포인트 미사용,일반 상품,1,1,1,129000,129000.0
FAMILY,쿠폰 사용,202603 생일축하쿠폰1만원 / 2026년 3월 신규회원 5000원 할인 / 첫 구매 장바구니 10% 할인,포인트 미사용,일반 상품,1,1,2,128880,128880.0
FAMILY,쿠폰 사용,등급할인10% / 2026년 4월 신규회원 5000원 할인 / 첫 구매 장바구니 10% 할인,포인트 미사용,일반 상품,1,1,1,128790,128790.0
FAMILY,쿠폰 사용,GNR 스페셜 20% / 등급할인10% / 2026년 4월 신규회원 5000원 할인,포인트 사용,일반 상품,1,1,2,128120,128120.0
FAMILY,쿠폰 사용,등급할인10% / 25년 신상품 10만원이상 1만원할인 / 202512 생일축하쿠폰1만원,포인트 사용,일반 상품,1,1,2,128100,128100.0
FAMILY,쿠폰 사용,26년 신상품 10만원이상 1만원할인 / 202512 생일축하쿠폰1만원,포인트 사용,일반 상품,1,1,1,127000,127000.0
FAMILY,쿠폰 미사용,2025년 12월 신규회원 5000원 할인 / 202512 생일축하쿠폰1만원,포인트 사용,일반 상품,1,1,3,126880,126880.0
FAMILY,쿠폰 미사용,2026년 1월 신규회원 5000원 할인 / 첫 구매 장바구니 10% 할인,포인트 사용,일반 상품,4,4,6,124640,31160.0
FAMILY,쿠폰 사용,25년 신상품 10만원이상 1만원할인 / 2025년 12월 신규회원 5000원 할인,포인트 미사용,일반 상품,1,1,1,124000,124000.0
FAMILY,쿠폰 사용,HSS 30% 할인 쿠폰 / HSS 30% 할인 쿠폰 / HSS 30% 할인 쿠폰 / HSS 30% 할인 쿠폰,포인트 미사용,일반 상품,1,1,4,123410,123410.0
FAMILY,쿠폰 사용,2026년 2월 신규회원 5000원 할인 / 202602 생일축하쿠폰1만원 / 첫 구매 장바구니 10% 할인,포인트 사용,일반 상품,1,1,2,121840,121840.0
FAMILY,쿠폰 미사용,202602 생일축하쿠폰1만원,포인트 미사용,일반 상품,5,5,6,119300,23860.0
FAMILY,쿠폰 미사용,2026년 3월 신규회원 5000원 할인 / GNR 스페셜 20%,포인트 미사용,일반 상품,1,1,1,119200,119200.0
FAMILY,쿠폰 미사용,26년 신상품 20만원이상 2만원할인 / 등급할인10%,포인트 미사용,일반 상품,1,1,1,119200,119200.0
FAMILY,쿠폰 사용,202604 생일축하쿠폰1만원 / 등급할인10% / 26년 신상품 10만원이상 1만원할인,포인트 사용,일반 상품,1,1,3,119100,119100.0
FAMILY,쿠폰 사용,202512 생일축하쿠폰1만원 / 26년 신상품 10만원이상 1만원할인,포인트 미사용,일반 상품,1,1,1,119000,119000.0
FAMILY,쿠폰 사용,202511 생일축하쿠폰1만원 / 25년 신상품 10만원이상 1만원할인,포인트 미사용,일반 상품,1,1,1,119000,119000.0
FAMILY,쿠폰 사용,202512 생일축하쿠폰1만원 / 26년 신상품 10만원이상 1만원할인,포인트 사용,일반 상품,1,1,1,115540,115540.0
FAMILY,쿠폰 사용,F25 온라인 전용 10% 할인,포인트 미사용,일반 상품,2,2,2,115200,57600.0
FAMILY,쿠폰 사용,"202602 생일축하쿠폰1만원 / 신규회원 스페셜 5,000 / 첫 구매 장바구니 10% 할인",포인트 사용,일반 상품,1,1,2,114700,114700.0
FAMILY,쿠폰 사용,첫 구매 장바구니 10% 할인 / 등급할인10% / 2026년 5월 신규회원 5000원 할인,포인트 미사용,일반 상품,1,1,2,113490,113490.0
FAMILY,쿠폰 사용,등급할인20%,포인트 미사용,일반 상품,1,1,1,111200,111200.0
FAMILY,쿠폰 사용,"등급할인10% / 첫 구매 장바구니 10% 할인 / 신규회원 스페셜 5,000",포인트 사용,일반 상품,1,1,2,110590,110590.0
FAMILY,쿠폰 사용,26년 신상품 10만원이상 1만원할인 / HSS 30% 할인 쿠폰 / HSS 30% 할인 쿠폰,포인트 사용,일반 상품,1,1,2,110040,110040.0
FAMILY,쿠폰 사용,25년 신상품 10만원이상 1만원할인 / 202512 생일축하쿠폰1만원 / 등급할인10%,포인트 사용,일반 상품,1,1,2,109100,109100.0
FAMILY,쿠폰 사용,첫 구매 장바구니 10% 할인 / 등급할인10% / 202604 생일축하쿠폰1만원,포인트 미사용,일반 상품,1,1,2,108990,108990.0
FAMILY,쿠폰 사용,2025년 11월 신규회원 5000원 할인 / Winter Festival 10% (오후6시),포인트 미사용,일반 상품,1,1,1,108000,108000.0
FAMILY,쿠폰 사용,"Winter Festival 10% (오전10시) / 신규회원 스페셜 5,000",포인트 미사용,일반 상품,1,1,1,108000,108000.0
FAMILY,쿠폰 미사용,HSS 30% 할인 쿠폰,포인트 사용,일반 상품,4,3,5,107770,26942.5
FAMILY,쿠폰 사용,2026년 3월 신규회원 5000원 할인 / 202603 생일축하쿠폰1만원,포인트 사용,일반 상품,1,1,2,107000,107000.0
FAMILY,쿠폰 사용,2025년 12월 신규회원 5000원 할인 / 첫 구매 장바구니 10% 할인 / 202512 생일축하쿠폰1만원,포인트 사용,일반 상품,1,1,2,106900,106900.0
FAMILY,쿠폰 미사용,2026년 5월 신규회원 5000원 할인 / 첫 구매 장바구니 10% 할인,포인트 사용,일반 상품,3,3,3,106800,35600.0
FAMILY,쿠폰 미사용,등급할인10% / 26년 신상품 40만원이상 4만원할인,포인트 사용,일반 상품,2,2,2,106330,53165.0
FAMILY,쿠폰 사용,첫 구매 장바구니 10% 할인 / 2025년 12월 신규회원 5000원 할인 / 202512 생일축하쿠폰1만원,포인트 미사용,일반 상품,1,1,2,105660,105660.0
FAMILY,쿠폰 사용,HSS 30% 할인 쿠폰 / 첫 구매 장바구니 10% 할인 / HSS 30% 할인 쿠폰 / HSS 30% 할인 쿠폰,포인트 미사용,일반 상품,1,1,3,105336,105336.0
FAMILY,쿠폰 미사용,202604 생일축하쿠폰1만원,포인트 미사용,일반 상품,2,2,2,105300,52650.0
FAMILY,쿠폰 사용,등급할인10% / 202605 생일축하쿠폰1만원 / 첫 구매 장바구니 10% 할인,포인트 사용,일반 상품,1,1,2,104990,104990.0
FAMILY,쿠폰 사용,26년 신상품 10만원이상 1만원할인 / 2026년 4월 신규회원 5000원 할인,포인트 미사용,일반 상품,1,1,1,104000,104000.0
FAMILY,쿠폰 사용,첫 구매 장바구니 10% 할인 / 2026년 2월 신규회원 5000원 할인 / 202602 생일축하쿠폰1만원,포인트 사용,일반 상품,1,1,2,103700,103700.0
FAMILY,쿠폰 사용,"첫 구매 장바구니 10% 할인 / 등급할인10% / 신규회원 스페셜 5,000",포인트 사용,일반 상품,1,1,2,103230,103230.0
FAMILY,쿠폰 사용,등급할인10% / 202511 생일축하쿠폰1만원,포인트 사용,일반 상품,1,1,2,102320,102320.0
FAMILY,쿠폰 미사용,26년 신상품 30만원이상 3만원할인,포인트 미사용,일반 상품,2,2,2,102300,51150.0
FAMILY,쿠폰 사용,2026년 4월 신규회원 5000원 할인 / 26년 신상품 10만원이상 1만원할인,포인트 사용,일반 상품,1,1,1,102000,102000.0
FAMILY,쿠폰 사용,26년 신상품 10만원이상 1만원할인 / 2026년 3월 신규회원 5000원 할인,포인트 사용,일반 상품,1,1,1,102000,102000.0
FAMILY,쿠폰 사용,202604 생일축하쿠폰1만원 / 구매 감사 장바구니 10% 할인,포인트 사용,일반 상품,1,1,1,101900,101900.0
FAMILY,쿠폰 사용,2026년 3월 신규회원 5000원 할인 / 202603 생일축하쿠폰1만원 / GNR 스페셜 20%,포인트 사용,일반 상품,1,1,2,101500,101500.0
FAMILY,쿠폰 사용,무료배송쿠폰(3만원미만 사용가능) / 202512 생일축하쿠폰1만원,포인트 사용,일반 상품,5,5,5,99520,19904.0
FAMILY,쿠폰 사용,"202512 생일축하쿠폰1만원 / 무료배송쿠폰(등급혜택, 3만원미만 사용가능)",포인트 사용,일반 상품,4,4,4,99320,24830.0
FAMILY,쿠폰 사용,26년 신상품 10만원이상 1만원할인 / 202512 생일축하쿠폰1만원,포인트 미사용,일반 상품,1,1,1,99000,99000.0
FAMILY,쿠폰 사용,202604 생일축하쿠폰1만원 / 등급할인10%,포인트 사용,일반 상품,1,1,2,98400,98400.0
FAMILY,쿠폰 미사용,2026년 5월 신규회원 5000원 할인,포인트 사용,일반 상품,2,2,2,97270,48635.0
FAMILY,쿠폰 사용,첫 구매 장바구니 10% 할인 / 202605 생일축하쿠폰1만원 / 2026년 5월 신규회원 5000원 할인,포인트 사용,일반 상품,1,1,2,97070,97070.0
FAMILY,쿠폰 사용,"202605 생일축하쿠폰1만원 / 무료배송쿠폰(등급혜택, 3만원미만 사용가능)",포인트 사용,일반 상품,5,5,5,96300,19260.0
FAMILY,쿠폰 사용,등급할인10% / 26년 신상품 10만원이상 1만원할인 / 202602 생일축하쿠폰1만원,포인트 사용,일반 상품,1,1,2,96100,96100.0
FAMILY,쿠폰 사용,2026년 1월 신규회원 5000원 할인 / 202601 생일축하쿠폰1만원,포인트 사용,일반 상품,1,1,2,95880,95880.0
FAMILY,쿠폰 사용,등급할인10% / 202605 생일축하쿠폰1만원,포인트 사용,일반 상품,1,1,1,94470,94470.0
FAMILY,쿠폰 사용,Winter Festival 20% (오후6시) / 2025년 11월 신규회원 5000원 할인,포인트 사용,일반 상품,1,1,1,94000,94000.0
FAMILY,쿠폰 사용,202601 생일축하쿠폰1만원 / 첫 구매 장바구니 10% 할인 / 2026년 1월 신규회원 5000원 할인,포인트 사용,일반 상품,1,1,2,93800,93800.0
FAMILY,쿠폰 미사용,26년 신상품 30만원이상 3만원할인 / 등급할인10%,포인트 사용,일반 상품,2,2,2,93200,46600.0
FAMILY,쿠폰 사용,Winter Festival 15% (오후6시) / 2025년 11월 신규회원 5000원 할인,포인트 사용,일반 상품,1,1,1,93000,93000.0
FAMILY,쿠폰 사용,Winter Festival 10% (오전10시) / 2025년 11월 신규회원 5000원 할인,포인트 미사용,일반 상품,1,1,1,92160,92160.0
FAMILY,쿠폰 사용,202605 생일축하쿠폰1만원 / 26년 신상품 10만원이상 1만원할인 / 등급할인10%,포인트 사용,일반 상품,1,1,2,90450,90450.0
FAMILY,쿠폰 사용,2026년 6월 신규회원 5000원 할인 / 26년 신상품 10만원이상 1만원할인,포인트 사용,일반 상품,1,1,2,89000,89000.0
FAMILY,쿠폰 사용,202605 생일축하쿠폰1만원 / 등급할인10%,포인트 미사용,일반 상품,1,1,2,87100,87100.0
FAMILY,쿠폰 미사용,2026년 1월 신규회원 5000원 할인 / 202601 생일축하쿠폰1만원,포인트 사용,일반 상품,1,1,1,86320,86320.0
FAMILY,쿠폰 미사용,25년 신상품 20만원이상 2만원할인 / 등급할인10%,포인트 사용,일반 상품,1,1,1,86070,86070.0
FAMILY,쿠폰 미사용,2025년 12월 신규회원 5000원 할인 / 첫 구매 장바구니 10% 할인,포인트 미사용,일반 상품,2,2,2,86000,43000.0
FAMILY,쿠폰 사용,26년 신상품 10만원이상 1만원할인 / HSS 30% 할인 쿠폰,포인트 사용,일반 상품,1,1,1,85350,85350.0
FAMILY,쿠폰 미사용,2026년 1월 신규회원 5000원 할인 / 첫 구매 장바구니 10% 할인,포인트 미사용,일반 상품,3,3,3,85000,28333.333333333332
FAMILY,쿠폰 사용,202511 생일축하쿠폰1만원 / Winter Festival 10% (오전10시),포인트 미사용,일반 상품,1,1,1,84870,84870.0
FAMILY,쿠폰 사용,2025년 12월 신규회원 5000원 할인 / 202512 생일축하쿠폰1만원,포인트 사용,일반 상품,1,1,2,84120,84120.0
FAMILY,쿠폰 사용,"202601 생일축하쿠폰1만원 / 무료배송쿠폰(등급혜택, 3만원미만 사용가능)",포인트 사용,일반 상품,6,6,6,83909,13984.833333333334
FAMILY,쿠폰 사용,Winter Festival 10% (오전10시) / 202511 생일축하쿠폰1만원,포인트 미사용,일반 상품,1,1,2,80550,80550.0
FAMILY,쿠폰 사용,등급할인10% / 202511 생일축하쿠폰1만원,포인트 미사용,일반 상품,1,1,2,80500,80500.0
FAMILY,쿠폰 사용,등급할인10% / 202604 생일축하쿠폰1만원,포인트 미사용,일반 상품,1,1,2,78100,78100.0
FAMILY,쿠폰 미사용,Winter Festival 10% (오후6시),포인트 사용,일반 상품,1,1,1,78060,78060.0
FAMILY,쿠폰 사용,"무료배송쿠폰(등급혜택, 3만원미만 사용가능) / 202602 생일축하쿠폰1만원",포인트 사용,일반 상품,5,5,5,77659,15531.8
FAMILY,쿠폰 미사용,2026년 1월 신규회원 5000원 할인,포인트 미사용,일반 상품,2,2,2,74000,37000.0
FAMILY,쿠폰 사용,202605 생일축하쿠폰1만원 / 등급할인10%,포인트 사용,일반 상품,1,1,2,72170,72170.0
FAMILY,쿠폰 사용,비오는날 10% 스페셜 할인,포인트 미사용,일반 상품,1,1,1,71100,71100.0
FAMILY,쿠폰 사용,"Winter Festival 15% (오후6시) / 신규회원 스페셜 5,000",포인트 사용,일반 상품,1,1,1,70230,70230.0
FAMILY,쿠폰 미사용,첫 구매 장바구니 10% 할인 / 2026년 5월 신규회원 5000원 할인,포인트 사용,일반 상품,1,1,1,67950,67950.0
FAMILY,쿠폰 사용,"첫 구매 장바구니 10% 할인 / 무료배송쿠폰(등급혜택, 3만원미만 사용가능)",포인트 사용,일반 상품,3,3,3,66000,22000.0
FAMILY,쿠폰 사용,비오는날 10% 스페셜 할인 / 첫 구매 장바구니 10% 할인,포인트 미사용,일반 상품,1,1,1,63990,63990.0
FAMILY,쿠폰 미사용,등급할인10% / 202511 생일축하쿠폰1만원,포인트 미사용,일반 상품,1,1,1,62300,62300.0
FAMILY,쿠폰 사용,등급할인20%,포인트 사용,일반 상품,1,1,1,62010,62010.0
FAMILY,쿠폰 미사용,2026년 2월 신규회원 5000원 할인,포인트 미사용,일반 상품,1,1,1,62000,62000.0
FAMILY,쿠폰 사용,"무료배송쿠폰(등급혜택, 3만원미만 사용가능) / 202605 생일축하쿠폰1만원",포인트 사용,일반 상품,4,4,4,61020,15255.0
FAMILY,쿠폰 미사용,등급할인10% / 25년 신상품 10만원이상 1만원할인,포인트 사용,일반 상품,1,1,1,60970,60970.0
FAMILY,쿠폰 사용,"무료배송쿠폰(등급혜택, 3만원미만 사용가능) / 202512 생일축하쿠폰1만원",포인트 사용,일반 상품,3,3,3,60600,20200.0
FAMILY,쿠폰 사용,202511 생일축하쿠폰1만원 / 첫 구매 장바구니 10% 할인,포인트 사용,일반 상품,1,1,1,60280,60280.0
FAMILY,쿠폰 사용,비오는날 10% 스페셜 할인 / 첫 구매 장바구니 10% 할인,포인트 사용,일반 상품,1,1,1,59990,59990.0
FAMILY,쿠폰 사용,"무료배송쿠폰(등급혜택, 3만원미만 사용가능) / 202603 생일축하쿠폰1만원",포인트 미사용,일반 상품,2,2,2,59000,29500.0
FAMILY,쿠폰 사용,2026년 3월 신규회원 5000원 할인 / 등급할인10% / GNR 스페셜 20% / 202603 생일축하쿠폰1만원,포인트 사용,일반 상품,1,1,2,58550,58550.0
FAMILY,쿠폰 사용,F25 온라인 전용 10% 할인 / 202601 생일축하쿠폰1만원,포인트 사용,일반 상품,1,1,2,58300,58300.0
FAMILY,쿠폰 미사용,등급할인10% / 202511 생일축하쿠폰1만원,포인트 사용,일반 상품,1,1,1,58160,58160.0
FAMILY,쿠폰 사용,"202603 생일축하쿠폰1만원 / 무료배송쿠폰(등급혜택, 3만원미만 사용가능)",포인트 미사용,일반 상품,2,2,2,58000,29000.0
FAMILY,쿠폰 사용,"첫 구매 장바구니 10% 할인 / 등급할인10% / 신규회원 스페셜 5,000",포인트 미사용,일반 상품,1,1,1,57600,57600.0
FAMILY,쿠폰 사용,202511 생일축하쿠폰1만원 / Winter Festival 20% (오전10시),포인트 사용,일반 상품,1,1,1,56080,56080.0
FAMILY,쿠폰 사용,"무료배송쿠폰(등급혜택, 3만원미만 사용가능) / 202511 생일축하쿠폰1만원",포인트 미사용,일반 상품,2,2,2,56000,28000.0
FAMILY,쿠폰 사용,202605 생일축하쿠폰1만원 / 구매 감사 장바구니 10% 할인,포인트 사용,일반 상품,1,1,1,55100,55100.0
FAMILY,쿠폰 사용,"202604 생일축하쿠폰1만원 / 무료배송쿠폰(등급혜택, 3만원미만 사용가능)",포인트 미사용,일반 상품,2,2,2,54500,27250.0
FAMILY,쿠폰 사용,F25 온라인 전용 10% 할인 / 첫 구매 장바구니 10% 할인 / 202602 생일축하쿠폰1만원,포인트 사용,일반 상품,1,1,2,53590,53590.0
FAMILY,쿠폰 사용,첫 구매 장바구니 10% 할인 / 202606 생일축하쿠폰1만원,포인트 미사용,일반 상품,1,1,1,53370,53370.0
FAMILY,쿠폰 사용,등급할인10% / 202603 생일축하쿠폰1만원 / 26년 신상품 10만원이상 1만원할인,포인트 사용,일반 상품,1,1,1,51120,51120.0
FAMILY,쿠폰 사용,202512 생일축하쿠폰1만원 / 무료배송쿠폰(3만원미만 사용가능),포인트 사용,일반 상품,2,2,2,49760,24880.0
FAMILY,쿠폰 미사용,2026년 5월 신규회원 5000원 할인 / 등급할인10%,포인트 사용,일반 상품,1,1,1,48580,48580.0
FAMILY,쿠폰 미사용,202605 생일축하쿠폰1만원,포인트 미사용,일반 상품,1,1,1,48300,48300.0
FAMILY,쿠폰 미사용,등급할인10% / 첫 구매 장바구니 10% 할인,포인트 미사용,일반 상품,1,1,1,47000,47000.0
FAMILY,쿠폰 미사용,202605 생일축하쿠폰1만원 / 26년 신상품 10만원이상 1만원할인,포인트 사용,일반 상품,1,1,1,46400,46400.0
FAMILY,쿠폰 미사용,26년 신상품 40만원이상 4만원할인 / 등급할인10%,포인트 사용,일반 상품,1,1,1,46220,46220.0
FAMILY,쿠폰 미사용,GNR 스페셜 20% / 등급할인10% / 2026년 4월 신규회원 5000원 할인,포인트 사용,일반 상품,1,1,1,46160,46160.0
FAMILY,쿠폰 사용,202603 생일축하쿠폰1만원 / 무료배송쿠폰(3만원미만 사용가능),포인트 사용,일반 상품,2,2,2,44780,22390.0
FAMILY,쿠폰 사용,첫 구매 장바구니 10% 할인 / 무료배송쿠폰(3만원미만 사용가능) / 202604 생일축하쿠폰1만원,포인트 사용,일반 상품,2,2,2,43600,21800.0
FAMILY,쿠폰 사용,202601 생일축하쿠폰1만원 / 무료배송쿠폰(3만원미만 사용가능),포인트 사용,일반 상품,2,2,2,43420,21710.0
FAMILY,쿠폰 미사용,첫 구매 장바구니 10% 할인 / 202602 생일축하쿠폰1만원,포인트 사용,일반 상품,2,2,2,42400,21200.0
FAMILY,쿠폰 사용,"202602 생일축하쿠폰1만원 / 무료배송쿠폰(등급혜택, 3만원미만 사용가능)",포인트 사용,일반 상품,2,2,2,42319,21159.5
FAMILY,쿠폰 미사용,"신규회원 스페셜 5,000 / 첫 구매 장바구니 10% 할인",포인트 사용,일반 상품,2,2,2,41430,20715.0
FAMILY,쿠폰 미사용,GNR 스페셜 20%,포인트 사용,일반 상품,1,1,1,39390,39390.0
FAMILY,쿠폰 미사용,첫 구매 장바구니 10% 할인 / 2026년 4월 신규회원 5000원 할인,포인트 사용,일반 상품,1,1,1,39150,39150.0
FAMILY,쿠폰 미사용,첫 구매 장바구니 10% 할인 / 등급할인10%,포인트 사용,일반 상품,1,1,1,39120,39120.0
FAMILY,쿠폰 미사용,2025년 11월 신규회원 5000원 할인,포인트 미사용,일반 상품,1,1,1,39000,39000.0
FAMILY,쿠폰 미사용,등급할인10% / 202605 생일축하쿠폰1만원,포인트 사용,일반 상품,1,1,1,37890,37890.0
FAMILY,쿠폰 사용,202606 생일축하쿠폰1만원,포인트 사용,일반 상품,1,1,1,36830,36830.0
FAMILY,쿠폰 미사용,26년 신상품 10만원이상 1만원할인 / 등급할인10% / 202605 생일축하쿠폰1만원,포인트 미사용,일반 상품,1,1,1,35000,35000.0
FAMILY,쿠폰 미사용,2026년 4월 신규회원 5000원 할인 / 첫 구매 장바구니 10% 할인,포인트 사용,일반 상품,1,1,1,34590,34590.0
FAMILY,쿠폰 사용,202603 생일축하쿠폰1만원 / GNR 스페셜 20%,포인트 사용,일반 상품,1,1,1,32370,32370.0
FAMILY,쿠폰 사용,"신규회원 스페셜 5,000 / 202602 생일축하쿠폰1만원 / 첫 구매 장바구니 10% 할인",포인트 사용,일반 상품,1,1,2,31980,31980.0
FAMILY,쿠폰 사용,첫 구매 장바구니 10% 할인 / F25 온라인 전용 10% 할인,포인트 미사용,일반 상품,1,1,1,31590,31590.0
FAMILY,쿠폰 미사용,26년 신상품 40만원이상 4만원할인,포인트 미사용,일반 상품,1,1,1,31149,31149.0
FAMILY,쿠폰 사용,첫 구매 장바구니 10% 할인 / F25 온라인 전용 10% 할인 / 무료배송쿠폰(3만원미만 사용가능),포인트 사용,일반 상품,1,1,1,29590,29590.0
FAMILY,쿠폰 사용,무료배송쿠폰(3만원미만 사용가능) / Winter Festival 10% (오전10시),포인트 사용,일반 상품,1,1,1,29500,29500.0
FAMILY,쿠폰 사용,"무료배송쿠폰(등급혜택, 3만원미만 사용가능) / 202601 생일축하쿠폰1만원",포인트 미사용,일반 상품,1,1,1,29200,29200.0
FAMILY,쿠폰 사용,"202602 생일축하쿠폰1만원 / 무료배송쿠폰(등급혜택, 3만원미만 사용가능)",포인트 미사용,일반 상품,1,1,1,29200,29200.0
FAMILY,쿠폰 사용,"GNR 스페셜 20% / 무료배송쿠폰(등급혜택, 3만원미만 사용가능)",포인트 사용,일반 상품,1,1,1,29200,29200.0
FAMILY,쿠폰 사용,"무료배송쿠폰(등급혜택, 3만원미만 사용가능) / 202511 생일축하쿠폰1만원",포인트 사용,일반 상품,1,1,1,29200,29200.0
FAMILY,쿠폰 사용,"무료배송쿠폰(등급혜택, 3만원미만 사용가능) / 202605 생일축하쿠폰1만원",포인트 미사용,일반 상품,1,1,1,29000,29000.0
FAMILY,쿠폰 사용,"202512 생일축하쿠폰1만원 / 무료배송쿠폰(등급혜택, 3만원미만 사용가능)",포인트 미사용,일반 상품,1,1,1,29000,29000.0
FAMILY,쿠폰 미사용,첫 구매 장바구니 10% 할인 / 202602 생일축하쿠폰1만원,포인트 미사용,일반 상품,1,1,1,29000,29000.0
FAMILY,쿠폰 미사용,26년 신상품 20만원이상 2만원할인 / 202601 생일축하쿠폰1만원,포인트 미사용,일반 상품,1,1,1,29000,29000.0
FAMILY,쿠폰 사용,"무료배송쿠폰(등급혜택, 3만원미만 사용가능) / 202604 생일축하쿠폰1만원",포인트 미사용,일반 상품,1,1,1,29000,29000.0
FAMILY,쿠폰 미사용,202602 생일축하쿠폰1만원 / 첫 구매 장바구니 10% 할인,포인트 사용,일반 상품,1,1,1,28950,28950.0
FAMILY,쿠폰 미사용,"Winter Festival 15% (오후6시) / 신규회원 스페셜 5,000",포인트 사용,일반 상품,1,1,1,28510,28510.0
FAMILY,쿠폰 사용,Winter Festival 15% (오후6시) / 무료배송쿠폰(3만원미만 사용가능),포인트 사용,일반 상품,1,1,1,27750,27750.0
FAMILY,쿠폰 사용,무료배송쿠폰(3만원미만 사용가능) / 202605 생일축하쿠폰1만원,포인트 사용,일반 상품,1,1,1,27000,27000.0
FAMILY,쿠폰 사용,202605 생일축하쿠폰1만원 / 무료배송쿠폰(3만원미만 사용가능),포인트 사용,일반 상품,1,1,1,26570,26570.0
FAMILY,쿠폰 사용,202605 생일축하쿠폰1만원 / 무료배송쿠폰(3만원미만 사용가능) / 첫 구매 장바구니 10% 할인,포인트 미사용,일반 상품,1,1,1,26100,26100.0
FAMILY,쿠폰 사용,"202605 생일축하쿠폰1만원 / 무료배송쿠폰(등급혜택, 3만원미만 사용가능)",포인트 미사용,일반 상품,1,1,1,25000,25000.0
FAMILY,쿠폰 사용,무료배송쿠폰(3만원미만 사용가능) / GNR 스페셜 20%,포인트 미사용,일반 상품,1,1,1,23200,23200.0
FAMILY,쿠폰 사용,"무료배송쿠폰(등급혜택, 3만원미만 사용가능) / GNR 스페셜 20%",포인트 미사용,일반 상품,1,1,1,23200,23200.0
FAMILY,쿠폰 사용,첫 구매 장바구니 10% 할인 / 무료배송쿠폰(3만원미만 사용가능) / 202601 생일축하쿠폰1만원,포인트 사용,일반 상품,1,1,1,23000,23000.0
FAMILY,쿠폰 미사용,26년 신상품 30만원이상 3만원할인 / 202603 생일축하쿠폰1만원 / 등급할인10%,포인트 사용,일반 상품,1,1,1,22890,22890.0
FAMILY,쿠폰 사용,첫 구매 장바구니 10% 할인 / 202512 생일축하쿠폰1만원 / 무료배송쿠폰(3만원미만 사용가능),포인트 사용,일반 상품,1,1,1,22880,22880.0
FAMILY,쿠폰 미사용,2026년 3월 신규회원 5000원 할인 / 첫 구매 장바구니 10% 할인,포인트 사용,일반 상품,1,1,1,22670,22670.0
FAMILY,쿠폰 사용,무료배송쿠폰(3만원미만 사용가능) / F25 온라인 전용 10% 할인 / 첫 구매 장바구니 10% 할인,포인트 사용,일반 상품,1,1,1,22590,22590.0
FAMILY,쿠폰 사용,"202604 생일축하쿠폰1만원 / 구매 감사 장바구니 10% 할인 / 무료배송쿠폰(등급혜택, 3만원미만 사용가능)",포인트 사용,일반 상품,1,1,1,22500,22500.0
FAMILY,쿠폰 사용,202604 생일축하쿠폰1만원 / 첫 구매 장바구니 10% 할인 / 무료배송쿠폰(3만원미만 사용가능),포인트 사용,일반 상품,1,1,1,22470,22470.0
FAMILY,쿠폰 사용,202601 생일축하쿠폰1만원 / 무료배송쿠폰(3만원미만 사용가능) / 첫 구매 장바구니 10% 할인,포인트 사용,일반 상품,1,1,1,22100,22100.0
FAMILY,쿠폰 사용,202510 생일축하쿠폰1만원,포인트 사용,일반 상품,1,1,1,22000,22000.0
FAMILY,쿠폰 미사용,등급할인10% / 26년 신상품 20만원이상 2만원할인 / 202602 생일축하쿠폰1만원,포인트 사용,일반 상품,1,1,1,21450,21450.0
FAMILY,쿠폰 미사용,등급할인10% / 202601 생일축하쿠폰1만원,포인트 사용,일반 상품,1,1,1,20490,20490.0
FAMILY,쿠폰 사용,무료배송쿠폰(3만원미만 사용가능) / 첫 구매 장바구니 10% 할인 / 202602 생일축하쿠폰1만원,포인트 사용,일반 상품,1,1,1,18000,18000.0
FAMILY,쿠폰 미사용,"첫 구매 장바구니 10% 할인 / 신규회원 스페셜 5,000",포인트 미사용,일반 상품,1,1,2,18000,18000.0
FAMILY,쿠폰 사용,"HSS 30% 할인 쿠폰 / 무료배송쿠폰(등급혜택, 3만원미만 사용가능)",포인트 사용,일반 상품,1,1,1,17300,17300.0
FAMILY,쿠폰 사용,202602 생일축하쿠폰1만원 / 무료배송쿠폰(3만원미만 사용가능),포인트 사용,일반 상품,1,1,1,14500,14500.0
FAMILY,쿠폰 미사용,"신규회원 스페셜 5,000",포인트 미사용,일반 상품,1,1,1,14000,14000.0
FAMILY,쿠폰 미사용,25년 신상품 10만원이상 1만원할인 / 등급할인10%,포인트 미사용,일반 상품,1,1,1,14000,14000.0
FAMILY,쿠폰 미사용,"202601 생일축하쿠폰1만원 / 무료배송쿠폰(등급혜택, 3만원미만 사용가능)",포인트 사용,일반 상품,2,2,2,12700,6350.0
FAMILY,쿠폰 사용,무료배송쿠폰(3만원미만 사용가능) / GNR 스페셜 20%,포인트 사용,일반 상품,1,1,1,12200,12200.0
FAMILY,쿠폰 미사용,26년 신상품 20만원이상 2만원할인 / 202601 생일축하쿠폰1만원,포인트 사용,일반 상품,1,1,1,11950,11950.0
FAMILY,쿠폰 사용,"첫 구매 장바구니 10% 할인 / 무료배송쿠폰(등급혜택, 3만원미만 사용가능)",포인트 미사용,일반 상품,1,1,1,11700,11700.0
FAMILY,쿠폰 사용,무료배송쿠폰(3만원미만 사용가능) / 202602 생일축하쿠폰1만원,포인트 사용,일반 상품,1,1,1,10750,10750.0
FAMILY,쿠폰 미사용,"무료배송쿠폰(등급혜택, 3만원미만 사용가능) / 202603 생일축하쿠폰1만원",포인트 사용,일반 상품,1,1,1,8440,8440.0
FAMILY,쿠폰 사용,GNR 스페셜 20% / 무료배송쿠폰(3만원미만 사용가능),포인트 미사용,일반 상품,1,1,1,8000,8000.0
FAMILY,쿠폰 미사용,25년 신상품 10만원이상 1만원할인 / 등급할인10%,포인트 사용,일반 상품,1,1,1,6740,6740.0
FAMILY,쿠폰 미사용,첫 구매 장바구니 10% 할인 / 2026년 2월 신규회원 5000원 할인,포인트 미사용,일반 상품,1,1,1,6000,6000.0
FAMILY,쿠폰 미사용,첫 구매 장바구니 10% 할인 / 무료배송쿠폰(3만원미만 사용가능),포인트 사용,일반 상품,1,1,1,5250,5250.0
GOLD,쿠폰 미사용,쿠폰 미사용,포인트 사용,일반 상품,287,41,502,39670550,138224.91289198605
GOLD,쿠폰 미사용,쿠폰 미사용,포인트 미사용,일반 상품,163,37,277,25657889,157410.3619631902
GOLD,쿠폰 사용,쿠폰명 미확인,포인트 미사용,일반 상품,71,30,237,24907715,350812.88732394367
GOLD,쿠폰 사용,쿠폰명 미확인,포인트 사용,일반 상품,104,31,255,21017234,202088.78846153847
GOLD,쿠폰 사용,첫 구매 장바구니 10% 할인 / 2025년 12월 신규회원 5000원 할인,포인트 사용,일반 상품,1,1,4,1891420,1891420.0
GOLD,쿠폰 사용,26년 신상품 20만원이상 2만원할인 / 등급할인20%,포인트 사용,일반 상품,3,3,10,664540,221513.33333333334
GOLD,쿠폰 사용,26년 신상품 20만원이상 2만원할인 / 등급할인20% / 등급할인20%,포인트 사용,일반 상품,3,3,6,613200,204400.0
GOLD,쿠폰 사용,26년 신상품 50만원이상 5만원할인,포인트 미사용,일반 상품,1,1,5,515000,515000.0
GOLD,쿠폰 사용,26년 신상품 10만원이상 1만원할인 / 등급할인20%,포인트 사용,일반 상품,5,4,6,495070,99014.0
GOLD,쿠폰 사용,25년 신상품 50만원이상 5만원할인,포인트 미사용,일반 상품,1,1,2,468000,468000.0
GOLD,쿠폰 미사용,25년 신상품 10만원이상 1만원할인,포인트 사용,일반 상품,1,1,6,446010,446010.0
GOLD,쿠폰 사용,25년 신상품 20만원이상 2만원할인 / 등급할인20%,포인트 미사용,일반 상품,1,1,2,434400,434400.0
GOLD,쿠폰 사용,등급할인20%,포인트 사용,일반 상품,7,6,7,403360,57622.857142857145
GOLD,쿠폰 사용,26년 신상품 10만원이상 1만원할인,포인트 사용,일반 상품,4,2,6,400090,100022.5
GOLD,쿠폰 사용,등급할인20% / 26년 신상품 20만원이상 2만원할인,포인트 사용,일반 상품,2,2,3,391060,195530.0
GOLD,쿠폰 미사용,26년 신상품 20만원이상 2만원할인 / 등급할인20%,포인트 사용,일반 상품,2,2,6,382520,191260.0
GOLD,쿠폰 사용,등급할인20% / 26년 신상품 40만원이상 4만원할인 / 등급할인20% / 등급할인20%,포인트 사용,일반 상품,1,1,6,370320,370320.0
GOLD,쿠폰 미사용,202601 생일축하쿠폰1만원,포인트 사용,일반 상품,2,2,6,320730,160365.0
GOLD,쿠폰 사용,등급할인20% / 26년 신상품 30만원이상 3만원할인,포인트 사용,일반 상품,1,1,2,303000,303000.0
GOLD,쿠폰 사용,26년 신상품 20만원이상 2만원할인 / 등급할인20% / 등급할인20%,포인트 미사용,일반 상품,1,1,2,250400,250400.0
GOLD,쿠폰 사용,26년 신상품 10만원이상 1만원할인 / 등급할인20% / 등급할인20%,포인트 사용,일반 상품,2,2,4,248690,124345.0
GOLD,쿠폰 사용,등급할인20% / 26년 신상품 20만원이상 2만원할인,포인트 미사용,일반 상품,1,1,2,248200,248200.0
GOLD,쿠폰 미사용,등급할인20%,포인트 사용,일반 상품,3,3,3,245080,81693.33333333333
GOLD,쿠폰 미사용,등급할인20%,포인트 미사용,일반 상품,1,1,1,239000,239000.0
GOLD,쿠폰 사용,26년 신상품 20만원이상 2만원할인,포인트 사용,일반 상품,1,1,2,224340,224340.0
GOLD,쿠폰 사용,등급할인20% / 26년 신상품 10만원이상 1만원할인,포인트 사용,일반 상품,2,2,2,218480,109240.0
GOLD,쿠폰 사용,26년 신상품 20만원이상 2만원할인 / 202602 생일축하쿠폰1만원 / 등급할인20% / 등급할인20%,포인트 사용,일반 상품,1,1,4,215100,215100.0
GOLD,쿠폰 미사용,26년 신상품 10만원이상 1만원할인 / 등급할인20% / 등급할인20%,포인트 미사용,일반 상품,1,1,2,206200,206200.0
GOLD,쿠폰 사용,26년 신상품 20만원이상 2만원할인,포인트 미사용,일반 상품,1,1,1,195280,195280.0
GOLD,쿠폰 사용,25년 신상품 20만원이상 2만원할인,포인트 사용,일반 상품,1,1,1,181070,181070.0
GOLD,쿠폰 사용,202603 생일축하쿠폰1만원 / 26년 신상품 20만원이상 2만원할인,포인트 사용,일반 상품,1,1,3,176600,176600.0
GOLD,쿠폰 사용,등급할인20%,포인트 미사용,일반 상품,2,2,2,166400,83200.0
GOLD,쿠폰 사용,26년 신상품 10만원이상 1만원할인,포인트 미사용,일반 상품,1,1,1,159000,159000.0
GOLD,쿠폰 사용,등급할인20% / 26년 신상품 10만원이상 1만원할인 / 등급할인20% / 등급할인20%,포인트 사용,일반 상품,1,1,3,140410,140410.0
GOLD,쿠폰 사용,26년 신상품 10만원이상 1만원할인 / 등급할인20% / 등급할인20%,포인트 미사용,일반 상품,1,1,2,132400,132400.0
GOLD,쿠폰 사용,등급할인20% / 등급할인20% / 26년 신상품 10만원이상 1만원할인,포인트 사용,일반 상품,1,1,2,129900,129900.0
GOLD,쿠폰 사용,25년 신상품 10만원이상 1만원할인,포인트 미사용,일반 상품,1,1,1,129000,129000.0
GOLD,쿠폰 사용,25년 신상품 10만원이상 1만원할인,포인트 사용,일반 상품,1,1,2,126780,126780.0
GOLD,쿠폰 사용,202511 생일축하쿠폰1만원,포인트 사용,일반 상품,1,1,1,119370,119370.0
GOLD,쿠폰 사용,쿠폰명 미확인,포인트 미사용,프로모션 상품,1,1,3,118150,118150.0
GOLD,쿠폰 사용,26년 신상품 10만원이상 1만원할인 / 등급할인20%,포인트 미사용,일반 상품,1,1,1,109200,109200.0
GOLD,쿠폰 미사용,등급할인20% / 26년 신상품 10만원이상 1만원할인,포인트 사용,일반 상품,1,1,1,91320,91320.0
GOLD,쿠폰 미사용,25년 신상품 20만원이상 2만원할인 / 등급할인20%,포인트 미사용,일반 상품,1,1,1,62000,62000.0
GOLD,쿠폰 사용,25년 신상품 10만원이상 1만원할인 / 202511 생일축하쿠폰1만원,포인트 사용,일반 상품,1,1,1,54500,54500.0
GOLD,쿠폰 사용,202601 생일축하쿠폰1만원,포인트 사용,일반 상품,2,2,2,51210,25605.0
GOLD,쿠폰 미사용,등급할인20% / 26년 신상품 10만원이상 1만원할인 / 등급할인20% / 등급할인20%,포인트 사용,일반 상품,1,1,1,44750,44750.0
GOLD,쿠폰 미사용,26년 신상품 20만원이상 2만원할인 / 202602 생일축하쿠폰1만원 / 등급할인20% / 등급할인20%,포인트 사용,일반 상품,1,1,1,33830,33830.0
GOLD,쿠폰 사용,202604 생일축하쿠폰1만원,포인트 사용,일반 상품,1,1,1,28170,28170.0
GOLD,쿠폰 미사용,202604 생일축하쿠폰1만원,포인트 사용,일반 상품,1,1,1,15980,15980.0
GOLD,쿠폰 미사용,"무료배송쿠폰(등급혜택, 3만원미만 사용가능)",포인트 사용,일반 상품,1,1,1,14500,14500.0
SILVER,쿠폰 미사용,쿠폰 미사용,포인트 사용,일반 상품,1781,519,2682,206515895,115955.02245929254
SILVER,쿠폰 사용,쿠폰명 미확인,포인트 사용,일반 상품,962,429,1480,163479289,169936.89085239085
SILVER,쿠폰 미사용,쿠폰 미사용,포인트 미사용,일반 상품,735,341,1194,105046870,142920.91156462586
SILVER,쿠폰 사용,쿠폰명 미확인,포인트 미사용,일반 상품,433,275,1006,96091909,221921.26789838338
SILVER,쿠폰 사용,2025년 12월 신규회원 5000원 할인 / 첫 구매 장바구니 10% 할인,포인트 사용,일반 상품,14,14,24,8372890,598063.5714285715
SILVER,쿠폰 사용,2025년 12월 신규회원 5000원 할인 / 첫 구매 장바구니 10% 할인,포인트 미사용,일반 상품,14,14,31,8173870,583847.8571428572
SILVER,쿠폰 사용,첫 구매 장바구니 10% 할인 / 2025년 12월 신규회원 5000원 할인,포인트 사용,일반 상품,12,12,16,6726670,560555.8333333334
SILVER,쿠폰 사용,26년 신상품 10만원이상 1만원할인 / 등급할인20%,포인트 사용,일반 상품,40,37,44,4576210,114405.25
SILVER,쿠폰 사용,첫 구매 장바구니 10% 할인,포인트 사용,일반 상품,7,7,91,4235230,605032.8571428572
SILVER,쿠폰 사용,등급할인20%,포인트 사용,일반 상품,58,54,58,3556020,61310.68965517241
SILVER,쿠폰 사용,첫 구매 장바구니 10% 할인 / 2025년 12월 신규회원 5000원 할인,포인트 미사용,일반 상품,5,5,14,2974230,594846.0
SILVER,쿠폰 사용,등급할인20% / 26년 신상품 10만원이상 1만원할인,포인트 사용,일반 상품,19,19,27,2274740,119723.15789473684
SILVER,쿠폰 사용,첫 구매 장바구니 10% 할인,포인트 미사용,일반 상품,4,4,4,2174940,543735.0
SILVER,쿠폰 사용,등급할인20% / 26년 신상품 20만원이상 2만원할인,포인트 사용,일반 상품,9,8,20,1954710,217190.0
SILVER,쿠폰 사용,26년 신상품 20만원이상 2만원할인,포인트 사용,일반 상품,8,8,12,1795440,224430.0
SILVER,쿠폰 사용,26년 신상품 10만원이상 1만원할인,포인트 사용,일반 상품,15,14,19,1619570,107971.33333333333
SILVER,쿠폰 사용,26년 신상품 20만원이상 2만원할인 / 등급할인20%,포인트 사용,일반 상품,7,6,15,1609100,229871.42857142858
SILVER,쿠폰 사용,26년 신상품 40만원이상 4만원할인,포인트 사용,일반 상품,4,4,18,1533380,383345.0
SILVER,쿠폰 사용,26년 신상품 10만원이상 1만원할인 / 등급할인20%,포인트 미사용,일반 상품,10,10,16,1387200,138720.0
SILVER,쿠폰 사용,"신규회원 스페셜 5,000 / 첫 구매 장바구니 10% 할인",포인트 사용,일반 상품,2,2,8,1346630,673315.0
SILVER,쿠폰 미사용,등급할인20%,포인트 사용,일반 상품,14,14,17,1236560,88325.71428571429
SILVER,쿠폰 사용,Winter Festival 15% (오후6시),포인트 미사용,일반 상품,2,2,4,1231400,615700.0
SILVER,쿠폰 사용,25년 신상품 10만원이상 1만원할인,포인트 사용,일반 상품,7,7,13,1151770,164538.57142857142
SILVER,쿠폰 사용,등급할인20% / 등급할인20% / 26년 신상품 10만원이상 1만원할인,포인트 사용,일반 상품,8,8,18,1048930,131116.25
SILVER,쿠폰 미사용,등급할인10%,포인트 사용,일반 상품,3,3,9,1022300,340766.6666666667
SILVER,쿠폰 사용,26년 신상품 30만원이상 3만원할인 / 등급할인20%,포인트 사용,일반 상품,3,3,3,917320,305773.3333333333
SILVER,쿠폰 사용,25년 신상품 70만원이상 7만원할인,포인트 미사용,일반 상품,1,1,2,858000,858000.0
SILVER,쿠폰 사용,등급할인20% / 등급할인20% / 26년 신상품 30만원이상 3만원할인,포인트 사용,일반 상품,3,3,10,855660,285220.0
SILVER,쿠폰 사용,202512 생일축하쿠폰1만원,포인트 사용,일반 상품,13,13,13,854280,65713.84615384616
SILVER,쿠폰 사용,쿠폰명 미확인,포인트 미사용,프로모션 상품,6,6,14,825750,137625.0
SILVER,쿠폰 사용,등급할인20%,포인트 미사용,일반 상품,11,9,11,792800,72072.72727272728
SILVER,쿠폰 사용,26년 신상품 70만원이상 7만원할인,포인트 사용,일반 상품,1,1,17,766440,766440.0
SILVER,쿠폰 사용,등급할인20% / 26년 신상품 10만원이상 1만원할인,포인트 미사용,일반 상품,5,5,8,759200,151840.0
SILVER,쿠폰 사용,26년 신상품 20만원이상 2만원할인 / 등급할인20% / 등급할인20%,포인트 사용,일반 상품,4,4,10,758770,189692.5
SILVER,쿠폰 사용,"신규회원 스페셜 5,000 / 첫 구매 장바구니 10% 할인",포인트 미사용,일반 상품,1,1,3,748800,748800.0
SILVER,쿠폰 사용,25년 신상품 30만원이상 3만원할인,포인트 사용,일반 상품,2,2,2,677550,338775.0
SILVER,쿠폰 미사용,202511 생일축하쿠폰1만원,포인트 사용,일반 상품,4,4,7,663450,165862.5
SILVER,쿠폰 사용,등급할인20% / 등급할인20% / 26년 신상품 70만원이상 7만원할인,포인트 사용,일반 상품,1,1,6,631270,631270.0
SILVER,쿠폰 사용,202602 생일축하쿠폰1만원,포인트 사용,일반 상품,9,9,9,605960,67328.88888888889
SILVER,쿠폰 사용,26년 신상품 30만원이상 3만원할인,포인트 사용,일반 상품,2,2,6,584220,292110.0
SILVER,쿠폰 미사용,26년 신상품 10만원이상 1만원할인,포인트 사용,일반 상품,3,3,6,571970,190656.66666666666
SILVER,쿠폰 사용,등급할인20% / 등급할인20% / 26년 신상품 30만원이상 3만원할인,포인트 미사용,일반 상품,2,2,5,561800,280900.0
SILVER,쿠폰 사용,Winter Festival 15% (오전10시),포인트 사용,일반 상품,1,1,2,556025,556025.0
SILVER,쿠폰 사용,Winter Festival 10% (오전10시),포인트 사용,일반 상품,5,5,5,552110,110422.0
SILVER,쿠폰 사용,202512 생일축하쿠폰1만원 / 등급할인20% / 등급할인20% / 25년 신상품 70만원이상 7만원할인,포인트 사용,일반 상품,1,1,6,547680,547680.0
SILVER,쿠폰 사용,Winter Festival 10% (오후6시),포인트 사용,일반 상품,2,2,2,533240,266620.0
SILVER,쿠폰 사용,등급할인10% / Winter Festival 10% (오전10시),포인트 미사용,일반 상품,1,1,4,506700,506700.0
SILVER,쿠폰 사용,2025년 11월 신규회원 5000원 할인 / 첫 구매 장바구니 10% 할인,포인트 사용,일반 상품,2,2,2,491880,245940.0
SILVER,쿠폰 사용,25년 신상품 10만원이상 1만원할인 / 등급할인20%,포인트 사용,일반 상품,4,4,4,485840,121460.0
SILVER,쿠폰 사용,25년 신상품 30만원이상 3만원할인 / 등급할인20% / 등급할인20%,포인트 사용,일반 상품,1,1,5,482420,482420.0
SILVER,쿠폰 사용,26년 신상품 50만원이상 5만원할인,포인트 사용,일반 상품,1,1,4,479140,479140.0
SILVER,쿠폰 사용,등급할인20% / 등급할인20% / 26년 신상품 20만원이상 2만원할인,포인트 사용,일반 상품,3,3,6,466980,155660.0
SILVER,쿠폰 미사용,"신규회원 스페셜 5,000",포인트 미사용,일반 상품,1,1,5,443000,443000.0
SILVER,쿠폰 미사용,202601 생일축하쿠폰1만원,포인트 사용,일반 상품,3,3,7,438629,146209.66666666666
SILVER,쿠폰 미사용,26년 신상품 10만원이상 1만원할인 / 등급할인20%,포인트 사용,일반 상품,5,5,5,419270,83854.0
SILVER,쿠폰 사용,202601 생일축하쿠폰1만원,포인트 사용,일반 상품,7,7,7,418910,59844.28571428572
SILVER,쿠폰 사용,26년 신상품 10만원이상 1만원할인 / 등급할인20% / 등급할인20%,포인트 사용,일반 상품,4,4,8,417670,104417.5
SILVER,쿠폰 사용,26년 신상품 20만원이상 2만원할인,포인트 미사용,일반 상품,2,2,5,405300,202650.0
SILVER,쿠폰 미사용,"무료배송쿠폰(등급혜택, 3만원미만 사용가능)",포인트 사용,일반 상품,20,18,29,391950,19597.5
SILVER,쿠폰 사용,25년 신상품 20만원이상 2만원할인 / 등급할인10%,포인트 사용,일반 상품,1,1,5,375760,375760.0
SILVER,쿠폰 사용,등급할인20% / 26년 신상품 30만원이상 3만원할인,포인트 미사용,일반 상품,1,1,1,369200,369200.0
SILVER,쿠폰 사용,26년 신상품 40만원이상 4만원할인 / 등급할인20% / 등급할인20%,포인트 사용,일반 상품,1,1,3,363220,363220.0
SILVER,쿠폰 사용,202511 생일축하쿠폰1만원,포인트 사용,일반 상품,6,6,6,359930,59988.333333333336
SILVER,쿠폰 사용,25년 신상품 40만원이상 4만원할인,포인트 사용,일반 상품,1,1,3,356200,356200.0
SILVER,쿠폰 사용,25년 신상품 20만원이상 2만원할인,포인트 사용,일반 상품,2,2,2,351600,175800.0
SILVER,쿠폰 사용,등급할인10%,포인트 사용,일반 상품,5,5,5,344880,68976.0
SILVER,쿠폰 미사용,등급할인20% / 26년 신상품 20만원이상 2만원할인,포인트 사용,일반 상품,4,4,7,335390,83847.5
SILVER,쿠폰 사용,26년 신상품 20만원이상 2만원할인 / 등급할인20% / 등급할인20%,포인트 미사용,일반 상품,2,2,3,334480,167240.0
SILVER,쿠폰 사용,Winter Festival 10% (오후6시),포인트 미사용,일반 상품,1,1,2,317160,317160.0
SILVER,쿠폰 미사용,등급할인10%,포인트 미사용,일반 상품,1,1,2,310400,310400.0
SILVER,쿠폰 사용,등급할인10% / 25년 신상품 30만원이상 3만원할인,포인트 사용,일반 상품,1,1,1,310280,310280.0
SILVER,쿠폰 사용,26년 신상품 30만원이상 3만원할인,포인트 미사용,일반 상품,1,1,2,308000,308000.0
SILVER,쿠폰 사용,26년 신상품 30만원이상 3만원할인 / 등급할인20%,포인트 미사용,일반 상품,1,1,1,305200,305200.0
SILVER,쿠폰 사용,26년 신상품 30만원이상 3만원할인 / 등급할인20% / 등급할인20%,포인트 사용,일반 상품,1,1,2,298340,298340.0
SILVER,쿠폰 사용,등급할인20% / 25년 신상품 10만원이상 1만원할인,포인트 사용,일반 상품,3,2,5,277180,92393.33333333333
SILVER,쿠폰 사용,등급할인20% / 등급할인20% / 26년 신상품 10만원이상 1만원할인,포인트 미사용,일반 상품,2,2,6,273800,136900.0
SILVER,쿠폰 사용,202604 생일축하쿠폰1만원 / 26년 신상품 20만원이상 2만원할인 / 등급할인20% / 등급할인20%,포인트 사용,일반 상품,1,1,3,268700,268700.0
SILVER,쿠폰 사용,26년 신상품 20만원이상 2만원할인 / 202605 생일축하쿠폰1만원,포인트 미사용,일반 상품,1,1,3,237000,237000.0
SILVER,쿠폰 미사용,Winter Festival 10% (오전10시),포인트 사용,일반 상품,1,1,1,229980,229980.0
SILVER,쿠폰 사용,첫 구매 장바구니 10% 할인 / 2025년 11월 신규회원 5000원 할인,포인트 사용,일반 상품,1,1,3,224800,224800.0
SILVER,쿠폰 사용,등급할인20% / 등급할인20% / 202604 생일축하쿠폰1만원 / 26년 신상품 20만원이상 2만원할인,포인트 사용,일반 상품,1,1,3,223300,223300.0
SILVER,쿠폰 사용,202512 생일축하쿠폰1만원 / 등급할인20% / 26년 신상품 10만원이상 1만원할인,포인트 사용,일반 상품,1,1,2,222500,222500.0
SILVER,쿠폰 사용,202603 생일축하쿠폰1만원 / 26년 신상품 20만원이상 2만원할인 / 등급할인20%,포인트 사용,일반 상품,1,1,2,221680,221680.0
SILVER,쿠폰 사용,등급할인20% / 26년 신상품 20만원이상 2만원할인,포인트 미사용,일반 상품,1,1,2,218400,218400.0
SILVER,쿠폰 미사용,25년 신상품 30만원이상 3만원할인,포인트 사용,일반 상품,1,1,3,217710,217710.0
SILVER,쿠폰 사용,202602 생일축하쿠폰1만원 / 26년 신상품 20만원이상 2만원할인 / 등급할인20%,포인트 사용,일반 상품,1,1,2,214600,214600.0
SILVER,쿠폰 사용,202512 생일축하쿠폰1만원,포인트 미사용,일반 상품,2,2,2,209200,104600.0
SILVER,쿠폰 사용,Winter Festival 20% (오전10시),포인트 사용,일반 상품,1,1,2,201670,201670.0
SILVER,쿠폰 사용,등급할인20% / 202512 생일축하쿠폰1만원,포인트 사용,일반 상품,1,1,2,201190,201190.0
SILVER,쿠폰 미사용,202605 생일축하쿠폰1만원 / 26년 신상품 10만원이상 1만원할인,포인트 사용,일반 상품,1,1,1,200290,200290.0
SILVER,쿠폰 사용,26년 신상품 10만원이상 1만원할인 / 등급할인20% / 202603 생일축하쿠폰1만원,포인트 사용,일반 상품,1,1,2,195920,195920.0
SILVER,쿠폰 사용,25년 신상품 20만원이상 2만원할인 / 등급할인20% / 등급할인20%,포인트 사용,일반 상품,1,1,2,191600,191600.0
SILVER,쿠폰 사용,26년 신상품 20만원이상 2만원할인 / 등급할인20%,포인트 미사용,일반 상품,1,1,2,186400,186400.0
SILVER,쿠폰 사용,등급할인20% / 202602 생일축하쿠폰1만원 / 26년 신상품 20만원이상 2만원할인,포인트 사용,일반 상품,1,1,3,179690,179690.0
SILVER,쿠폰 미사용,25년 신상품 10만원이상 1만원할인,포인트 사용,일반 상품,1,1,2,176980,176980.0
SILVER,쿠폰 사용,202604 생일축하쿠폰1만원,포인트 사용,일반 상품,5,5,5,175180,35036.0
SILVER,쿠폰 사용,등급할인20% / 202511 생일축하쿠폰1만원,포인트 미사용,일반 상품,1,1,2,174500,174500.0
SILVER,쿠폰 미사용,25년 신상품 10만원이상 1만원할인 / 등급할인20%,포인트 사용,일반 상품,2,2,2,168440,84220.0
SILVER,쿠폰 사용,26년 신상품 40만원이상 4만원할인 / 등급할인20%,포인트 사용,일반 상품,1,1,2,166170,166170.0
SILVER,쿠폰 사용,202601 생일축하쿠폰1만원,포인트 미사용,일반 상품,2,2,2,158300,79150.0
SILVER,쿠폰 사용,Winter Festival 15% (오후6시),포인트 사용,일반 상품,2,2,2,156465,78232.5
SILVER,쿠폰 사용,202604 생일축하쿠폰1만원 / 26년 신상품 10만원이상 1만원할인 / 등급할인20%,포인트 미사용,일반 상품,1,1,2,150200,150200.0
SILVER,쿠폰 사용,202511 생일축하쿠폰1만원,포인트 미사용,일반 상품,1,1,1,149200,149200.0
SILVER,쿠폰 사용,등급할인10%,포인트 미사용,일반 상품,2,2,2,142200,71100.0
SILVER,쿠폰 사용,202604 생일축하쿠폰1만원 / 26년 신상품 10만원이상 1만원할인,포인트 사용,일반 상품,1,1,2,141550,141550.0
SILVER,쿠폰 사용,26년 신상품 10만원이상 1만원할인 / 202605 생일축하쿠폰1만원 / 등급할인20%,포인트 사용,일반 상품,2,2,4,134580,67290.0
SILVER,쿠폰 사용,26년 신상품 10만원이상 1만원할인 / 202606 생일축하쿠폰1만원,포인트 사용,일반 상품,1,1,1,128270,128270.0
SILVER,쿠폰 미사용,202602 생일축하쿠폰1만원,포인트 사용,일반 상품,2,2,3,123790,61895.0
SILVER,쿠폰 미사용,202604 생일축하쿠폰1만원,포인트 사용,일반 상품,2,2,2,123150,61575.0
SILVER,쿠폰 사용,등급할인10% / 25년 신상품 10만원이상 1만원할인,포인트 사용,일반 상품,1,1,1,119150,119150.0
SILVER,쿠폰 미사용,등급할인20% / 등급할인20% / 26년 신상품 10만원이상 1만원할인,포인트 미사용,일반 상품,1,1,2,113300,113300.0
SILVER,쿠폰 사용,202605 생일축하쿠폰1만원 / 26년 신상품 10만원이상 1만원할인,포인트 사용,일반 상품,1,1,1,113020,113020.0
SILVER,쿠폰 사용,Winter Festival 10% (오전10시),포인트 미사용,일반 상품,1,1,1,112500,112500.0
SILVER,쿠폰 사용,26년 신상품 10만원이상 1만원할인,포인트 미사용,일반 상품,1,1,1,109000,109000.0
SILVER,쿠폰 사용,등급할인20% / 202601 생일축하쿠폰1만원,포인트 미사용,일반 상품,1,1,2,108200,108200.0
SILVER,쿠폰 미사용,26년 신상품 10만원이상 1만원할인 / 등급할인20% / 등급할인20%,포인트 사용,일반 상품,1,1,1,104820,104820.0
SILVER,쿠폰 사용,202605 생일축하쿠폰1만원,포인트 사용,일반 상품,3,3,3,101720,33906.666666666664
SILVER,쿠폰 사용,등급할인20% / 25년 신상품 10만원이상 1만원할인,포인트 미사용,일반 상품,1,1,1,101200,101200.0
SILVER,쿠폰 미사용,26년 신상품 70만원이상 7만원할인,포인트 사용,일반 상품,1,1,1,99680,99680.0
SILVER,쿠폰 사용,25년 신상품 10만원이상 1만원할인,포인트 미사용,일반 상품,1,1,1,99000,99000.0
SILVER,쿠폰 미사용,등급할인20% / 202601 생일축하쿠폰1만원,포인트 미사용,일반 상품,1,1,1,99000,99000.0
SILVER,쿠폰 사용,202602 생일축하쿠폰1만원,포인트 미사용,일반 상품,2,2,2,97670,48835.0
SILVER,쿠폰 미사용,26년 신상품 20만원이상 2만원할인 / 등급할인20% / 등급할인20%,포인트 사용,일반 상품,1,1,1,97510,97510.0
SILVER,쿠폰 사용,Winter Festival 20% (오후6시),포인트 사용,일반 상품,1,1,1,90160,90160.0
SILVER,쿠폰 미사용,25년 신상품 30만원이상 3만원할인 / 등급할인20% / 등급할인20%,포인트 사용,일반 상품,1,1,1,86230,86230.0
SILVER,쿠폰 미사용,25년 신상품 20만원이상 2만원할인 / 등급할인20% / 등급할인20%,포인트 사용,일반 상품,1,1,1,79780,79780.0
SILVER,쿠폰 사용,"신규회원 스페셜 5,000",포인트 미사용,일반 상품,1,1,1,78000,78000.0
SILVER,쿠폰 미사용,등급할인20%,포인트 미사용,일반 상품,1,1,1,69000,69000.0
SILVER,쿠폰 미사용,등급할인20% / 202511 생일축하쿠폰1만원,포인트 미사용,일반 상품,1,1,1,59000,59000.0
SILVER,쿠폰 사용,"무료배송쿠폰(등급혜택, 3만원미만 사용가능) / 202601 생일축하쿠폰1만원",포인트 사용,일반 상품,2,2,2,46350,23175.0
SILVER,쿠폰 미사용,26년 신상품 20만원이상 2만원할인 / 등급할인20%,포인트 사용,일반 상품,1,1,1,45560,45560.0
SILVER,쿠폰 미사용,26년 신상품 40만원이상 4만원할인 / 등급할인20% / 등급할인20%,포인트 사용,일반 상품,1,1,2,41740,41740.0
SILVER,쿠폰 미사용,등급할인20% / 202512 생일축하쿠폰1만원,포인트 사용,일반 상품,1,1,1,39450,39450.0
SILVER,쿠폰 미사용,202512 생일축하쿠폰1만원 / 등급할인20% / 등급할인20% / 25년 신상품 70만원이상 7만원할인,포인트 사용,일반 상품,1,1,1,35720,35720.0
SILVER,쿠폰 미사용,202512 생일축하쿠폰1만원,포인트 사용,일반 상품,2,2,2,35440,17720.0
SILVER,쿠폰 미사용,26년 신상품 10만원이상 1만원할인 / 등급할인20%,포인트 미사용,일반 상품,1,1,1,35000,35000.0
SILVER,쿠폰 미사용,202511 생일축하쿠폰1만원,포인트 미사용,일반 상품,1,1,1,29000,29000.0
SILVER,쿠폰 미사용,26년 신상품 20만원이상 2만원할인,포인트 사용,일반 상품,1,1,1,27960,27960.0
SILVER,쿠폰 사용,"무료배송쿠폰(등급혜택, 3만원미만 사용가능) / 등급할인20%",포인트 사용,일반 상품,1,1,1,27600,27600.0
SILVER,쿠폰 미사용,무료배송쿠폰(3만원미만 사용가능),포인트 사용,일반 상품,2,2,2,26600,13300.0
SILVER,쿠폰 사용,202603 생일축하쿠폰1만원,포인트 사용,일반 상품,1,1,1,25000,25000.0
SILVER,쿠폰 사용,무료배송쿠폰(3만원미만 사용가능) / 202511 생일축하쿠폰1만원,포인트 사용,일반 상품,1,1,1,22600,22600.0
SILVER,쿠폰 사용,F25 온라인 전용 10% 할인,포인트 사용,일반 상품,1,1,1,17550,17550.0
TITANIUM,쿠폰 사용,쿠폰명 미확인,포인트 미사용,일반 상품,25,11,248,20306495,812259.8
TITANIUM,쿠폰 미사용,쿠폰 미사용,포인트 사용,일반 상품,114,10,212,18840640,165268.77192982455
TITANIUM,쿠폰 미사용,쿠폰 미사용,포인트 미사용,일반 상품,68,10,135,14209790,208967.5
TITANIUM,쿠폰 사용,쿠폰명 미확인,포인트 사용,일반 상품,41,11,236,13260180,323419.0243902439
TITANIUM,쿠폰 사용,2025년 12월 신규회원 5000원 할인 / 첫 구매 장바구니 10% 할인,포인트 미사용,일반 상품,1,1,10,3586500,3586500.0
TITANIUM,쿠폰 사용,★ 단체 구매 20% 할인,포인트 미사용,일반 상품,1,1,20,2384000,2384000.0
TITANIUM,쿠폰 사용,25년 신상품 70만원이상 7만원할인,포인트 미사용,일반 상품,2,2,33,1527000,763500.0
TITANIUM,쿠폰 사용,26년 신상품 20만원이상 2만원할인,포인트 미사용,일반 상품,2,2,3,503900,251950.0
TITANIUM,쿠폰 사용,등급할인20% / 등급할인20% / 등급할인20% / 26년 신상품 50만원이상 5만원할인,포인트 사용,일반 상품,1,1,8,437640,437640.0
TITANIUM,쿠폰 사용,26년 신상품 40만원이상 4만원할인 / 등급할인20% / 등급할인20% / 등급할인20%,포인트 사용,일반 상품,1,1,3,436500,436500.0
TITANIUM,쿠폰 사용,25년 신상품 30만원이상 3만원할인 / 202511 생일축하쿠폰1만원,포인트 사용,일반 상품,1,1,31,282610,282610.0
TITANIUM,쿠폰 사용,등급할인20% / 26년 신상품 10만원이상 1만원할인,포인트 사용,일반 상품,2,1,2,280550,140275.0
TITANIUM,쿠폰 미사용,F25 온라인 전용 10% 할인,포인트 사용,일반 상품,1,1,4,259640,259640.0
TITANIUM,쿠폰 사용,26년 신상품 20만원이상 2만원할인,포인트 사용,일반 상품,1,1,1,250900,250900.0
TITANIUM,쿠폰 사용,25년 신상품 10만원이상 1만원할인,포인트 미사용,일반 상품,1,1,2,196300,196300.0
TITANIUM,쿠폰 사용,등급할인20%,포인트 미사용,일반 상품,2,2,2,159200,79600.0
TITANIUM,쿠폰 미사용,등급할인20%,포인트 미사용,일반 상품,1,1,1,153300,153300.0
TITANIUM,쿠폰 미사용,202604 생일축하쿠폰1만원 / 26년 신상품 10만원이상 1만원할인,포인트 사용,일반 상품,1,1,2,143390,143390.0
TITANIUM,쿠폰 사용,쿠폰명 미확인,포인트 미사용,프로모션 상품,1,1,2,142200,142200.0
TITANIUM,쿠폰 사용,202604 생일축하쿠폰1만원 / 26년 신상품 10만원이상 1만원할인,포인트 사용,일반 상품,1,1,2,119070,119070.0
TITANIUM,쿠폰 사용,26년 신상품 10만원이상 1만원할인 / 등급할인20%,포인트 미사용,일반 상품,1,1,1,117200,117200.0
TITANIUM,쿠폰 사용,등급할인20% / 26년 신상품 10만원이상 1만원할인,포인트 미사용,일반 상품,1,1,1,93200,93200.0
TITANIUM,쿠폰 미사용,25년 신상품 30만원이상 3만원할인 / 202511 생일축하쿠폰1만원,포인트 사용,일반 상품,1,1,1,91930,91930.0
TITANIUM,쿠폰 사용,202601 생일축하쿠폰1만원,포인트 사용,일반 상품,1,1,1,67150,67150.0
TITANIUM,쿠폰 미사용,26년 신상품 10만원이상 1만원할인 / 등급할인20%,포인트 미사용,일반 상품,1,1,1,47000,47000.0
TITANIUM,쿠폰 사용,F25 온라인 전용 10% 할인,포인트 사용,일반 상품,1,1,1,33250,33250.0
TITANIUM,쿠폰 미사용,"무료배송쿠폰(등급혜택, 3만원미만 사용가능)",포인트 사용,일반 상품,1,1,1,16960,16960.0
