product_code,product_name_kor,product_name,product_style,sex_label,product_year,product_season,source_image_url,orders,buyers,quantity,revenue,unit_revenue,revenue_per_order,image_url,image_source
C64YM3572010,남성 컬럼비아 락 다운 자켓,M's Columbia Rock Down Jacket,C64YM3572,MALE,,,,167,163,177,83748125,473153.2485875706,501485.7784431138,assets/product_images/C64YM3572010.jpg,excel_map+downloaded
C56YU8517010,공용 샙랜드3 WP OHI,SAPLAND III WP OMNI-HEAT INFINITY,C56YU8517,UNISEX,,,,559,516,626,81067015,129500.02396166134,145021.49373881932,assets/product_images/C56YU8517010.jpg,excel_map+downloaded
C54YM3479010,공용 마운틴 후드 롱 다운 자켓,MT.Hood™ Long Down Jacket,C54YM3479,UNISEX,,,,230,223,233,74888388,321409.3905579399,325601.68695652176,assets/product_images/C54YM3479010.jpg,excel_map+downloaded
C54YM3472010,남성 마운틴 후드™ 다운 자켓,Ms MT.Hood™ Down Jacket,C54YM3472,MALE,,,,167,166,168,57533860,342463.45238095237,344514.13173652696,assets/product_images/C54YM3472010.jpg,excel_map+downloaded
C64YM3583010,공용 롤링 콘 롱 다운 자켓,M's Rolling Cone Long Down Jacket,C64YM3583,UNISEX,,,,116,116,140,52983020,378450.14285714284,456750.1724137931,assets/product_images/C64YM3583010.jpg,excel_map+downloaded
C56YU8549010,공용 샙랜드3 처카 WP OHI,SAPLAND III CHUKKA WP OH INFINITY,C56YU8549,UNISEX,,,,318,293,416,47429060,114012.16346153847,149147.98742138364,assets/product_images/C56YU8549010.jpg,excel_map+downloaded
C54WE4714010,공용 하이크바운드 인터체인지 자켓,Hikebound™ II Interchange Jacket,C54WE4714,UNISEX,,,,260,258,300,42277544,140925.14666666667,162605.93846153846,assets/product_images/C54WE4714010.jpg,styleship_cdn_pattern+downloaded
C66YU9626010,공용 샙랜드4 워터프루프 옴니히트,SAPLAND IV WP OMNI-HEAT INFINITY,C66YU9626,UNISEX,,,,223,220,233,37381890,160437.29613733906,167631.79372197308,assets/product_images/C66YU9626010.jpg,styleship_cdn_pattern+downloaded
C46YU0204010,[공식몰 단독] 공용 코브 투 뷰트™ 30L 백팩 + 파우치,Cove to Butte ™ 30 BACKPACK,C46YU0204,UNISEX,,,,486,476,509,37169765,73025.07858546168,76480.99794238684,assets/product_images/C46YU0204010.jpg,styleship_cdn_pattern+downloaded
C54YM3473010,남성 클라이브 레이크 Ⅱ 다운 자켓,Ms Clive Lake™ Ⅱ Down Jacket,C54YM3473,MALE,,,,96,95,100,35548425,355484.25,370296.09375,assets/product_images/C54YM3473010.jpg,excel_map+downloaded
C64YM3572287,[추영우 착용] 남성 컬럼비아 락 다운 자켓,M's Columbia Rock Down Jacket,C64YM3572,MALE,,,,65,64,66,31330260,474700.9090909091,482004.0,assets/product_images/C64YM3572287.jpg,excel_map+downloaded
C66YU9682010,공용 샙랜드4 처카 워터프루프 옴니히트,SAPLAND IV CHUKKA WP OH INFINITY,C66YU9682,UNISEX,,,,201,198,207,30395890,146840.04830917873,151223.33333333334,assets/product_images/C66YU9682010.jpg,styleship_cdn_pattern+downloaded
C64YL3583010,여성 패스 대쉬 포레스트Ⅲ 다운 자켓,W's Path Dash ForestⅢ Down Jacket,C64YL3583,FEMALE,,,,70,70,70,29319150,418845.0,418845.0,assets/product_images/C64YL3583010.jpg,excel_map+downloaded
C64YM3572027,남성 컬럼비아 락 다운 자켓,M's Columbia Rock Down Jacket,C64YM3572,MALE,,,,55,55,58,27791525,479164.224137931,505300.45454545453,assets/product_images/C64YM3572027.jpg,excel_map+downloaded
C64YM3579010,공용 컬럼비아 락 롱 다운 자켓,M's Columbia Rock Long Down Jacket,C64YM3579,UNISEX,,,,36,36,36,21743070,603974.1666666666,603974.1666666666,assets/product_images/C64YM3579010.jpg,excel_map+downloaded
C75YU0369010,공용 본레 포레스트 20L 패커블 경량 백팩,Bonre Forest 20L Packable Backpack,C75YU0369,UNISEX,,,,161,159,406,21546170,53069.3842364532,133827.14285714287,assets/product_images/C75YU0369010.jpg,excel_map+downloaded
C54YM3474425,남성 마운틴 후드™ 다운 파카,Ms MT.Hood™ Down Parka,C54YM3474,MALE,,,,54,54,54,21529560,398695.55555555556,398695.55555555556,assets/product_images/C54YM3474425.jpg,excel_map+downloaded
C64YM3584010,남성 블루 에비뉴 다운 자켓,M's Blue Avenue Down Jacket,C64YM3584,MALE,,,,72,72,77,21384740,277723.8961038961,297010.27777777775,assets/product_images/C64YM3584010.jpg,excel_map+downloaded
C54YL3483010,여성 패스 대쉬 포레스트 다운 자켓,Ws Path Dash Forest™Ⅲ Down Jacket,C54YL3483,FEMALE,,,,64,59,64,21286706,332604.78125,332604.78125,assets/product_images/C54YL3483010.jpg,excel_map+downloaded
C54YM3472211,남성 마운틴 후드™ 다운 자켓,Ms MT.Hood™ Down Jacket,C54YM3472,MALE,,,,62,62,62,20961370,338086.6129032258,338086.6129032258,assets/product_images/C54YM3472211.jpg,excel_map+downloaded
C54WE4714257,공용 하이크바운드 인터체인지 자켓,Hikebound™ II Interchange Jacket,C54WE4714,UNISEX,,,,144,144,148,20415155,137940.23648648648,141771.90972222222,assets/product_images/C54WE4714257.jpg,styleship_cdn_pattern+downloaded
C66YU9626286,공용 샙랜드4 워터프루프 옴니히트,SAPLAND IV WP OMNI-HEAT INFINITY,C66YU9626,UNISEX,,,,122,120,124,20106620,162150.16129032258,164808.3606557377,assets/product_images/C66YU9626286.jpg,styleship_cdn_pattern+downloaded
C66YU0369010,공용 본레 포레스트 20L 패커블 경량 백팩,Bonre Forest 20L Packable Backpack,C66YU0369,UNISEX,,,,369,367,369,19466840,52755.66395663957,52755.66395663957,assets/product_images/C66YU0369010.jpg,styleship_cdn_pattern+downloaded
C54YM3474010,남성 마운틴 후드™ 다운 파카,Ms MT.Hood™ Down Parka,C54YM3474,MALE,,,,49,48,50,19463210,389264.2,397208.36734693876,assets/product_images/C54YM3474010.jpg,excel_map+downloaded
C52WE9484010,[공식몰 단독]남성 루프 트레일 바람막이 방풍 자켓,Loop Trail™ II Windbreaker,C52WE9484,MALE,,,,158,152,181,19286247,106553.85082872928,122064.85443037975,assets/product_images/C52WE9484010.jpg,styleship_cdn_pattern+downloaded
C54YL3487010,여성 파운 피크 다운 자켓,Ws Fawn Peak™ Down Jacket,C54YL3487,FEMALE,,,,98,98,98,19078500,194678.57142857142,194678.57142857142,assets/product_images/C54YL3487010.jpg,excel_map+downloaded
C64YM3574010,공용 마운틴 후드 다운 자켓,MT.Hood Down Jacket,C64YM3574,MALE,,,,39,39,40,18978620,474465.5,486631.28205128206,assets/product_images/C64YM3574010.jpg,excel_map+downloaded
C54YM3471010,남성 스노우 타워 레이크™ 다운 자켓,Ms Snow Tower Lake™ Down Jacket,C54YM3471,MALE,,,,97,96,101,18569938,183860.77227722772,191442.65979381444,assets/product_images/C54YM3471010.jpg,excel_map+downloaded
C65YU0369010,공용 본레 포레스트 20L 패커블 경량 백팩,Bonre Forest 20L Packable Backpack,C65YU0369,UNISEX,,,,175,174,387,18328440,47360.31007751938,104733.94285714286,assets/product_images/C65YU0369010.jpg,excel_map+downloaded
C64YL3574010,여성 마운틴 후드 다운 자켓,W's MT.Hood Down Jacket,C64YL3574,FEMALE,,,,38,38,38,18323760,482204.2105263158,482204.2105263158,assets/product_images/C64YL3574010.jpg,excel_map+downloaded
C66YU2743010,공용 옐로우테일 쇼티 워터프루프 옴니히트,YELLOWTAIL SHORTY WP OH,C66YU2743,UNISEX,,,,151,146,159,18301410,115103.2075471698,121201.39072847682,assets/product_images/C66YU2743010.jpg,styleship_cdn_pattern+downloaded
C54WR3825278,여성 드랍 릿지 II 인터체인지 자켓,Drop Ridge™ II Interchange Jacket,C54WR3825,FEMALE,,,,90,89,90,17483666,194262.95555555556,194262.95555555556,assets/product_images/C54WR3825278.jpg,excel_map+downloaded
C61XE5850010,공용 센트릴리엄 2.5 레이어 방수 자켓,Centrillium 2.5L Jacket,C61XE5850,UNISEX,,,,95,93,108,17184030,159111.38888888888,180884.52631578947,assets/product_images/C61XE5850010.jpg,excel_map+downloaded
C64YM3571439,남성 아보카 트레일 경량 다운 자켓,M's Avoca Trail Down Jacket,C64YM3571,MALE,,,,42,41,82,17184000,209560.9756097561,409142.85714285716,assets/product_images/C64YM3571439.jpg,excel_map+downloaded
C54WR3825397,여성 드랍 릿지 II 인터체인지 자켓,Drop Ridge™ II Interchange Jacket,C54WR3825,FEMALE,,,,84,84,84,17183078,204560.45238095237,204560.45238095237,assets/product_images/C54WR3825397.jpg,excel_map+downloaded
C65BM6243278,남성 몬트레일 트리니티 MX,MONTRAIL TRINITY MX,C65BM6243,MALE,,,,132,127,132,17067970,129302.80303030302,129302.80303030302,assets/product_images/C65BM6243278.jpg,styleship_cdn_pattern+downloaded
C55BI5371020,남성 크레스트우드 미드 워터프루프 와이드핏,CRESTWOOD™ MID WATERPROOF WIDE,C55BI5371,MALE,,,,178,176,179,17050870,95256.25698324022,95791.40449438202,assets/product_images/C55BI5371020.jpg,styleship_cdn_pattern+downloaded
C54YL3482010,여성 클라우드 비치 롱 다운 자켓,Ws Cloud Beach™ Long Down Jacket,C54YL3482,FEMALE,,,,55,54,55,16705740,303740.7272727273,303740.7272727273,assets/product_images/C54YL3482010.jpg,excel_map+downloaded
C64AE4498461,[추영우 착용] 공용 헬베시아 II 프린티드 하프스냅 플리스 풀오버,Helvetia II Printed Half Snap Fleece,C64AE4498,UNISEX,,,,230,227,234,16609970,70982.77777777778,72217.26086956522,assets/product_images/C64AE4498461.jpg,excel_map+downloaded
C55PU8665010,[공식몰 단독]공용 패나시아 25L 백팩,Panacea™ 25L Backpack,C55PU8665,UNISEX,,,,62,62,281,16254490,57845.16014234875,262169.1935483871,assets/product_images/C55PU8665010.jpg,styleship_cdn_pattern+downloaded
C54YM3472443,남성 마운틴 후드™ 다운 자켓,Ms MT.Hood™ Down Jacket,C54YM3472,MALE,,,,45,42,45,16211320,360251.55555555556,360251.55555555556,assets/product_images/C54YM3472443.jpg,excel_map+downloaded
C65YU0366010,공용 레드우드 30L 뉴 플러스 백팩,REDWOOD30 N.PLUS BACKPACK,C65YU0366,UNISEX,,,,127,125,130,16049680,123459.07692307692,126375.43307086614,assets/product_images/C65YU0366010.jpg,excel_map+downloaded
C64YL3585010,여성 파운 피크 다운 자켓,W's Fawn Peak Down Jacket,C64YL3585,FEMALE,,,,59,59,59,15220680,257977.62711864407,257977.62711864407,assets/product_images/C64YL3585010.jpg,excel_map+downloaded
C46BM6754010,남성 픽프릭2 미드 아웃드라이 레더,PEAKFREAK II MID OUTDRY LEATHER,C46BM6754,MALE,,,,113,113,118,15068140,127696.10169491525,133346.37168141594,assets/product_images/C46BM6754010.jpg,styleship_cdn_pattern+downloaded
C54WE6671010,공용 캐스케이드 인터체인지 자켓,Cascade Peak™ VI Interchange Jacket,C54WE6671,UNISEX,,,,12,11,59,15055230,255173.38983050847,1254602.5,assets/product_images/C54WE6671010.jpg,excel_map+downloaded
C64YM3584030,남성 블루 에비뉴 다운 자켓,M's Blue Avenue Down Jacket,C64YM3584,MALE,,,,53,52,53,15023090,283454.5283018868,283454.5283018868,assets/product_images/C64YM3584030.jpg,excel_map+downloaded
C64YM3571010,남성 아보카 트레일 경량 다운 자켓,M's Avoca Trail Down Jacket,C64YM3571,MALE,,,,39,39,70,14679550,209707.85714285713,376398.71794871794,assets/product_images/C64YM3571010.jpg,excel_map+downloaded
C56YU5200010,공용 호버튜버 옴니테크,HOVERTUBER OMNI-TECH,C56YU5200,UNISEX,,,,189,180,195,14622810,74988.76923076923,77369.36507936507,assets/product_images/C56YU5200010.jpg,excel_map+downloaded
C64AE5780191,공용 헬베시아 II 하프스냅 플리스 아노락,Helvetia II Half Snap Fleece,C64AE5780,UNISEX,,,,204,202,217,14008380,64554.746543778805,68668.5294117647,assets/product_images/C64AE5780191.jpg,excel_map+downloaded
C54YM3473278,남성 클라이브 레이크 Ⅱ 다운 자켓,Ms Clive Lake™ Ⅱ Down Jacket,C54YM3473,MALE,,,,40,39,40,13846785,346169.625,346169.625,assets/product_images/C54YM3473278.jpg,excel_map+downloaded
C46BK4552305,여성 뉴튼릿지 플러스 와이드핏,NEWTON RIDGE™ PLUS WATERPROOF AMPED WIDE,C46BK4552,FEMALE,,,,226,222,228,13830150,60658.55263157895,61195.35398230088,assets/product_images/C46BK4552305.jpg,styleship_cdn_pattern+downloaded
C56BI5371241,남성 크레스트우드 미드 워터프루프 와이드핏,CRESTWOOD MID WATERPROOF,C56BI5371,MALE,,,,139,138,144,13750460,95489.30555555556,98924.1726618705,assets/product_images/C56BI5371241.jpg,excel_map+downloaded
C56YU2743010,공용 옐로우테일 쇼티 WP OH,YELLOWTAIL™ SHORTY WP OH,C56YU2743,UNISEX,,,,136,124,147,13688220,93117.14285714286,100648.67647058824,assets/product_images/C56YU2743010.jpg,excel_map+downloaded
C64YM3574027,[추영우 착용] 남성 마운틴 후드 다운 자켓,M's MT.Hood Down Jacket,C64YM3574,MALE,,,,27,27,28,13645440,487337.14285714284,505386.6666666667,assets/product_images/C64YM3574027.jpg,excel_map+downloaded
C61XE5850022,[추영우 착용] 공용 센트릴리엄 2.5 레이어 방수 자켓,Centrillium Jacket,C61XE5850,UNISEX,,,,70,69,87,13622900,156585.05747126436,194612.85714285713,assets/product_images/C61XE5850022.jpg,excel_map+downloaded
C75BI8634083,남성 텔루릭스 타이타늄 아웃드라이 와이드,TELLURIX TITANIUM OUTDRY WIDE,C75BI8634,MALE,,,,75,75,77,13585970,176441.16883116882,181146.26666666666,assets/product_images/C75BI8634083.jpg,excel_map+downloaded
C46BM9621010,남성 패시트75 알파 아웃드라이,FACET 75 ALPHA OUTDRY,C46BM9621,MALE,,,,108,107,108,13580430,125744.72222222222,125744.72222222222,assets/product_images/C46BM9621010.jpg,styleship_cdn_pattern+downloaded
C54XL5603193,[DISNEY] 여성 미키와 친구들 하프 스냅 플리스,W CSC X Disney Mickey & Friends Half Snap Fleece,C54XL5603,FEMALE,,,,117,114,120,13361330,111344.41666666667,114199.4017094017,assets/product_images/C54XL5603193.jpg,styleship_cdn_pattern+downloaded
C65BM1935010,남성 PFG 프로 스포츠 부츠,PFG PRO SPORT BOOT,C65BM1935,MALE,,,,105,104,107,13262140,123945.2336448598,126306.09523809524,assets/product_images/C65BM1935010.jpg,excel_map+downloaded
C66YU0366010,공용 레드우드 30L 뉴 플러스 백팩,REDWOOD30 N.PLUS BACKPACK,C66YU0366,UNISEX,,,,101,101,106,13137180,123935.6603773585,130071.08910891089,assets/product_images/C66YU0366010.jpg,excel_map+downloaded
C46BM6754231,남성 픽프릭2 미드 아웃드라이 레더,PEAKFREAK II MID OUTDRY LEATHER,C46BM6754,MALE,,,,102,100,102,12744570,124946.76470588235,124946.76470588235,assets/product_images/C46BM6754231.jpg,styleship_cdn_pattern+downloaded
C64WE5258010,남성 아틱 크레스트 경량 구스 다운자켓,Arctic Crest Down Jacket,C64WE5258,MALE,,,,43,43,43,12742040,296326.511627907,296326.511627907,assets/product_images/C64WE5258010.jpg,styleship_cdn_pattern+downloaded
C64YL3586102,여성 앤 로드 다운 자켓,W's Anne Road Down Jacket,C64YL3586,FEMALE,,,,77,75,78,12657660,162277.6923076923,164385.1948051948,assets/product_images/C64YL3586102.jpg,excel_map+downloaded
C64AR5760554,여성 헬베시아 II 프린티드 하프스냅 플리스 풀오버,Helvetia II Printed Cropped Half Snap,C64AR5760,FEMALE,,,,177,177,179,12646060,70648.37988826816,71446.66666666667,assets/product_images/C64AR5760554.jpg,styleship_cdn_pattern+downloaded
C75YU0366010,공용 레드우드 30L 뉴 플러스 백팩,REDWOOD™30 N.PLUS BACKPACK,C75YU0366,UNISEX,,,,104,104,104,12597660,121131.34615384616,121131.34615384616,assets/product_images/C75YU0366010.jpg,excel_map+downloaded
C54YM3476319,남성 샷오버 힐™ 경량 패딩 자켓,Ms Shotover Hill™ Insulation Jacket,C54YM3476,MALE,,,,76,71,87,12580996,144609.14942528735,165539.42105263157,assets/product_images/C54YM3476319.jpg,excel_map+downloaded
C64XE0098010,남성 클로브 서밋 경량 패딩 + 방수 인터체인지 자켓,Clove Summit Interchange Jacket,C64XE0098,MALE,,,,38,38,40,12430810,310770.25,327126.5789473684,assets/product_images/C64XE0098010.jpg,styleship_cdn_pattern+downloaded
C54AE3788010,남성 마블 캐니언™ 오버레이 후디 티셔츠,Marble Canyon™ Overlay Hoodie,C54AE3788,MALE,,,,256,250,258,12402410,48071.35658914729,48446.9140625,assets/product_images/C54AE3788010.jpg,styleship_cdn_pattern+downloaded
C65BM7763278,남성 몬트레일 트리니티 AG 2,MONTRAIL TRINITY AG II,C65BM7763,MALE,,,,103,103,105,12320360,117336.76190476191,119615.14563106796,assets/product_images/C65BM7763278.jpg,styleship_cdn_pattern+downloaded
C64YM3596010,남성 스톤 데쉬 플리스 자켓,M's Stone Dash Fleece Jacket,C64YM3596,MALE,,,,49,49,80,12166790,152084.875,248301.83673469388,assets/product_images/C64YM3596010.jpg,excel_map+downloaded
C54XM8729193,[DISNEY] 남성 미키와 친구들 하프 스냅 플리스,M CSC x Disney Mickey & Friends Half Snap Fleece,C54XM8729,MALE,,,,105,105,109,12148900,111457.79816513762,115703.80952380953,assets/product_images/C54XM8729193.jpg,styleship_cdn_pattern+downloaded
C54YM3479211,공용 마운틴 후드™ 롱 다운 자켓,MT.Hood™ Long Down Jacket,C54YM3479,UNISEX,,,,36,35,36,12102770,336188.05555555556,336188.05555555556,assets/product_images/C54YM3479211.jpg,excel_map+downloaded
C66BI0652014,남성 크레스트우드 미드 워터프루프 와이드핏,CRESTWOOD MID WATERPROOF WIDE,C66BI0652,MALE,,,,98,98,99,12039380,121609.898989899,122850.8163265306,assets/product_images/C66BI0652014.jpg,excel_map+downloaded
C75BI8634010,[추영우 착용] 남성 텔루릭스 타이타늄 아웃드라이 와이드,TELLURIX TITANIUM OUTDRY WIDE,C75BI8634,MALE,,,,69,66,69,11818680,171285.21739130435,171285.21739130435,assets/product_images/C75BI8634010.jpg,excel_map+downloaded
C54WR9293010,여성 롱혼 릿지 리버서블 셔켓,Longhorn Ridge™ Reversible Shirt Jacket,C54WR9293,FEMALE,,,,148,144,148,11757818,79444.71621621621,79444.71621621621,assets/product_images/C54WR9293010.jpg,styleship_cdn_pattern+downloaded
C51AE5878010,남성 와우노가 라이프 웨이트 팬츠,Wanoga™ Lightweight Pant,C51AE5878,MALE,,,,182,171,185,11734510,63429.78378378379,64475.32967032967,assets/product_images/C51AE5878010.jpg,styleship_cdn_pattern+downloaded
C55BI5371326,남성 크레스트우드 미드 워터프루프 와이드핏,CRESTWOOD™ MID WATERPROOF WIDE,C55BI5371,MALE,,,,117,116,121,11668900,96437.19008264462,99734.18803418803,assets/product_images/C55BI5371326.jpg,styleship_cdn_pattern+downloaded
C65BM7679202,남성 뉴튼릿지 베이스캠프,NEWTON RIDGE BC NB,C65BM7679,MALE,,,,138,132,139,11642850,83761.5107913669,84368.47826086957,assets/product_images/C65BM7679202.jpg,styleship_cdn_pattern+downloaded
C65YM8908010,남성 이스케이프 쓰라이브 샌들,THRIVE REVIVE SHANDAL,C65YM8908,MALE,,,,104,103,105,11579960,110285.33333333333,111345.76923076923,assets/product_images/C65YM8908010.jpg,excel_map+downloaded
C66YU0368010,공용 더글라스 패스 30L 백팩,DUGLAS PASS 30 BACKPACK,C66YU0368,UNISEX,,,,120,117,120,11477295,95644.125,95644.125,assets/product_images/C66YU0368010.jpg,excel_map+downloaded
C54WE7451010,남성 실버 리프II 스트레치 인슐레이션 자켓,Silver Leaf™ Stretch Insulated II Jacket,C54WE7451,MALE,,,,65,60,74,11376210,153732.56756756757,175018.61538461538,assets/product_images/C54WE7451010.jpg,styleship_cdn_pattern+downloaded
C64YL3574027,여성 마운틴 후드 다운 자켓,W's MT.Hood Down Jacket,C64YL3574,FEMALE,,,,23,22,24,11290230,470426.25,490879.5652173913,assets/product_images/C64YL3574027.jpg,excel_map+downloaded
C55YM8908010,남성 이스케이프 쓰라이브 샌들,THRIVE™ REVIVE SHANDAL,C55YM8908,MALE,,,,99,94,100,11275910,112759.1,113898.0808080808,assets/product_images/C55YM8908010.jpg,styleship_cdn_pattern+downloaded
C54YM3484010,남성 그로스터 브룩™ 다운 자켓,Ms Gloster Brook™ Down Jacket,C54YM3484,MALE,,,,41,41,46,11248478,244532.13043478262,274353.1219512195,assets/product_images/C54YM3484010.jpg,excel_map+downloaded
C64XL8880100,[DISNEY] 여성 디즈니 하프 스냅 플리스 티셔츠,W ColumbiaㅣDISNEY Half Snap,C64XL8880,FEMALE,,,,95,93,97,11182900,115287.62886597938,117714.73684210527,assets/product_images/C64XL8880100.jpg,styleship_cdn_pattern+downloaded
C56YU4749010,공용 헨리포크 부츠 OT OHI,HENRYFORK BOOT OT OHI,C56YU4749,UNISEX,,,,77,63,83,11061350,133269.27710843374,143653.8961038961,assets/product_images/C56YU4749010.jpg,excel_map+downloaded
C64WR9847010,[공식몰 단독] 여성 어메이즈 퍼프 후디드 다운자켓,Amaze Puff Hooded Jacket,C64WR9847,FEMALE,,,,52,52,52,11059320,212679.23076923078,212679.23076923078,assets/product_images/C64WR9847010.jpg,styleship_cdn_pattern+downloaded
C65BI5371241,남성 크레스트우드 미드 워터프루프 와이드핏,CRESTWOOD MID WATERPROOF,C65BI5371,MALE,,,,115,115,116,11045575,95220.47413793103,96048.47826086957,assets/product_images/C65BI5371241.jpg,styleship_cdn_pattern+downloaded
C61YM3506011,남성 쓰리 락 바람막이 자켓,M's Three Rock Jacket,C61YM3506,MALE,,,,17,17,88,11027420,125311.59090909091,648671.7647058824,assets/product_images/C61YM3506011.jpg,excel_map+downloaded
C54YM3489010,남성 밸리 투 패스™ 헤비 다운 자켓,Ms Valley to Pass™ Down Jacket,C54YM3489,MALE,,,,42,42,42,11020628,262395.90476190473,262395.90476190473,assets/product_images/C54YM3489010.jpg,excel_map+downloaded
C65YE4769008,남성 트랜스트레커 아웃드라이 와이드,TRANS TREKKER OUTDRY WIDE,C65YE4769,MALE,,,,85,85,85,10966840,129021.64705882352,129021.64705882352,assets/product_images/C65YE4769008.jpg,excel_map+downloaded
C62XE2326010,남성 클레어몬트II 경량 바람막이 자켓,Clearmont II Jacket,C62XE2326,MALE,,,,115,113,140,10848080,77486.28571428571,94331.13043478261,assets/product_images/C62XE2326010.jpg,excel_map+downloaded
C64YM8587439,남성 다트 포레스트 코듀로이 팬츠,M's Dart Forest Corduroy Pants,C64YM8587,MALE,,,,93,88,94,10792955,114818.67021276595,116053.27956989247,assets/product_images/C64YM8587439.jpg,excel_map+downloaded
C54YL3487105,여성 파운 피크 다운 자켓,Ws Fawn Peak™ Down Jacket,C54YL3487,FEMALE,,,,53,53,53,10498360,198082.2641509434,198082.2641509434,assets/product_images/C54YL3487105.jpg,excel_map+downloaded
C46BK4552286,여성 뉴튼릿지 플러스 와이드핏,NEWTON RIDGE™ PLUS WATERPROOF AMPED WIDE,C46BK4552,FEMALE,,,,164,158,172,10466660,60852.67441860465,63821.09756097561,assets/product_images/C46BK4552286.jpg,styleship_cdn_pattern+downloaded
C66YU9682286,공용 샙랜드4 처카 워터프루프 옴니히트,SAPLAND IV CHUKKA WP OH INFINITY,C66YU9682,UNISEX,,,,69,68,71,10455610,147262.11267605633,151530.57971014493,assets/product_images/C66YU9682286.jpg,styleship_cdn_pattern+downloaded
C54YL3486102,여성 앤 로드 다운 자켓,Ws Anne Road™ Down Jacket,C54YL3486,FEMALE,,,,68,66,69,10437000,151260.86956521738,153485.29411764705,assets/product_images/C54YL3486102.jpg,excel_map+downloaded
C62XE8841012,[추영우 착용] 공용 콜드 베이 대쉬 그래픽 반팔 티셔츠,Cold Bay Dash Short Sleeve Tee,C62XE8841,UNISEX,,,,284,277,290,10302040,35524.275862068964,36274.788732394365,assets/product_images/C62XE8841012.jpg,excel_map+downloaded
C56YM0696027,공용 다운 투 다크 트래퍼,Dawn-to-Dark™Ⅱ TRAPPER,C56YM0696,UNISEX,,,,204,201,209,10198750,48797.846889952154,49993.87254901961,assets/product_images/C56YM0696027.jpg,styleship_cdn_pattern+downloaded
C66YM0696010,공용 다운 투 다크 트래퍼,Dawn-to-DarkⅡ TRAPPER,C66YM0696,UNISEX,,,,171,167,180,10197805,56654.47222222222,59636.286549707605,assets/product_images/C66YM0696010.jpg,excel_map+downloaded
C62WE2798010,공용 코브 비치 윈드브레이커 자켓,Cove Beach Windbreaker,C62WE2798,UNISEX,,,,73,72,96,10040110,104584.47916666667,137535.75342465754,assets/product_images/C62WE2798010.jpg,excel_map+downloaded
C54AE5780191,남성 헬베시아 II 하프스냅 플리스 아노락,Helvetia™ II Half Snap Fleece,C54AE5780,MALE,,,,182,181,185,9900780,53517.72972972973,54399.89010989011,assets/product_images/C54AE5780191.jpg,excel_map+downloaded
C56BK5371271,여성 크레스트우드 미드 워터프루프 와이드핏,CRESTWOOD MID WATERPROOF,C56BK5371,FEMALE,,,,103,103,104,9825510,94476.05769230769,95393.30097087378,assets/product_images/C56BK5371271.jpg,excel_map+downloaded
C61YM7591466,공용 365 마운틴 긴팔 셔켓,365 Mountain Shirts Jacket,C61YM7591,UNISEX,,,,76,73,76,9761310,128438.28947368421,128438.28947368421,assets/product_images/C61YM7591466.jpg,excel_map+downloaded
C54XM6724010,[스타워즈] 공용 베이더 파카,VADER™ Parka,C54XM6724,MALE,,,,22,22,22,9754860,443402.7272727273,443402.7272727273,assets/product_images/C54XM6724010.jpg,excel_map+downloaded
C54YM8478011,남성 마운틴 후드™ 인슐레이션 스트레이트 팬츠,M's MT.Hood™ Insulation Straight Pants,C54YM8478,MALE,,,,76,75,77,9548050,124000.64935064936,125632.23684210527,assets/product_images/C54YM8478011.jpg,excel_map+downloaded
C66YU0154010,공용 헤이지 저니 2 워터프루프,HAZY JOURNEY II WATERPROOF,C66YU0154,UNISEX,,,,88,87,89,9516320,106924.94382022473,108140.0,assets/product_images/C66YU0154010.jpg,styleship_cdn_pattern+downloaded
C51AE5164278,남성 서밋 밸리 우븐 셔츠,Summit Valley™ Woven LS Shirt,C51AE5164,MALE,,,,170,167,174,9513600,54675.862068965514,55962.35294117647,assets/product_images/C51AE5164278.jpg,styleship_cdn_pattern+downloaded
C54YL3473010,여성 앤 스트림™ 다운 자켓,Ws Anne Stream™ Down Jacket,C54YL3473,FEMALE,,,,31,30,31,9491391,306173.9032258064,306173.9032258064,assets/product_images/C54YL3473010.jpg,excel_map+downloaded
C64AE5780010,공용 헬베시아 II 하프스냅 플리스 풀오버,Helvetia II Half Snap Fleece,C64AE5780,UNISEX,,,,143,141,150,9397880,62652.53333333333,65719.44055944055,assets/product_images/C64AE5780010.jpg,excel_map+downloaded
C64YM3584395,남성 블루 에비뉴 다운 자켓,M's Blue Avenue Down Jacket,C64YM3584,MALE,,,,29,29,32,9345240,292038.75,322249.6551724138,assets/product_images/C64YM3584395.jpg,excel_map+downloaded
C56BM6246012,남성 코노스 TRS 아웃드라이,KONOS™ TRS OUTDRY,C56BM6246,MALE,,,,69,67,70,9228000,131828.57142857142,133739.13043478262,assets/product_images/C56BM6246012.jpg,styleship_cdn_pattern+downloaded
C55BI5371241,남성 크레스트우드 미드 워터프루프 와이드핏,CRESTWOOD MID WATERPROOF,C55BI5371,MALE,,,,95,94,95,9188980,96726.1052631579,96726.1052631579,assets/product_images/C55BI5371241.jpg,styleship_cdn_pattern+downloaded
C61YM3594466,공용 365 마운틴 3L 방수자켓,365 Mountain Rain Jacket,C61YM3594,UNISEX,,,,31,29,31,9176570,296018.3870967742,296018.3870967742,assets/product_images/C61YM3594466.jpg,excel_map+downloaded
C64WE6671010,공용 캐스케이드 인터체인지 자켓,Cascade Peak VI Interchange Jacket,C64WE6671,UNISEX,,,,18,17,27,9042680,334914.0740740741,502371.1111111111,assets/product_images/C64WE6671010.jpg,excel_map+downloaded
C64YM7587439,남성 다트 포레스트 코듀로이 셔츠,M's Dart Forest Corduroy Shirts,C64YM7587,MALE,,,,73,71,74,8991460,121506.21621621621,123170.68493150685,assets/product_images/C64YM7587439.jpg,excel_map+downloaded
C54AE5780366,남성 헬베시아 II 하프스냅 플리스 아노락,Helvetia™ II Half Snap Fleece,C54AE5780,MALE,,,,162,162,164,8895590,54241.40243902439,54911.049382716046,assets/product_images/C54AE5780366.jpg,excel_map+downloaded
C66BI5718373,남성 뉴튼 완다 와이드 미드,NEWTON WANDER WIDE,C66BI5718,MALE,,,,90,90,90,8852890,98365.44444444444,98365.44444444444,assets/product_images/C66BI5718373.jpg,styleship_cdn_pattern+downloaded
C54WR9860010,여성 로로 패스 인터체인지 자켓,Lolo Pass™ Interchange Jacket,C54WR9860,FEMALE,,,,40,39,41,8840710,215627.07317073172,221017.75,assets/product_images/C54WR9860010.jpg,excel_map+downloaded
C65YU0366346,공용 레드우드 30L 뉴 플러스 백팩,REDWOOD30 N.PLUS BACKPACK,C65YU0366,UNISEX,,,,71,71,71,8825240,124299.15492957746,124299.15492957746,assets/product_images/C65YU0366346.jpg,excel_map+downloaded
C62XE3513492,[추영우 착용] 남성 글레시얼 비스타 그래픽 쿨링 티셔츠,Glacial Vista Graphic Tee,C62XE3513,MALE,,,,201,199,201,8817530,43868.30845771144,43868.30845771144,assets/product_images/C62XE3513492.jpg,excel_map+downloaded
C63PM0537126,[요나스 컬렉션] 공용 레이크 투 에비뉴 그래픽 반팔 티셔츠,Lake To Avenue Graphic Ss Tee,C63PM0537,UNISEX,,,,189,183,198,8777550,44331.06060606061,46442.06349206349,assets/product_images/C63PM0537126.jpg,styleship_cdn_pattern+downloaded
C56YM0696010,공용 다운 투 다크 트래퍼,Dawn-to-Dark™Ⅱ TRAPPER,C56YM0696,UNISEX,,,,170,168,177,8775730,49580.39548022599,51621.94117647059,assets/product_images/C56YM0696010.jpg,styleship_cdn_pattern+downloaded
C52WE9484278,[공식몰 단독]남성 루프 트레일 바람막이 방풍 자켓,Loop Trail™ II Windbreaker,C52WE9484,MALE,,,,74,73,82,8774891,107010.86585365854,118579.6081081081,assets/product_images/C52WE9484278.jpg,styleship_cdn_pattern+downloaded
C46BK4552008,여성 뉴튼릿지 플러스 와이드핏,NEWTON RIDGE™ PLUS WATERPROOF AMPED WIDE,C46BK4552,FEMALE,,,,141,137,142,8759400,61685.91549295775,62123.40425531915,assets/product_images/C46BK4552008.jpg,styleship_cdn_pattern+downloaded
C64YL3587010,여성 유니온 리버 다운 자켓,Union River Down Jacket,C64YL3587,FEMALE,,,,39,36,39,8695140,222952.3076923077,222952.3076923077,assets/product_images/C64YL3587010.jpg,excel_map+downloaded
C56BI5371240,남성 크레스트우드 미드 워터프루프 와이드핏,CRESTWOOD MID WATERPROOF,C56BI5371,MALE,,,,91,90,91,8670885,95284.45054945054,95284.45054945054,assets/product_images/C56BI5371240.jpg,excel_map+downloaded
C56BM0225010,남성 패시트 75 이쿼녹스,FACET™ 75 EQUINOX™,C56BM0225,MALE,,,,69,69,69,8661410,125527.68115942029,125527.68115942029,assets/product_images/C56BM0225010.jpg,styleship_cdn_pattern+downloaded
C66YU0369397,본레 포레스트 20L 패커블 경량 백팩,Bonre Forest 20L Packable Backpack,C66YU0369,UNISEX,,,,86,84,158,8650850,54752.215189873416,100591.27906976744,assets/product_images/C66YU0369397.jpg,excel_map+downloaded
C65BM1935063,남성 PFG 프로 스포츠 부츠,PFG PRO SPORT BOOT,C65BM1935,MALE,,,,69,69,69,8621530,124949.71014492754,124949.71014492754,assets/product_images/C65BM1935063.jpg,excel_map+downloaded
C55PU8665221,[공식몰 단독]공용 패나시아 25L 백팩,Panacea™ 25L Backpack,C55PU8665,UNISEX,,,,65,64,154,8583720,55738.44155844156,132057.23076923078,assets/product_images/C55PU8665221.jpg,styleship_cdn_pattern+downloaded
C55YU5270349,공용 호쏜 레인 로우 옴니테크 방수 스니커즈,HAWTHORNE™ RAIN LO OMNI-TECH™,C55YU5270,UNISEX,,,,111,110,111,8578800,77286.48648648648,77286.48648648648,assets/product_images/C55YU5270349.jpg,styleship_cdn_pattern+downloaded
C54AE3788075,남성 마블 캐니언™ 오버레이 후디 티셔츠,Marble Canyon™ Overlay Hoodie,C54AE3788,MALE,,,,185,181,186,8569070,46070.2688172043,46319.2972972973,assets/product_images/C54AE3788075.jpg,styleship_cdn_pattern+downloaded
C56YE4769339,남성 트랜스트레커 아웃드라이,TRANS TREKKER™ OUTDRY,C56YE4769,MALE,,,,58,56,58,8556150,147519.8275862069,147519.8275862069,assets/product_images/C56YE4769339.jpg,styleship_cdn_pattern+downloaded
C51AE5878027,남성 와우노가 라이프 웨이트 팬츠,Wanoga™ Lightweight Pant,C51AE5878,MALE,,,,137,133,137,8533710,62289.85401459854,62289.85401459854,assets/product_images/C51AE5878027.jpg,styleship_cdn_pattern+downloaded
C64YL3583035,여성 패스 대쉬 포레스트Ⅲ 다운 자켓,W's Path Dash ForestⅢ Down Jacket,C64YL3583,FEMALE,,,,19,19,19,8527650,448823.6842105263,448823.6842105263,assets/product_images/C64YL3583035.jpg,excel_map+downloaded
C56YM0696231,공용 다운 투 다크 트래퍼,Dawn-to-Dark™Ⅱ TRAPPER,C56YM0696,UNISEX,,,,163,162,168,8493740,50557.97619047619,52108.83435582822,assets/product_images/C56YM0696231.jpg,styleship_cdn_pattern+downloaded
C55YL7787010,여성 이스케이프 쓰라이브 샌들,THRIVE™ REVIVE SHANDAL,C55YL7787,FEMALE,,,,74,66,76,8455920,111262.1052631579,114269.18918918919,assets/product_images/C55YL7787010.jpg,styleship_cdn_pattern+downloaded
C54YM3496010,남성 하이크 보울 코브™ 플리스 자켓,Ms Hike Bowl Cove™ Fleece Jacket,C54YM3496,MALE,,,,66,65,74,8416650,113738.51351351352,127525.0,assets/product_images/C54YM3496010.jpg,excel_map+downloaded
C75BI0652089,남성 크레스트우드 미드 워터프루프 와이드핏,CRESTWOOD MID WATERPROOF WIDE,C75BI0652,MALE,,,,76,76,76,8349730,109864.86842105263,109864.86842105263,assets/product_images/C75BI0652089.jpg,excel_map+downloaded
C55YU6322212,공용 헤이지 저니 워터프루프,HAZY JOURNEY™ WATERPROOF,C55YU6322,UNISEX,,,,68,68,68,8324250,122415.44117647059,122415.44117647059,assets/product_images/C55YU6322212.jpg,styleship_cdn_pattern+downloaded
C54AE5780861,[공식몰 단독] 남성 헬베시아 II 하프스냅 플리스 아노락,Helvetia™ II Half Snap Fleece,C54AE5780,MALE,,,,156,156,159,8322190,52340.81761006289,53347.3717948718,assets/product_images/C54AE5780861.jpg,excel_map+downloaded
C55YU6488063,공용 호쏜 레인 로우 알트 방수 스니커즈,HAWTHORNE™ RAIN LO ALT,C55YU6488,UNISEX,,,,87,85,87,8316020,95586.4367816092,95586.4367816092,assets/product_images/C55YU6488063.jpg,styleship_cdn_pattern+downloaded
C65BI9168010,남성 픽프릭 러쉬 아웃드라이 와이드,PEAKFREAK RUSH OUTDRY WIDE,C65BI9168,MALE,,,,50,47,52,8292900,159478.84615384616,165858.0,assets/product_images/C65BI9168010.jpg,excel_map+downloaded
C55YU5270292,남성 호쏜 레인 로우 옴니테크 스니커즈,HAWTHORNE™ RAIN LO OMNI-TECH™,C55YU5270,MALE,,,,100,99,100,8244060,82440.6,82440.6,assets/product_images/C55YU5270292.jpg,styleship_cdn_pattern+downloaded
C54YL3486010,여성 앤 로드 다운 자켓,Ws Anne Road™ Down Jacket,C54YL3486,FEMALE,,,,57,54,57,8242960,144613.33333333334,144613.33333333334,assets/product_images/C54YL3486010.jpg,excel_map+downloaded
C62YM6536010,[추영우 착용] 남성 스토니 레이크 OFZ ICE+ 셋업 폴로 티셔츠,M's Stony Lake OFZ ICE+ Set Up Polo,C62YM6536,MALE,,,,101,98,114,8195030,71886.22807017544,81138.91089108911,assets/product_images/C62YM6536010.jpg,excel_map+downloaded
C43WE4686257,남성 익스플로러스 엣지™ 방수 패딩 자켓,Explorer's Edge™ Insulated Jacket,C43WE4686,MALE,,,,67,67,67,8163240,121839.40298507463,121839.40298507463,assets/product_images/C43WE4686257.jpg,styleship_cdn_pattern+downloaded
C54YM8496010,남성 하이크 보울 코브™ 플리스 조거 팬츠,Ms Hike Bowl Cove™ Fleece Jogger Pants,C54YM8496,MALE,,,,78,76,88,8128480,92369.09090909091,104211.28205128205,assets/product_images/C54YM8496010.jpg,excel_map+downloaded
C65YM8908102,남성 이스케이프 쓰라이브 샌들,THRIVE REVIVE SHANDAL,C65YM8908,MALE,,,,71,71,72,8077890,112192.91666666667,113773.0985915493,assets/product_images/C65YM8908102.jpg,excel_map+downloaded
C56YU0369010,공용 본레 포레스트™ 20L 패커블 백팩,Bonre Forest™ 20L Packable Backpack,C56YU0369,UNISEX,,,,114,113,147,8028450,54615.30612244898,70425.0,assets/product_images/C56YU0369010.jpg,excel_map+downloaded
C66BM4131012,남성 픽프릭 러쉬 아웃드라이 미드,PEAKFREAK RUSH MID OUTDRY,C66BM4131,MALE,,,,52,51,52,8009750,154033.65384615384,154033.65384615384,assets/product_images/C66BM4131012.jpg,excel_map+downloaded
C65YU0371010,[공식몰 단독] 공용 애슐리 코브 30L 백팩 + 파우치,Ashley Cove 30L Backpack,C65YU0371,UNISEX,,,,86,85,86,8002370,93050.81395348837,93050.81395348837,assets/product_images/C65YU0371010.jpg,excel_map+downloaded
C65BM6246012,남성 코노스 TRS 아웃드라이,KONOS TRS OUTDRY,C65BM6246,MALE,,,,60,56,63,7998300,126957.14285714286,133305.0,assets/product_images/C65BM6246012.jpg,excel_map+downloaded
C56YU0366010,공용 레드우드™ 30L 뉴 플러스 백팩,REDWOOD™30 N.PLUS BACKPACK,C56YU0366,UNISEX,,,,65,64,65,7961940,122491.38461538461,122491.38461538461,assets/product_images/C56YU0366010.jpg,excel_map+downloaded
C54YM8478010,남성 마운틴 후드™ 인슐레이션 스트레이트 팬츠,M's MT.Hood™ Insulation Straight Pants,C54YM8478,MALE,,,,62,62,63,7949190,126177.61904761905,128212.74193548386,assets/product_images/C54YM8478010.jpg,excel_map+downloaded
C54XE9996010,남성 타임 투 트레일™ 옴니히트™ 팬츠,Time to Trail™ Omni-Heat™ Pant,C54XE9996,MALE,,,,77,75,81,7888925,97394.13580246913,102453.57142857143,assets/product_images/C54XE9996010.jpg,styleship_cdn_pattern+downloaded
C65BI9168091,남성 픽프릭 러쉬 아웃드라이 와이드,PEAKFREAK RUSH OUTDRY WIDE,C65BI9168,MALE,,,,49,47,50,7843180,156863.6,160064.89795918367,assets/product_images/C65BI9168091.jpg,excel_map+downloaded
C65BM8217091,[공식몰 단독] 남성 이스케이프 쓰라이브 타이타늄 미드 아웃드라이,ESCAPE THRIVE TITANIUM MID OUTDRY,C65BM8217,MALE,,,,45,45,45,7833330,174074.0,174074.0,assets/product_images/C65BM8217091.jpg,excel_map+downloaded
C54YM3488011,남성 왈라 왈라 대쉬™ 다운 자켓,Ms Walla Walla Dash™ Down Jacket,C54YM3488,MALE,,,,28,27,30,7795170,259839.0,278398.9285714286,assets/product_images/C54YM3488011.jpg,excel_map+downloaded
C54WR3825010,여성 드랍 릿지 II 인터체인지 자켓,Drop Ridge™ II Interchange Jacket,C54WR3825,FEMALE,,,,39,39,40,7784838,194620.95,199611.23076923078,assets/product_images/C54WR3825010.jpg,excel_map+downloaded
C44AE2155460,[공식몰 단독] 공용 백볼™ 리마스터드 플리스 자켓,Backbowl™ Remastered Fleece,C44AE2155,UNISEX,,,,101,100,117,7777770,66476.66666666667,77007.62376237624,assets/product_images/C44AE2155460.jpg,styleship_cdn_pattern+downloaded
C75BM1935010,남성 PFG 프로 스포츠 레인 부츠,PFG PRO SPORT BOOT,C75BM1935,MALE,,,,56,55,56,7755520,138491.42857142858,138491.42857142858,assets/product_images/C75BM1935010.jpg,excel_map+downloaded
C64YM8587211,남성 다트 포레스트 코듀로이 팬츠,M's Dart Forest Corduroy Pants,C64YM8587,MALE,,,,66,64,66,7727970,117090.45454545454,117090.45454545454,assets/product_images/C64YM8587211.jpg,excel_map+downloaded
C54YL8485010,여성 코말 포크 인슐레이션 와이드 경량 패딩 팬츠,W's Comal Fork™ Insulation Wide Pants,C54YL8485,FEMALE,,,,73,71,73,7639330,104648.35616438356,104648.35616438356,assets/product_images/C54YL8485010.jpg,excel_map+downloaded
C54AR5760464,여성 헬베시아 II 프린티드 크롭 하프스냅,Helvetia™ II Printed Cropped Half Snap,C54AR5760,FEMALE,,,,101,101,101,7608580,75332.47524752475,75332.47524752475,assets/product_images/C54AR5760464.jpg,excel_map+downloaded
C54AR7330010,여성 헬베시아 II 크롭 하프스냅 플리스 아노락,Helvetia™ II Cropped Half Snap Fleece,C54AR7330,FEMALE,,,,141,140,141,7544530,53507.304964539006,53507.304964539006,assets/product_images/C54AR7330010.jpg,excel_map+downloaded
C53WE4318010,남성 왈로와™ 소프트쉘 풀이밴드 팬츠,Wallowa™ Softshell Pant,C53WE4318,MALE,,,,114,114,126,7530949,59769.43650793651,66060.95614035087,assets/product_images/C53WE4318010.jpg,styleship_cdn_pattern+downloaded
C56YE4769039,남성 트랜스트레커 아웃드라이,TRANS TREKKER™ OUTDRY,C56YE4769,MALE,,,,58,56,58,7505390,129403.27586206897,129403.27586206897,assets/product_images/C56YE4769039.jpg,styleship_cdn_pattern+downloaded
C44AE2155010,[공식몰 단독] 공용 백볼™ 리마스터드 플리스 자켓,Backbowl™ Remastered Fleece,C44AE2155,UNISEX,,,,90,89,124,7480080,60323.22580645161,83112.0,assets/product_images/C44AE2155010.jpg,styleship_cdn_pattern+downloaded
C54WE4714681,공용 하이크바운드 인터체인지 자켓,Hikebound™ II Interchange Jacket,C54WE4714,UNISEX,,,,51,51,51,7477869,146624.88235294117,146624.88235294117,assets/product_images/C54WE4714681.jpg,styleship_cdn_pattern+downloaded
C46BM9621316,남성 패시트75 알파 아웃드라이,FACET 75 ALPHA OUTDRY,C46BM9621,MALE,,,,59,59,59,7477230,126732.71186440678,126732.71186440678,assets/product_images/C46BM9621316.jpg,styleship_cdn_pattern+downloaded
C54YM3476010,남성 샷오버 힐™ 경량 패딩 자켓,Ms Shotover Hill™ Insulation Jacket,C54YM3476,MALE,,,,49,49,49,7473666,152523.79591836734,152523.79591836734,assets/product_images/C54YM3476010.jpg,excel_map+downloaded
C66BI9168091,남성 픽프릭 러쉬 아웃드라이 와이드,PEAKFREAK RUSH OUTDRY WIDE,C66BI9168,MALE,,,,38,37,55,7464300,135714.54545454544,196428.94736842104,assets/product_images/C66BI9168091.jpg,excel_map+downloaded
C56YU5200681,[공식몰 단독] 공용 호버튜버 옴니테크,HOVERTUBER OMNI-TECH,C56YU5200,UNISEX,,,,99,95,101,7404128,73308.19801980197,74789.17171717172,assets/product_images/C56YU5200681.jpg,excel_map+downloaded
C55YU5270010,공용 호쏜 레인 로우 옴니테크,HAWTHORNE™ RAIN LO OMNI-TECH™,C55YU5270,UNISEX,,,,73,71,73,7400420,101375.61643835617,101375.61643835617,assets/product_images/C55YU5270010.jpg,styleship_cdn_pattern+downloaded
C65YU0369060,공용 본레 포레스트 20L 패커블 경량 백팩,Bonre Forest 20L Packable Backpack,C65YU0369,UNISEX,,,,63,61,139,7384600,53126.61870503597,117215.87301587302,assets/product_images/C65YU0369060.jpg,styleship_cdn_pattern+downloaded
C55BM2858100,남성 코노스 TRS,KONOS™ TRS,C55BM2858,MALE,,,,77,76,77,7362785,95620.58441558441,95620.58441558441,assets/product_images/C55BM2858100.jpg,styleship_cdn_pattern+downloaded
C45BI5371384,남성 크레스트우드 미드 워터프루프 와이드핏,CRESTWOOD™ MID WATERPROOF WIDE,C45BI5371,MALE,,,,90,90,90,7284410,80937.88888888889,80937.88888888889,assets/product_images/C45BI5371384.jpg,styleship_cdn_pattern+downloaded
C56YR0136258,여성 트랜스트레커 아웃드라이,TRANS TREKKER™ OUTDRY,C56YR0136,FEMALE,,,,47,46,52,7196620,138396.53846153847,153119.5744680851,assets/product_images/C56YR0136258.jpg,styleship_cdn_pattern+downloaded
C56YU2743327,공용 옐로우테일 쇼티 WP OH,YELLOWTAIL™ SHORTY WP OH,C56YU2743,UNISEX,,,,77,74,77,7188540,93357.66233766233,93357.66233766233,assets/product_images/C56YU2743327.jpg,excel_map+downloaded
C51WE3507010,남성 앰플리 드라이™ 방수 2.5L 자켓,Ampli-Dry™ II Shell,C51WE3507,MALE,,,,50,49,50,7150990,143019.8,143019.8,assets/product_images/C51WE3507010.jpg,styleship_cdn_pattern+downloaded
C53AP3450010,여성 시커™ 레전드 2.0 티셔츠,Seeker™ Legend 2.0 LS Tee,C53AP3450,FEMALE,,,,261,257,264,7139960,27045.303030303032,27356.168582375478,assets/product_images/C53AP3450010.jpg,excel_map+downloaded
C54WE2476010,남성 스트릿 트래커 2.0 인터체인지 자켓,Street Trekker™ 2.0 Interchange Jacket,C54WE2476,MALE,,,,16,16,16,7040440,440027.5,440027.5,assets/product_images/C54WE2476010.jpg,styleship_cdn_pattern+downloaded
C64AR7330659,여성 헬베시아 II 크롭 하프스냅 플리스 풀오버,Helvetia II Cropped Half Snap Fleece,C64AR7330,FEMALE,,,,111,110,111,7001370,63075.40540540541,63075.40540540541,assets/product_images/C64AR7330659.jpg,styleship_cdn_pattern+downloaded
C65BK5371271,여성 크레스트우드 미드 워터프루프 와이드핏,CRESTWOOD MID WATERPROOF,C65BK5371,FEMALE,,,,74,74,74,6997600,94562.16216216216,94562.16216216216,assets/product_images/C65BK5371271.jpg,styleship_cdn_pattern+downloaded
C56YU2743271,공용 옐로우테일 쇼티 WP OH,YELLOWTAIL™ SHORTY WP OH,C56YU2743,UNISEX,,,,78,77,79,6986350,88434.81012658228,89568.58974358975,assets/product_images/C56YU2743271.jpg,excel_map+downloaded
C54YM3486010,남성 그레타 에비뉴™ 다운 자켓,Ms Greta Avenue™ Down Jacket,C54YM3486,MALE,,,,38,37,44,6911760,157085.45454545456,181888.42105263157,assets/product_images/C54YM3486010.jpg,excel_map+downloaded
C54WM3476191,공용 파우더케그 인터체인지 봄버 자켓,Powderkeg™ II Remastered Interchange,C54WM3476,UNISEX,,,,24,24,24,6877550,286564.5833333333,286564.5833333333,assets/product_images/C54WM3476191.jpg,styleship_cdn_pattern+downloaded
C64YM3574011,공용 마운틴 후드 다운 자켓,M's MT.Hood Down Jacket,C64YM3574,MALE,,,,14,14,14,6856230,489730.71428571426,489730.71428571426,assets/product_images/C64YM3574011.jpg,excel_map+downloaded
C54YL3471010,여성 스노우 타워 레이크™ 다운 자켓,Ws Snow Tower Lake™ Down Jacket,C54YL3471,FEMALE,,,,38,37,38,6844714,180124.05263157896,180124.05263157896,assets/product_images/C54YL3471010.jpg,excel_map+downloaded
C56YU0694010,공용 스트림 투 포크 플리스 리버서블 트래퍼,Stream to Fork™ Fleece Trapper,C56YU0694,UNISEX,,,,162,160,169,6841070,40479.70414201183,42228.82716049383,assets/product_images/C56YU0694010.jpg,excel_map+downloaded
C66BI9168010,남성 픽프릭 러쉬 아웃드라이 와이드,PEAKFREAK RUSH OUTDRY WIDE,C66BI9168,MALE,,,,45,45,45,6834160,151870.22222222222,151870.22222222222,assets/product_images/C66BI9168010.jpg,excel_map+downloaded
C56YU4749352,공용 헨리포크 부츠 OT OHI,HENRYFORK BOOT OT OHI,C56YU4749,UNISEX,,,,60,57,60,6815820,113597.0,113597.0,assets/product_images/C56YU4749352.jpg,excel_map+downloaded
C62XE8841371,공용 콜드 베이 대쉬 그래픽 반팔 티셔츠,Cold Bay Dash Short Sleeve Tee,C62XE8841,UNISEX,,,,200,197,202,6798210,33654.50495049505,33991.05,assets/product_images/C62XE8841371.jpg,excel_map+downloaded
C64XY7077100,[DISNEY] 키즈 디즈니 하프 스냅 플리스 티셔츠,Y ColumbiaㅣDISNEY Half Snap,C64XY7077,UNKNOWN,,,,83,83,90,6723970,74710.77777777778,81011.68674698795,assets/product_images/C64XY7077100.jpg,styleship_cdn_pattern+downloaded
C64YM8596010,남성 스톤 데쉬 플리스 스트레이트 팬츠,M's Stone Dash Fleece Straight Pants,C64YM8596,MALE,,,,52,49,53,6709820,126600.37735849057,129035.0,assets/product_images/C64YM8596010.jpg,excel_map+downloaded
C53AE9081010,남성 왈로와™ 플리스 스웨트팬츠,Wallowa™ Fleece Sweatpant,C53AE9081,MALE,,,,121,119,124,6654170,53662.66129032258,54993.14049586777,assets/product_images/C53AE9081010.jpg,styleship_cdn_pattern+downloaded
C65YU0657010,공용 베이스 투 스위프 쉐이드 부니,Bay to Sweep Shade Booney,C65YU0657,UNISEX,,,,112,110,115,6645750,57789.13043478261,59337.05357142857,assets/product_images/C65YU0657010.jpg,excel_map+downloaded
C61XE5850227,남성 센트릴리엄 2.5 레이어 방수 자켓,Centrillium Jacket,C61XE5850,MALE,,,,38,38,40,6633170,165829.25,174557.1052631579,assets/product_images/C61XE5850227.jpg,excel_map+downloaded
C66YM0659010,공용 트레일 투 브러쉬 부니,Trail to Brush Booney,C66YM0659,MALE,,,,22,19,172,6604520,38398.37209302326,300205.45454545453,assets/product_images/C66YM0659010.jpg,excel_map+downloaded
C54XY4893193,[DISNEY] 키즈 미키와 친구들 하프 스냅 플리스,Y CSC X Disney Mickey & Friends Half Snap Fleece,C54XY4893,UNKNOWN,,,,85,81,92,6604000,71782.60869565218,77694.11764705883,assets/product_images/C54XY4893193.jpg,styleship_cdn_pattern+downloaded
C66BM4131247,[추영우 착용] 남성 픽프릭 러쉬 아웃드라이 미드,PEAKFREAK RUSH MID OUTDRY,C66BM4131,MALE,,,,38,37,40,6575460,164386.5,173038.42105263157,assets/product_images/C66BM4131247.jpg,excel_map+downloaded
C56YU0154010,공용 헤이지 저니 2 워터프루프,HAZY JOURNEY II WATERPROOF,C56YU0154,UNISEX,,,,59,58,60,6571220,109520.33333333333,111376.61016949153,assets/product_images/C56YU0154010.jpg,excel_map+downloaded
C51AM5287011,남성 랜드로머 카고 셔츠,Landroamer™ Cargo Shirt,C51AM5287,MALE,,,,135,134,138,6555570,47504.13043478261,48559.77777777778,assets/product_images/C51AM5287011.jpg,styleship_cdn_pattern+downloaded
C64XE9996010,남성 타임 투 트레일 옴니히트 팬츠,Time to Trail Omni-Heat Pant,C64XE9996,MALE,,,,59,57,60,6518260,108637.66666666667,110478.98305084746,assets/product_images/C64XE9996010.jpg,styleship_cdn_pattern+downloaded
C55YM8908271,[공식몰 단독] 남성 쓰라이브 리바이브 샌들,THRIVE™ REVIVE SHANDAL,C55YM8908,MALE,,,,57,57,57,6514410,114287.8947368421,114287.8947368421,assets/product_images/C55YM8908271.jpg,styleship_cdn_pattern+downloaded
C55BM0378012,남성 코노스 TRS 아웃드라이,KONOS™ TRS OUTDRY™,C55BM0378,MALE,,,,45,44,45,6501010,144466.88888888888,144466.88888888888,assets/product_images/C55BM0378012.jpg,styleship_cdn_pattern+downloaded
C54YM3483010,남성 빅토리아 루프 롱 다운 자켓,Ms Victoria Loop™ Long Down Jacket,C54YM3483,MALE,,,,22,22,23,6498295,282534.5652173913,295377.04545454547,assets/product_images/C54YM3483010.jpg,excel_map+downloaded
C54YM3471397,남성 스노우 타워 레이크™ 다운 자켓,Ms Snow Tower Lake™ Down Jacket,C54YM3471,MALE,,,,33,33,35,6425088,183573.94285714286,194699.63636363635,assets/product_images/C54YM3471397.jpg,excel_map+downloaded
C64YL3571010,여성 아보카 트레일 경량 다운 자켓,W's Avoca Trail Down Jacket,C64YL3571,FEMALE,,,,23,23,30,6420150,214005.0,279136.95652173914,assets/product_images/C64YL3571010.jpg,excel_map+downloaded
C54YL8496010,여성 하이크 보울 코브™ 플리스 조거 팬츠,Ws Hike Bowl Cove™ Fleece Jogger Pants,C54YL8496,FEMALE,,,,72,68,72,6399670,88884.30555555556,88884.30555555556,assets/product_images/C54YL8496010.jpg,excel_map+downloaded
C66CU5879011,공용 인피니티 트레일 바라클라바,Infinity Trail Balaclava,C66CU5879,UNISEX,,,,233,231,270,6398250,23697.222222222223,27460.30042918455,assets/product_images/C66CU5879011.jpg,excel_map+downloaded
C51AR9425352,여성 바운더리스 트랙 카고 팬츠,Boundless Trek™ Cargo Pant,C51AR9425,FEMALE,,,,123,118,123,6384510,51906.58536585366,51906.58536585366,assets/product_images/C51AR9425352.jpg,styleship_cdn_pattern+downloaded
C65BI5371240,남성 크레스트우드 미드 워터프루프 와이드핏,CRESTWOOD MID WATERPROOF,C65BI5371,MALE,,,,66,66,66,6376720,96616.9696969697,96616.9696969697,assets/product_images/C65BI5371240.jpg,styleship_cdn_pattern+downloaded
C64XM5107100,[DISNEY] 남성 디즈니 하프 스냅 플리스 티셔츠,M ColumbiaㅣDISNEY Half Snap,C64XM5107,MALE,,,,55,54,55,6361180,115657.81818181818,115657.81818181818,assets/product_images/C64XM5107100.jpg,styleship_cdn_pattern+downloaded
C51AR9425012,여성 바운더리스 트랙 카고 팬츠,Boundless Trek™ Cargo Pant,C51AR9425,FEMALE,,,,120,118,122,6331340,51896.229508196724,52761.166666666664,assets/product_images/C51AR9425012.jpg,styleship_cdn_pattern+downloaded
C66BM6246012,남성 코노스 TRS 아웃드라이,KONOS TRS OUTDRY,C66BM6246,MALE,,,,50,48,51,6304350,123614.70588235294,126087.0,assets/product_images/C66BM6246012.jpg,excel_map+downloaded
C65YL7787010,여성 이스케이프 쓰라이브 샌들,THRIVE REVIVE SHANDAL,C65YL7787,FEMALE,,,,60,59,60,6293960,104899.33333333333,104899.33333333333,assets/product_images/C65YL7787010.jpg,styleship_cdn_pattern+downloaded
C64YL3571160,여성 아보카 트레일 경량 다운 자켓,W's Avoca Trail Down Jacket,C64YL3571,FEMALE,,,,18,18,30,6287420,209580.66666666666,349301.1111111111,assets/product_images/C64YL3571160.jpg,excel_map+downloaded
C52XE8841370,남성 콜드 베이 대쉬 숏 반팔 라운드 티셔츠,Cold Bay Dash™ Short Sleeve Tee,C52XE8841,MALE,,,,165,165,166,6261940,37722.530120481926,37951.15151515151,assets/product_images/C52XE8841370.jpg,styleship_cdn_pattern+downloaded
C52PM0295469,PFG 바하마™II 데님 반팔 셔츠,Bahama™ II Denim S/S Shirt,C52PM0295,MALE,,,,57,55,58,6196560,106837.24137931035,108711.57894736843,assets/product_images/C52PM0295469.jpg,styleship_cdn_pattern+downloaded
C66YU0367010,공용 레드우드 35L 백팩,REDWOOD35 BACKPACK,C66YU0367,UNISEX,,,,41,38,46,6181170,134373.26086956522,150760.24390243902,assets/product_images/C66YU0367010.jpg,excel_map+downloaded
C63PM0537467,[요나스 컬렉션] 공용 레이크 투 에비뉴 그래픽 반팔 티셔츠,Lake To Avenue Graphic Ss Tee,C63PM0537,UNISEX,,,,139,136,140,6179710,44140.78571428572,44458.34532374101,assets/product_images/C63PM0537467.jpg,styleship_cdn_pattern+downloaded
C65BL0341278,여성 픽프릭 러쉬 샌달,PEAKFREAK RUSH SHANDAL,C65BL0341,FEMALE,,,,61,59,61,6176550,101254.91803278688,101254.91803278688,assets/product_images/C65BL0341278.jpg,excel_map+downloaded
C64XR9092010,여성 미스티 트리즈 II 인터체인지 자켓,Misty Trees II Interchange Jacket,C64XR9092,FEMALE,,,,22,21,22,6174200,280645.45454545453,280645.45454545453,assets/product_images/C64XR9092010.jpg,styleship_cdn_pattern+downloaded
C51AM5287027,남성 랜드로머 카고 셔츠,Landroamer™ Cargo Shirt,C51AM5287,MALE,,,,122,114,123,6170040,50162.92682926829,50574.098360655735,assets/product_images/C51AM5287027.jpg,styleship_cdn_pattern+downloaded
C55YU5270469,공용 호쏜 레인 로우 옴니테크 방수 스니커즈,HAWTHORNE™ RAIN LO OMNI-TECH™,C55YU5270,UNISEX,,,,100,97,100,6148070,61480.7,61480.7,assets/product_images/C55YU5270469.jpg,styleship_cdn_pattern+downloaded
C56YU0694319,공용 스트림 투 포크 플리스 리버서블 트래퍼,Stream to Fork™ Fleece Trapper,C56YU0694,UNISEX,,,,151,149,155,6146450,39654.51612903226,40704.96688741722,assets/product_images/C56YU0694319.jpg,excel_map+downloaded
C56YU4947247,공용 스노우피아 처카 옴니테크,SNOWPIA™ CHUKKA OMNI-TECH™,C56YU4947,UNISEX,,,,67,66,67,6121650,91367.9104477612,91367.9104477612,assets/product_images/C56YU4947247.jpg,excel_map+downloaded
C54YL3496010,여성 하이크 보울 코브™ 플리스 자켓,Ws Hike Bowl Cove™ Fleece Jacket,C54YL3496,FEMALE,,,,50,49,50,6103220,122064.4,122064.4,assets/product_images/C54YL3496010.jpg,excel_map+downloaded
C66YU5200010,공용 호버튜버 옴니테크,HOVERTUBER OMNI-TECH,C66YU5200,UNISEX,,,,83,79,84,6100260,72622.14285714286,73497.10843373495,assets/product_images/C66YU5200010.jpg,excel_map+downloaded
C45YU5529100,공용 호쏜 레인 로우 III,HAWTHORNE™ RAIN LO III WATERPROOF,C45YU5529,UNISEX,,,,112,107,117,6073530,51910.51282051282,54227.94642857143,assets/product_images/C45YU5529100.jpg,styleship_cdn_pattern+downloaded
C56YM0199105,남성 이스케이프 쓰라이브 울트라 아웃드라이 보아2,ESCAPE™ THRIVE ULTRA™ OUTDRY™ BOA II,C56YM0199,MALE,,,,43,43,43,6073120,141235.3488372093,141235.3488372093,assets/product_images/C56YM0199105.jpg,excel_map+downloaded
C64WR3825278,여성 드랍 릿지 II 인터체인지 자켓,Drop Ridge II Interchange Jacket,C64WR3825,FEMALE,,,,32,32,32,6072270,189758.4375,189758.4375,assets/product_images/C64WR3825278.jpg,excel_map+downloaded
C55BL5371020,여성 크레스트우드 미드 워터프루프,CRESTWOOD™ MID WATERPROOF,C55BL5371,FEMALE,,,,65,65,65,6053450,93130.0,93130.0,assets/product_images/C55BL5371020.jpg,styleship_cdn_pattern+downloaded
C61XE2738028,남성 글레시얼 비스타 긴팔 쿨링 셔츠,Glacial Vista Long Sleeve Shirt,C61XE2738,MALE,,,,79,77,80,6026780,75334.75,76288.35443037975,assets/product_images/C61XE2738028.jpg,excel_map+downloaded
C56YU0154433,[공식몰 단독] 공용 헤이지 저니 2 워터프루프 방수 스니커즈,HAZY JOURNEY II WATERPROOF,C56YU0154,UNISEX,,,,72,70,74,6000060,81081.8918918919,83334.16666666667,assets/product_images/C56YU0154433.jpg,excel_map+downloaded
C66YM0696027,공용 다운 투 다크 트래퍼,Dawn-to-DarkⅡ TRAPPER,C66YM0696,UNISEX,,,,102,102,108,5995030,55509.53703703704,58774.80392156863,assets/product_images/C66YM0696027.jpg,excel_map+downloaded
C66BI5718089,남성 뉴튼 완다 와이드 미드,NEWTON WANDER WIDE,C66BI5718,MALE,,,,52,52,57,5940012,104210.73684210527,114231.0,assets/product_images/C66BI5718089.jpg,excel_map+downloaded
C65BM0423011,남성 쓰라이브 리바이브 클로그,THRIVE REVIVE CLOG,C65BM0423,MALE,,,,141,131,144,5932750,41199.65277777778,42076.24113475177,assets/product_images/C65BM0423011.jpg,styleship_cdn_pattern+downloaded
C54YM3496211,남성 하이크 보울 코브™ 플리스 자켓,Ms Hike Bowl Cove™ Fleece Jacket,C54YM3496,MALE,,,,54,54,54,5931820,109848.51851851853,109848.51851851853,assets/product_images/C54YM3496211.jpg,excel_map+downloaded
C55BM0378010,남성 코노스 TRS 아웃드라이,KONOS™ TRS OUTDRY™,C55BM0378,MALE,,,,44,42,46,5929310,128898.04347826086,134757.04545454544,assets/product_images/C55BM0378010.jpg,styleship_cdn_pattern+downloaded
C51WE4267011,남성 페인티드 피크™ 윈드 자켓,Painted Peak™ Wind Jacket,C51WE4267,MALE,,,,102,100,103,5915540,57432.42718446602,57995.490196078434,assets/product_images/C51WE4267011.jpg,styleship_cdn_pattern+downloaded
C56YU5200273,[공식몰 단독] 공용 호버튜버 옴니테크,HOVERTUBER OMNI-TECH,C56YU5200,UNISEX,,,,80,77,81,5914678,73020.71604938271,73933.475,assets/product_images/C56YU5200273.jpg,excel_map+downloaded
C52XE8841126,남성 콜드 베이 대쉬 숏 반팔 라운드 티셔츠,Cold Bay Dash™ Short Sleeve Tee,C52XE8841,MALE,,,,156,152,162,5897050,36401.543209876545,37801.60256410256,assets/product_images/C52XE8841126.jpg,styleship_cdn_pattern+downloaded
C66YE4769010,남성 트랜스트레커 아웃드라이,TRANS TREKKER OUTDRY WIDE,C66YE4769,MALE,,,,48,48,48,5877080,122439.16666666667,122439.16666666667,assets/product_images/C66YE4769010.jpg,excel_map+downloaded
C66YU2743256,공용 옐로우테일 쇼티 워터프루프 옴니히트,YELLOWTAIL SHORTY WP OH,C66YU2743,UNISEX,,,,47,47,50,5841150,116823.0,124279.78723404255,assets/product_images/C66YU2743256.jpg,styleship_cdn_pattern+downloaded
C64WE0604429,남성 실버 리프 라이트 하이브리드 후디드 인슐레이션 자켓,Silver Leaf Lite Hooded Jacket,C64WE0604,MALE,,,,27,26,34,5836522,171662.41176470587,216167.4814814815,assets/product_images/C64WE0604429.jpg,styleship_cdn_pattern+downloaded
C65YU2555338,공용 채드윅 니트,CHADWICK KNIT,C65YU2555,UNISEX,,,,63,62,65,5830280,89696.61538461539,92544.12698412698,assets/product_images/C65YU2555338.jpg,excel_map+downloaded
C46BM6578063,남성 몬트레일 트리니티 FKT,MONTRAIL TRINITY FKT,C46BM6578,MALE,,,,61,56,61,5805030,95164.4262295082,95164.4262295082,assets/product_images/C46BM6578063.jpg,styleship_cdn_pattern+downloaded
C61YM3513439,남성 대쉬 투 크릭 인슐레이션 자켓,M's Dash to Creek Insulation Jacket,C61YM3513,MALE,,,,34,34,34,5787700,170226.4705882353,170226.4705882353,assets/product_images/C61YM3513439.jpg,excel_map+downloaded
C56BI7306278,남성 벤슨 와이드핏,BENSON™ WIDE,C56BI7306,MALE,,,,60,59,60,5778220,96303.66666666667,96303.66666666667,assets/product_images/C56BI7306278.jpg,excel_map+downloaded
C64YM7587211,남성 다트 포레스트 코듀로이 셔츠,M's Dart Forest Corduroy Shirts,C64YM7587,MALE,,,,47,47,47,5778180,122940.0,122940.0,assets/product_images/C64YM7587211.jpg,excel_map+downloaded
C55YM8908292,[공식몰 단독] 남성 쓰라이브 리바이브 샌들,THRIVE™ REVIVE SHANDAL,C55YM8908,MALE,,,,47,45,48,5770610,120221.04166666667,122778.93617021276,assets/product_images/C55YM8908292.jpg,styleship_cdn_pattern+downloaded
C75BK8634083,여성 텔루릭스 타이타늄 아웃드라이 와이드,TELLURIX TITANIUM OUTDRY WIDE,C75BK8634,FEMALE,,,,28,28,32,5739390,179355.9375,204978.2142857143,assets/product_images/C75BK8634083.jpg,excel_map+downloaded
C54WR3825607,여성 드랍 릿지 II 인터체인지 자켓,Drop Ridge™ II Interchange Jacket,C54WR3825,FEMALE,,,,29,29,29,5728529,197535.4827586207,197535.4827586207,assets/product_images/C54WR3825607.jpg,excel_map+downloaded
C52XE8841011,남성 콜드 베이 대쉬 숏 반팔 라운드 티셔츠,Cold Bay Dash™ Short Sleeve Tee,C52XE8841,MALE,,,,141,139,144,5723900,39749.305555555555,40595.035460992905,assets/product_images/C52XE8841011.jpg,styleship_cdn_pattern+downloaded
C65YL0199050,여성 이스케이프 쓰라이브 울트라 아웃드라이 보아2,ESCAPE THRIVE ULTRA OUTDRY BOA II,C65YL0199,FEMALE,,,,42,42,43,5719205,133004.76744186046,136171.54761904763,assets/product_images/C65YL0199050.jpg,styleship_cdn_pattern+downloaded
C54YM3474278,남성 마운틴 후드™ 다운 파카,Ms MT.Hood™ Down Parka,C54YM3474,MALE,,,,15,14,15,5702770,380184.6666666667,380184.6666666667,assets/product_images/C54YM3474278.jpg,excel_map+downloaded
C54YL3483211,여성 패스 대쉬 포레스트 다운 자켓,Ws Path Dash Forest™Ⅲ Down Jacket,C54YL3483,FEMALE,,,,17,14,17,5701102,335358.9411764706,335358.9411764706,assets/product_images/C54YL3483211.jpg,excel_map+downloaded
C62XE2326270,남성 클레어몬트II 경량 바람막이 자켓,Clearmont II Jacket,C62XE2326,MALE,,,,46,39,75,5696390,75951.86666666667,123834.56521739131,assets/product_images/C62XE2326270.jpg,excel_map+downloaded
C54YL3496249,여성 하이크 보울 코브™ 플리스 자켓,Ws Hike Bowl Cove™ Fleece Jacket,C54YL3496,FEMALE,,,,51,50,51,5689943,111567.50980392157,111567.50980392157,assets/product_images/C54YL3496249.jpg,excel_map+downloaded
C44AE8545011,공용 헬베시아 플리스 베스트,Helvetia™ Vest,C44AE8545,UNISEX,,,,137,129,148,5641260,38116.62162162162,41177.0802919708,assets/product_images/C44AE8545011.jpg,styleship_cdn_pattern+downloaded
C54YL3481299,여성 체리 크레스트 다운 자켓,Ws Cherry Crest™ Down Jacket,C54YL3481,FEMALE,,,,27,24,27,5612360,207865.1851851852,207865.1851851852,assets/product_images/C54YL3481299.jpg,excel_map+downloaded
C64YM8578010,남성 니나 트레일 인슐레이션 스트레이트 팬츠,M's Nina Trail Insulation Straight Pants,C64YM8578,MALE,,,,38,38,38,5608393,147589.2894736842,147589.2894736842,assets/product_images/C64YM8578010.jpg,excel_map+downloaded
C54WM3476010,공용 파우더케그 인터체인지 봄버 자켓,Powderkeg™ II Remastered Interchange,C54WM3476,UNISEX,,,,21,18,21,5588963,266141.09523809527,266141.09523809527,assets/product_images/C54WM3476010.jpg,styleship_cdn_pattern+downloaded
C64XM4179313,[스타워즈] 남성 엔도어 리버서블 자켓,Endor Issue Reversible Jacket,C64XM4179,MALE,,,,19,18,19,5582680,293825.2631578947,293825.2631578947,assets/product_images/C64XM4179313.jpg,excel_map+downloaded
C65YE6448010,남성 트랜스 트레일 워터프루프,TRANS TRAIL WATERPROOF,C65YE6448,MALE,,,,35,34,42,5581470,132892.14285714287,159470.57142857142,assets/product_images/C65YE6448010.jpg,excel_map+downloaded
C56YU5200191,공용 호버튜버 옴니테크,HOVERTUBER OMNI-TECH,C56YU5200,UNISEX,,,,74,74,75,5566150,74215.33333333333,75218.24324324324,assets/product_images/C56YU5200191.jpg,excel_map+downloaded
C66YU0428010,공용 호버튜버 II 워터프루프,HOVERTUBER II WATERPROOF,C66YU0428,UNISEX,,,,69,68,71,5565250,78383.80281690141,80655.79710144928,assets/product_images/C66YU0428010.jpg,styleship_cdn_pattern+downloaded
C52AM4540011,남성 페인티드 피크 쇼츠,Painted Peak™ Short,C52AM4540,MALE,,,,119,115,119,5545080,46597.31092436975,46597.31092436975,assets/product_images/C52AM4540011.jpg,styleship_cdn_pattern+downloaded
C56BI7306206,남성 벤슨 와이드,BENSON™ WIDE,C56BI7306,MALE,,,,50,50,50,5531090,110621.8,110621.8,assets/product_images/C56BI7306206.jpg,styleship_cdn_pattern+downloaded
C54YL3481010,여성 체리 크레스트 다운 자켓,Ws Cherry Crest™ Down Jacket,C54YL3481,FEMALE,,,,27,27,30,5527590,184253.0,204725.55555555556,assets/product_images/C54YL3481010.jpg,excel_map+downloaded
C64YL3582010,여성 애플 리버 다운 자켓,W's Apple River Down Jacket,C64YL3582,FEMALE,,,,24,23,24,5519180,229965.83333333334,229965.83333333334,assets/product_images/C64YL3582010.jpg,excel_map+downloaded
C53WE4318084,남성 왈로와™ 소프트쉘 풀이밴드 팬츠,Wallowa™ Softshell Pant,C53WE4318,MALE,,,,100,97,103,5501240,53410.09708737864,55012.4,assets/product_images/C53WE4318084.jpg,styleship_cdn_pattern+downloaded
C55PU5670010,[공식몰 단독]공용 티핀힐 폴더블 부니,Tiffin Hill™ Foldable Booney,C55PU5670,UNISEX,,,,127,123,132,5500790,41672.65151515151,43313.30708661417,assets/product_images/C55PU5670010.jpg,styleship_cdn_pattern+downloaded
C54AR7330348,여성 헬베시아 II 크롭 하프스냅 플리스 아노락,Helvetia™ II Cropped Half Snap Fleece,C54AR7330,FEMALE,,,,97,95,98,5485150,55970.91836734694,56547.9381443299,assets/product_images/C54AR7330348.jpg,excel_map+downloaded
C51YL3402191,여성 힐 투 마운틴™ 2L 방수 자켓,Ws Hill to Mountain™ II 2L Jacket,C51YL3402,FEMALE,,,,19,19,28,5473800,195492.85714285713,288094.7368421053,assets/product_images/C51YL3402191.jpg,styleship_cdn_pattern+downloaded
C56YL0199050,여성 이스케이프 쓰라이브 울트라 아웃드라이 보아2,ESCAPE™ THRIVE ULTRA™ OUTDRY™ BOA II,C56YL0199,FEMALE,,,,40,38,41,5470900,133436.58536585365,136772.5,assets/product_images/C56YL0199050.jpg,excel_map+downloaded
C54YM8496211,남성 하이크 보울 코브™ 플리스 조거 팬츠,Ms Hike Bowl Cove™ Fleece Jogger Pants,C54YM8496,MALE,,,,65,62,65,5469780,84150.46153846153,84150.46153846153,assets/product_images/C54YM8496211.jpg,excel_map+downloaded
C51AE4572011,남성 맥스트레일 라이트 컨버터블 팬츠,Maxtrail™ Lite Convertible Pant,C51AE4572,MALE,,,,52,51,54,5456850,101052.77777777778,104939.42307692308,assets/product_images/C51AE4572011.jpg,styleship_cdn_pattern+downloaded
C56CU1478010,공용 파크뷰™ 플리스 장갑,Park View™ Fleece Glove,C56CU1478,UNISEX,,,,300,295,362,5441630,15032.127071823204,18138.766666666666,assets/product_images/C56CU1478010.jpg,styleship_cdn_pattern+downloaded
C56YE4769010,남성 트랜스트레커 아웃드라이,TRANS TREKKER™ OUTDRY,C56YE4769,MALE,,,,36,36,36,5437840,151051.11111111112,151051.11111111112,assets/product_images/C56YE4769010.jpg,styleship_cdn_pattern+downloaded
C62XE3513010,남성 글레시얼 비스타 그래픽 티셔츠,Glacial Vista Graphic Tee,C62XE3513,MALE,,,,129,125,135,5406130,40045.40740740741,41907.98449612403,assets/product_images/C62XE3513010.jpg,excel_map+downloaded
C56BK9165012,여성 스노우트롯 미드 와이드 부츠,SNOWTROT™ MID WIDE,C56BK9165,FEMALE,,,,54,53,55,5372440,97680.72727272728,99489.62962962964,assets/product_images/C56BK9165012.jpg,excel_map+downloaded
C56BK5371397,여성 크레스트우드 미드 워터프루프 와이드핏,CRESTWOOD™ MID WATERPROOF WIDE,C56BK5371,FEMALE,,,,53,52,56,5356420,95650.35714285714,101064.52830188679,assets/product_images/C56BK5371397.jpg,excel_map+downloaded
C56BM6243278,남성 몬트레일 트리니티 MX,MONTRAIL™ TRINITY™ MX,C56BM6243,MALE,,,,42,41,42,5355105,127502.5,127502.5,assets/product_images/C56BM6243278.jpg,excel_map+downloaded
C66YU4749010,공용 헨리포크 부츠 OT OHI,HENRYFORK BOOT OT OHI,C66YU4749,UNISEX,,,,41,33,51,5347180,104846.66666666667,130419.0243902439,assets/product_images/C66YU4749010.jpg,excel_map+downloaded
C61YM3502010,남성 카우 마운틴 2L 방수 자켓,M's Cow Mountain 2L Jacket,C61YM3502,MALE,,,,24,24,24,5329880,222078.33333333334,222078.33333333334,assets/product_images/C61YM3502010.jpg,excel_map+downloaded
C54XR9829010,여성 타임 투 트레일™ 옴니히트™ 팬츠,W Time to Trail™ Omni-Heat™ Pant,C54XR9829,FEMALE,,,,58,58,58,5328010,91862.24137931035,91862.24137931035,assets/product_images/C54XR9829010.jpg,styleship_cdn_pattern+downloaded
C54YL3487581,여성 파운 피크 다운 자켓,Ws Fawn Peak™ Down Jacket,C54YL3487,FEMALE,,,,26,26,26,5324900,204803.84615384616,204803.84615384616,assets/product_images/C54YL3487581.jpg,excel_map+downloaded
C62AE9267010,공용 코브 비치 팬츠,Cove Beach Pant,C62AE9267,UNISEX,,,,74,73,76,5324740,70062.36842105263,71955.94594594595,assets/product_images/C62AE9267010.jpg,excel_map+downloaded
C72AE5094214,공용 애커 록 컨버터블 팬츠,Acker Rock Convertible Pant,C72AE5094,UNISEX,,,,49,49,49,5309530,108357.75510204081,108357.75510204081,assets/product_images/C72AE5094214.jpg,excel_map+downloaded
C75YE6448010,남성 트랜스 트레일 워터프루프,TRANS TRAIL WATERPROOF,C75YE6448,MALE,,,,42,42,43,5298950,123231.3953488372,126165.47619047618,assets/product_images/C75YE6448010.jpg,excel_map+downloaded
C64AE4498349,공용 헬베시아 II 프린티드 하프스냅 플리스 풀오버,Helvetia II Printed Half Snap Fleece,C64AE4498,UNISEX,,,,72,71,72,5290926,73485.08333333333,73485.08333333333,assets/product_images/C64AE4498349.jpg,excel_map+downloaded
C62YM8524010,남성 다나 코브 OFZ ICE 스트레이트 팬츠,M's Dana Cove OFZ ICE Straight Pants,C62YM8524,MALE,,,,48,45,50,5288990,105779.8,110187.29166666667,assets/product_images/C62YM8524010.jpg,excel_map+downloaded
C66YU0369060,공용 본레 포레스트 20L 패커블 경량 백팩,Bonre Forest 20L Packable Backpack,C66YU0369,UNISEX,,,,102,99,102,5273390,51699.901960784315,51699.901960784315,assets/product_images/C66YU0369060.jpg,excel_map+downloaded
C43WE4686010,남성 익스플로러스 엣지™ 방수 패딩 자켓,Explorer's Edge™ Insulated Jacket,C43WE4686,MALE,,,,42,42,42,5266620,125395.71428571429,125395.71428571429,assets/product_images/C43WE4686010.jpg,styleship_cdn_pattern+downloaded
C65BM0341010,남성 픽프릭 러쉬 샌달,PEAKFREAK RUSH SHANDAL,C65BM0341,MALE,,,,59,57,60,5262450,87707.5,89194.06779661016,assets/product_images/C65BM0341010.jpg,excel_map+downloaded
C46UU0138010,[공식몰 단독] 뉴튼릿지 65L 백팩,Newton Ridge™ 65L Backpack,C46UU0138,UNISEX,,,,37,37,37,5261516,142203.13513513515,142203.13513513515,assets/product_images/C46UU0138010.jpg,styleship_cdn_pattern+downloaded
C63YM3593010,공용 365 트랙 2L 방수자켓,365 TREK 2L Rain Jacket,C63YM3593,UNISEX,,,,19,12,20,5249930,262496.5,276312.1052631579,assets/product_images/C63YM3593010.jpg,excel_map+downloaded
C64YM3588313,[추영우 착용] 남성 톤토 돔 디터쳐블 다운 자켓,M's Tonto Dome Detachable Down Jacket,C64YM3588,MALE,,,,19,17,19,5249870,276308.94736842107,276308.94736842107,assets/product_images/C64YM3588313.jpg,excel_map+downloaded
C63AE8947010,남성 ROC 테크 카고 팬츠,ROC Tech Cargo Pant,C63AE8947,MALE,,,,54,52,54,5246140,97150.74074074074,97150.74074074074,assets/product_images/C63AE8947010.jpg,styleship_cdn_pattern+downloaded
C55BI5371240,남성 크레스트우드 미드 워터프루프 와이드핏,CRESTWOOD MID WATERPROOF,C55BI5371,MALE,,,,41,40,53,5238940,98847.92452830188,127779.0243902439,assets/product_images/C55BI5371240.jpg,styleship_cdn_pattern+downloaded
C55YU6327452,공용 호쏜 레인 로우 방수 스니커즈,HAWTHORNE™ RAIN LO,C55YU6327,UNISEX,,,,59,54,60,5228570,87142.83333333333,88619.83050847458,assets/product_images/C55YU6327452.jpg,styleship_cdn_pattern+downloaded
C51WE3507027,남성 앰플리 드라이™ 방수 2.5L 자켓,Ampli-Dry™ II Shell,C51WE3507,MALE,,,,35,35,35,5200890,148596.85714285713,148596.85714285713,assets/product_images/C51WE3507027.jpg,styleship_cdn_pattern+downloaded
C66YU2743271,공용 옐로우테일 쇼티 WP OH,YELLOWTAIL SHORTY WP OH,C66YU2743,UNISEX,,,,43,41,45,5193900,115420.0,120788.37209302325,assets/product_images/C66YU2743271.jpg,styleship_cdn_pattern+downloaded
C51YM3402082,남성 힐 투 마운틴™ II 2L 방수 자켓,Ms Hill to Mountain™ II 2L Jacket,C51YM3402,MALE,,,,28,28,28,5187860,185280.7142857143,185280.7142857143,assets/product_images/C51YM3402082.jpg,styleship_cdn_pattern+downloaded
C55BI5371231,남성 크레스트우드 미드 워터프루프 와이드핏,CRESTWOOD MID WATERPROOF,C55BI5371,MALE,,,,54,53,54,5171625,95770.83333333333,95770.83333333333,assets/product_images/C55BI5371231.jpg,styleship_cdn_pattern+downloaded
C55BL2858082,여성 코노스 TRS,KONOS™ TRS,C55BL2858,FEMALE,,,,52,52,52,5158420,99200.38461538461,99200.38461538461,assets/product_images/C55BL2858082.jpg,styleship_cdn_pattern+downloaded
C56YL0199105,여성 이스케이프 쓰라이브 울트라 아웃드라이 보아2,ESCAPE™ THRIVE ULTRA™ OUTDRY™ BOA II,C56YL0199,FEMALE,,,,38,34,38,5154395,135641.97368421053,135641.97368421053,assets/product_images/C56YL0199105.jpg,excel_map+downloaded
C45BM6243010,남성 몬트레일 트리니티 MX,MONTRAIL™ TRINITY™ MX,C45BM6243,MALE,,,,37,36,37,5115835,138265.8108108108,138265.8108108108,assets/product_images/C45BM6243010.jpg,styleship_cdn_pattern+downloaded
C55YM0199054,남성 이스케이프 쓰라이브 울트라 아웃드라이 보아2,ESCAPE™ THRIVE ULTRA™ OUTDRY™ BOA II,C55YM0199,MALE,,,,32,31,32,5081680,158802.5,158802.5,assets/product_images/C55YM0199054.jpg,styleship_cdn_pattern+downloaded
C63AR4742010,여성 브리 폴스 코튼 립스탑 카고 팬츠,Brea Falls Cotton Ripstop Pant,C63AR4742,FEMALE,,,,70,70,70,5060714,72295.91428571429,72295.91428571429,assets/product_images/C63AR4742010.jpg,styleship_cdn_pattern+downloaded
C54AE4498366,남성 헬베시아 II 프린티드 하프스냅 플리스 아노락,Helvetia™ II Printed Half Snap Fleece,C54AE4498,MALE,,,,73,73,73,5052820,69216.71232876713,69216.71232876713,assets/product_images/C54AE4498366.jpg,excel_map+downloaded
C53YM3453010,남성 로스트 마운틴™ 방수 자켓,Ms Lost Mountain™ Jacket,C53YM3453,MALE,,,,27,25,27,5044574,186836.07407407407,186836.07407407407,assets/product_images/C53YM3453010.jpg,excel_map+downloaded
C54YM3489299,남성 밸리 투 패스™ 헤비 다운 자켓,Ms Valley to Pass™ Down Jacket,C54YM3489,MALE,,,,19,18,19,5037226,265117.15789473685,265117.15789473685,assets/product_images/C54YM3489299.jpg,excel_map+downloaded
C54WR9293224,여성 롱혼 릿지 리버서블 셔켓,Longhorn Ridge™ Reversible Shirt Jacket,C54WR9293,FEMALE,,,,55,55,64,5019944,78436.625,91271.70909090909,assets/product_images/C54WR9293224.jpg,styleship_cdn_pattern+downloaded
C61YM7591348,공용 365 마운틴 긴팔 셔켓,M's 365 Mountain Shirts Jacket,C61YM7591,UNISEX,,,,38,38,38,5015120,131976.84210526315,131976.84210526315,assets/product_images/C61YM7591348.jpg,excel_map+downloaded
C52XE4919010,남성 아덴 폴즈 팬츠,Arden Falls™ Pant,C52XE4919,MALE,,,,76,75,76,5014960,65986.31578947368,65986.31578947368,assets/product_images/C52XE4919010.jpg,styleship_cdn_pattern+downloaded
C53YM3453381,남성 로스트 마운틴™ 방수 자켓,Ms Lost Mountain™ Jacket,C53YM3453,MALE,,,,17,16,31,5006592,161502.96774193548,294505.4117647059,assets/product_images/C53YM3453381.jpg,excel_map+downloaded
C66YU0369287,본레 포레스트 20L 패커블 경량 백팩,Bonre Forest 20L Packable Backpack,C66YU0369,UNISEX,,,,87,87,93,5006440,53832.68817204301,57545.28735632184,assets/product_images/C66YU0369287.jpg,excel_map+downloaded
C64YL3587105,여성 유니온 리버 다운 자켓,Union River Down Jacket,C64YL3587,FEMALE,,,,23,23,23,5004450,217584.78260869565,217584.78260869565,assets/product_images/C64YL3587105.jpg,excel_map+downloaded
C52XE4476010,남성 제로 아이스 시에로-쿨 폴로 반팔 티셔츠,Zero Ice Cirro-Cool™ Polo,C52XE4476,MALE,,,,96,91,100,5004030,50040.3,52125.3125,assets/product_images/C52XE4476010.jpg,styleship_cdn_pattern+downloaded
C66BM7922010,남성 보야져 FLX,VOYAGER FLX PCT,C66BM7922,MALE,,,,51,50,51,5001520,98069.01960784313,98069.01960784313,assets/product_images/C66BM7922010.jpg,excel_map+downloaded
C54YM3483366,남성 빅토리아 루프 롱 다운 자켓,Ms Victoria Loop™ Long Down Jacket,C54YM3483,MALE,,,,19,18,19,4995640,262928.4210526316,262928.4210526316,assets/product_images/C54YM3483366.jpg,excel_map+downloaded
C52AE9642027,남성 아이스 레이크 라운드 반팔 티셔츠,Ice Lake™ II SS Tee,C52AE9642,MALE,,,,133,132,136,4991780,36704.26470588235,37532.18045112782,assets/product_images/C52AE9642027.jpg,styleship_cdn_pattern+downloaded
C53AP3450292,여성 시커™ 레전드 2.0 티셔츠,Seeker™ Legend 2.0 LS Tee,C53AP3450,FEMALE,,,,175,173,176,4989560,28349.772727272728,28511.77142857143,assets/product_images/C53AP3450292.jpg,excel_map+downloaded
C64XR9829010,여성 타임 투 트레일 옴니히트 팬츠,W Time to Trail Heat Pant,C64XR9829,FEMALE,,,,53,51,56,4984363,89006.48214285714,94044.58490566038,assets/product_images/C64XR9829010.jpg,styleship_cdn_pattern+downloaded
C63XM5806342,[스타워즈] 남성 엔도어 이슈 카고 베스트,Endor Issue Cargo Vest,C63XM5806,MALE,,,,21,20,21,4975870,236946.19047619047,236946.19047619047,assets/product_images/C63XM5806342.jpg,excel_map+downloaded
C54AE5057010,남성 크리스탈리프™ 옴니히트™ 헬릭스 하프집 티셔츠,Crystal Leaf™ Omni-Heat™ Helix Half Zip,C54AE5057,MALE,,,,73,73,73,4971840,68107.39726027397,68107.39726027397,assets/product_images/C54AE5057010.jpg,excel_map+downloaded
C54WE2476225,남성 스트릿 트래커 2.0 인터체인지 자켓,Street Trekker™ 2.0 Interchange Jacket,C54WE2476,MALE,,,,11,11,11,4962860,451169.0909090909,451169.0909090909,assets/product_images/C54WE2476225.jpg,styleship_cdn_pattern+downloaded
C62YM6537191,[추영우 착용] 남성 코브 투 애비뉴 옴니프리즈 제로 아이스 플러스 크루 티셔츠,M's Cove to Avenue OFZ ICE+ Crew,C62YM6537,MALE,,,,107,104,107,4957540,46332.14953271028,46332.14953271028,assets/product_images/C62YM6537191.jpg,excel_map+downloaded
C64XL8880454,[DISNEY] 여성 디즈니 하프 스냅 플리스 티셔츠,W ColumbiaㅣDISNEY Half Snap,C64XL8880,FEMALE,,,,43,43,43,4953630,115200.69767441861,115200.69767441861,assets/product_images/C64XL8880454.jpg,styleship_cdn_pattern+downloaded
C55BM6243278,남성 몬트레일 트리니티 MX,MONTRAIL™ TRINITY™ MX,C55BM6243,MALE,,,,33,32,35,4936380,141039.42857142858,149587.27272727274,assets/product_images/C55BM6243278.jpg,styleship_cdn_pattern+downloaded
C44AE4164414,남성 아웃도어 트랙스™ 트레일 러닝 베스트,M Outdoor Tracks™ Vest,C44AE4164,MALE,,,,205,201,208,4932542,23714.14423076923,24061.18048780488,assets/product_images/C44AE4164414.jpg,styleship_cdn_pattern+downloaded
C75BK0998097,여성 크레스트우드 미드 워터프루프 와이드핏,CRESTWOOD MID WATERPROOF WIDE,C75BK0998,FEMALE,,,,46,46,46,4932470,107227.60869565218,107227.60869565218,assets/product_images/C75BK0998097.jpg,excel_map+downloaded
C71AR5760127,[공식몰 단독] 여성 헬베시아 II 프린티드 하프스냅 플리스 풀오버,Helvetia II Printed Cropped Half Snap,C71AR5760,FEMALE,,,,68,67,68,4919130,72340.14705882352,72340.14705882352,assets/product_images/C71AR5760127.jpg,excel_map+downloaded
C66PU8712010,공용 페퍼락 23L 백팩,Pepper Rock 23L Backpack,C66PU8712,UNISEX,,,,84,84,85,4914756,57820.65882352941,58509.0,assets/product_images/C66PU8712010.jpg,styleship_cdn_pattern+downloaded
C51WE2636011,남성 페인티드 피크 윈드 바지,Painted Peak™ Wind Pant,C51WE2636,MALE,,,,102,101,104,4905740,47170.57692307692,48095.490196078434,assets/product_images/C51WE2636011.jpg,styleship_cdn_pattern+downloaded
C46BM0412255,[공식몰 단독]남성 랜드로머 캠퍼,LANDROAMER CAMPER,C46BM0412,MALE,,,,68,68,68,4904280,72121.76470588235,72121.76470588235,assets/product_images/C46BM0412255.jpg,styleship_cdn_pattern+downloaded
C72AE5094011,공용 애커 록 컨버터블 팬츠,Acker Rock Convertible Pant,C72AE5094,UNISEX,,,,40,39,43,4892890,113788.13953488372,122322.25,assets/product_images/C72AE5094011.jpg,excel_map+downloaded
C54YL8473010,여성 먼데이 하버™ 스트레이트 팬츠,W's Monday Harbor™ Lining Stright Pants,C54YL8473,FEMALE,,,,47,47,47,4887890,103997.65957446808,103997.65957446808,assets/product_images/C54YL8473010.jpg,excel_map+downloaded
C62WE2798125,공용 코브 비치 윈드브레이커 자켓,Cove Beach Windbreaker,C62WE2798,UNISEX,,,,38,38,46,4884970,106195.0,128551.84210526316,assets/product_images/C62WE2798125.jpg,excel_map+downloaded
C66YE6448010,남성 트랜스 트레일 워터프루프,TRANS TRAIL WATERPROOF,C66YE6448,MALE,,,,41,41,42,4879430,116176.90476190476,119010.48780487805,assets/product_images/C66YE6448010.jpg,excel_map+downloaded
C54XM8691010,[STAR WARS] 공용 베이더 3L 인터체인지 자켓,VADER™ 3L Interchange Jacket,C54XM8691,MALE,,,,8,8,8,4878990,609873.75,609873.75,assets/product_images/C54XM8691010.jpg,excel_map+downloaded
C64YM3586010,남성 브릿지 힐 라이트웨이트 자켓,M's Bridge Hill Lightweight Jacket,C64YM3586,MALE,,,,27,26,27,4878320,180678.5185185185,180678.5185185185,assets/product_images/C64YM3586010.jpg,excel_map+downloaded
C52YM6422397,남성 피나클 투 에비뉴™ OFZ Ice 폴로,Ms Pinnacle to Avenue™ OFZ Ice Polo,C52YM6422,MALE,,,,56,55,56,4865360,86881.42857142857,86881.42857142857,assets/product_images/C52YM6422397.jpg,styleship_cdn_pattern+downloaded
C54WE6671397,공용 캐스케이드 인터체인지 자켓,Cascade Peak™ VI Interchange Jacket,C54WE6671,UNISEX,,,,19,19,19,4835770,254514.2105263158,254514.2105263158,assets/product_images/C54WE6671397.jpg,excel_map+downloaded
C55PU8485397,공용 본레 포레스트™ 20L 패커블 백팩,Bonre Forest™ 20L Packable Backpack,C55PU8485,UNISEX,,,,78,77,82,4789350,58406.70731707317,61401.92307692308,assets/product_images/C55PU8485397.jpg,styleship_cdn_pattern+downloaded
C75BM7473010,[추영우 착용] 남성 코노스 트릴리움 ATR 트레일 러닝화,KONOS TRILLIUM ATR,C75BM7473,MALE,,,,34,34,34,4786172,140769.76470588235,140769.76470588235,assets/product_images/C75BM7473010.jpg,excel_map+downloaded
C75BK0998096,여성 크레스트우드 미드 워터프루프 와이드핏,CRESTWOOD™ MID WATERPROOF WIDE,C75BK0998,FEMALE,,,,44,44,44,4786120,108775.45454545454,108775.45454545454,assets/product_images/C75BK0998096.jpg,excel_map+downloaded
C55YU7430191,공용 채드윅 라이트,CHADWICK™ LITE,C55YU7430,UNISEX,,,,50,49,53,4777300,90137.7358490566,95546.0,assets/product_images/C55YU7430191.jpg,styleship_cdn_pattern+downloaded
C51AE4572397,남성 맥스트레일 라이트 컨버터블 팬츠,Maxtrail™ Lite Convertible Pant,C51AE4572,MALE,,,,46,45,46,4733100,102893.47826086957,102893.47826086957,assets/product_images/C51AE4572397.jpg,styleship_cdn_pattern+downloaded
C54YM3489043,남성 밸리 투 패스™ 헤비 다운 자켓,Ms Valley to Pass™ Down Jacket,C54YM3489,MALE,,,,18,18,18,4728040,262668.8888888889,262668.8888888889,assets/product_images/C54YM3489043.jpg,excel_map+downloaded
C54YL8485381,여성 코말 포크 인슐레이션 와이드 경량 패딩 팬츠,W's Comal Fork™ Insulation Wide Pants,C54YL8485,FEMALE,,,,46,45,46,4718240,102570.43478260869,102570.43478260869,assets/product_images/C54YL8485381.jpg,excel_map+downloaded
C64YM6576010,남성 세컨드 픽 크루,M's Second Peak Crew,C64YM6576,MALE,,,,50,47,54,4707973,87184.68518518518,94159.46,assets/product_images/C64YM6576010.jpg,excel_map+downloaded
C63XM8484254,[스타워즈] 남성 엔도어 이슈 카고 자켓,Endor Issue Cargo Jacket,C63XM8484,MALE,,,,16,15,16,4704790,294049.375,294049.375,assets/product_images/C63XM8484254.jpg,excel_map+downloaded
C75BI1209053,남성 크레스트우드 로우 워터프루프 와이드핏,CRESTWOOD WATERPROOF WIDE,C75BI1209,MALE,,,,46,46,46,4693630,102035.43478260869,102035.43478260869,assets/product_images/C75BI1209053.jpg,excel_map+downloaded
C56PU8721010,공용 타이거 브룩™ 40L 트래블 백팩,Tyger Brook™ 40L Travel Backpack,C56PU8721,UNISEX,,,,33,31,33,4688290,142069.39393939395,142069.39393939395,assets/product_images/C56PU8721010.jpg,excel_map+downloaded
C63PM0537125,[요나스 컬렉션] 공용 레이크 투 에비뉴 그래픽 반팔 티셔츠,Lake To Avenue Graphic Ss Tee,C63PM0537,UNISEX,,,,116,113,117,4683020,40025.81196581197,40370.862068965514,assets/product_images/C63PM0537125.jpg,styleship_cdn_pattern+downloaded
C52XO3600213,남성 블루스템 7부 팬츠,Bluestem™ Knee Pant,C52XO3600,MALE,,,,114,112,116,4681470,40357.5,41065.52631578947,assets/product_images/C52XO3600213.jpg,styleship_cdn_pattern+downloaded
C63AE5846010,남성 ROC 테크 5 포켓 팬츠,ROC Tech 5 Pocket Pant,C63AE5846,MALE,,,,57,54,62,4679830,75481.12903225806,82102.28070175438,assets/product_images/C63AE5846010.jpg,styleship_cdn_pattern+downloaded
C56BM8261008,남성 뉴튼릿지 베이스캠프,NEWTON RIDGE™ BC,C56BM8261,MALE,,,,52,52,52,4675470,89912.88461538461,89912.88461538461,assets/product_images/C56BM8261008.jpg,excel_map+downloaded
C64YM3596346,남성 스톤 데쉬 플리스 자켓,M's Stone Dash Fleece Jacket,C64YM3596,MALE,,,,30,30,30,4673780,155792.66666666666,155792.66666666666,assets/product_images/C64YM3596346.jpg,excel_map+downloaded
C64WR9847278,[공식몰 단독] 여성 어메이즈 퍼프 후디드 다운자켓,Amaze Puff Hooded Jacket,C64WR9847,FEMALE,,,,22,21,22,4671320,212332.72727272726,212332.72727272726,assets/product_images/C64WR9847278.jpg,styleship_cdn_pattern+downloaded
C52AE9642011,남성 아이스 레이크 라운드 반팔 티셔츠,Ice Lake™ II SS Tee,C52AE9642,MALE,,,,120,119,125,4671270,37370.16,38927.25,assets/product_images/C52AE9642011.jpg,styleship_cdn_pattern+downloaded
C56YU4749247,공용 헨리포크 부츠 OT OHI,HENRYFORK BOOT OT OHI,C56YU4749,UNISEX,,,,39,37,39,4660650,119503.84615384616,119503.84615384616,assets/product_images/C56YU4749247.jpg,excel_map+downloaded
C55YU0366010,공용 레드우드™ 30L 뉴 플러스 백팩,REDWOOD™30 N.PLUS BACKPACK,C55YU0366,UNISEX,,,,37,37,37,4658390,125902.43243243243,125902.43243243243,assets/product_images/C55YU0366010.jpg,styleship_cdn_pattern+downloaded
C65BM6578278,남성 몬트레일 트리니티 FKT,MONTRAIL TRINITY FKT,C65BM6578,MALE,,,,44,35,44,4657750,105857.95454545454,105857.95454545454,assets/product_images/C65BM6578278.jpg,styleship_cdn_pattern+downloaded
C52XE8841252,남성 콜드 베이 대쉬 숏 반팔 라운드 티셔츠,Cold Bay Dash™ Short Sleeve Tee,C52XE8841,MALE,,,,121,121,122,4656760,38170.16393442623,38485.61983471074,assets/product_images/C52XE8841252.jpg,styleship_cdn_pattern+downloaded
C62YM8524439,[추영우 착용] 남성 다나 코브 OFZ ICE 스트레이트 팬츠,M's Dana Cove OFZ ICE Straight Pants,C62YM8524,MALE,,,,40,37,42,4656020,110857.61904761905,116400.5,assets/product_images/C62YM8524439.jpg,excel_map+downloaded
C65YU2555214,공용 채드윅 니트,CHADWICK KNIT,C65YU2555,UNISEX,,,,54,54,55,4654820,84633.09090909091,86200.37037037036,assets/product_images/C65YU2555214.jpg,excel_map+downloaded
C44AE8545278,공용 헬베시아 플리스 베스트,Helvetia™ Vest,C44AE8545,UNISEX,,,,118,109,124,4649620,37496.93548387097,39403.5593220339,assets/product_images/C44AE8545278.jpg,styleship_cdn_pattern+downloaded
C52AE5590010,남성 타이타늄 서크 리버 라운드 티셔츠,Cirque River™ LS Crew,C52AE5590,MALE,,,,95,89,101,4649480,46034.455445544554,48941.89473684211,assets/product_images/C52AE5590010.jpg,styleship_cdn_pattern+downloaded
C46RUS001010,공용 18온스 텀블러 (530ml),18 oz SS Coffee Vacuum Bottle,C46RUS001,UNISEX,,,,218,212,225,4649000,20662.222222222223,21325.688073394496,assets/product_images/C46RUS001010.jpg,styleship_cdn_pattern+downloaded
C54AE0596010,남성 세콰이아 그로브™ 플리스 자켓,Sequoia Grove™ Full Zip Fleece,C54AE0596,MALE,,,,84,79,84,4646090,55310.59523809524,55310.59523809524,assets/product_images/C54AE0596010.jpg,styleship_cdn_pattern+downloaded
C66UU4597010,공용 트리플 캐니언 24L 백팩,Triple Canyon 24L Backpack,C66UU4597,UNISEX,,,,22,22,40,4625318,115632.95,210241.72727272726,assets/product_images/C66UU4597010.jpg,excel_map+downloaded
C56YL1117247,여성 플라토 벤쳐 워터프루프 보아,PLATEAU VENTURE WP BOA,C56YL1117,FEMALE,,,,48,44,48,4612570,96095.20833333333,96095.20833333333,assets/product_images/C56YL1117247.jpg,excel_map+downloaded
C46RUS001191,공용 18온스 텀블러 (530ml),18 oz SS Coffee Vacuum Bottle,C46RUS001,UNISEX,,,,217,212,221,4588110,20760.678733031673,21143.36405529954,assets/product_images/C46RUS001191.jpg,styleship_cdn_pattern+downloaded
C52WE9484349,[공식몰 단독]남성 루프 트레일 바람막이 방풍 자켓,Loop Trail™ II Windbreaker,C52WE9484,MALE,,,,37,37,42,4587763,109232.45238095238,123993.5945945946,assets/product_images/C52WE9484349.jpg,styleship_cdn_pattern+downloaded
C61YM3502494,남성 카우 마운틴 2L 방수 자켓,M's Cow Mountain 2L Jacket,C61YM3502,MALE,,,,20,20,20,4576340,228817.0,228817.0,assets/product_images/C61YM3502494.jpg,excel_map+downloaded
C55YL7787271,[공식몰 단독] 여성 쓰라이브 리바이브 샌들,THRIVE™ REVIVE SHANDAL,C55YL7787,FEMALE,,,,43,38,43,4571270,106308.6046511628,106308.6046511628,assets/product_images/C55YL7787271.jpg,styleship_cdn_pattern+downloaded
C51AE4190010,남성 블랙메사 테이퍼드핏 팬츠,Black Mesa™ Tapered Pant,C51AE4190,MALE,,,,77,76,79,4570980,57860.50632911392,59363.37662337662,assets/product_images/C51AE4190010.jpg,styleship_cdn_pattern+downloaded
C54AE4498464,남성 헬베시아 II 프린티드 하프스냅 플리스 아노락,Helvetia™ II Printed Half Snap Fleece,C54AE4498,MALE,,,,48,44,65,4568280,70281.23076923077,95172.5,assets/product_images/C54AE4498464.jpg,styleship_cdn_pattern+downloaded
C66BI0652234,남성 크레스트우드 미드 워터프루프 와이드핏,CRESTWOOD MID WATERPROOF WIDE,C66BI0652,MALE,,,,39,39,39,4562890,116997.17948717948,116997.17948717948,assets/product_images/C66BI0652234.jpg,excel_map+downloaded
C56UU4597352,공용 트리플캐니언™ 백팩,Triple Canyon™ 24L Backpack,C56UU4597,UNISEX,,,,34,34,45,4553930,101198.44444444444,133939.11764705883,assets/product_images/C56UU4597352.jpg,excel_map+downloaded
C75BI8634845,[추영우 착용] 남성 텔루릭스 타이타늄 아웃드라이 와이드,TELLURIX TITANIUM OUTDRY WIDE,C75BI8634,MALE,,,,26,26,26,4550130,175005.0,175005.0,assets/product_images/C75BI8634845.jpg,excel_map+downloaded
C45YL5489102,여성 픽프릭2 아웃드라이 보아,PEAKFREAK™ II OUTDRY™ BOA,C45YL5489,FEMALE,,,,43,42,45,4534910,100775.77777777778,105463.02325581395,assets/product_images/C45YL5489102.jpg,styleship_cdn_pattern+downloaded
C63PM0537659,[요나스 컬렉션] 공용 레이크 투 에비뉴 그래픽 반팔 티셔츠,Lake To Avenue Graphic Ss Tee,C63PM0537,UNISEX,,,,108,107,109,4524920,41513.02752293578,41897.40740740741,assets/product_images/C63PM0537659.jpg,styleship_cdn_pattern+downloaded
C66YU0368397,공용 더글라스 패스 30L 백팩,DUGLAS PASS 30 BACKPACK,C66YU0368,UNISEX,,,,46,45,46,4524027,98348.41304347826,98348.41304347826,assets/product_images/C66YU0368397.jpg,excel_map+downloaded
C53AE9081084,남성 왈로와™ 플리스 스웨트팬츠,Wallowa™ Fleece Sweatpant,C53AE9081,MALE,,,,94,90,95,4519620,47574.94736842105,48081.063829787236,assets/product_images/C53AE9081084.jpg,styleship_cdn_pattern+downloaded
C66YU0154023,공용 헤이지 저니 2 워터프루프,HAZY JOURNEY II WATERPROOF,C66YU0154,UNISEX,,,,41,41,42,4501670,107182.61904761905,109796.82926829268,assets/product_images/C66YU0154023.jpg,excel_map+downloaded
C55BM8043010,남성 쓰라이브 리바이브 슬라이드,THRIVE™ REVIVE,C55BM8043,MALE,,,,103,96,105,4500130,42858.380952380954,43690.58252427184,assets/product_images/C55BM8043010.jpg,styleship_cdn_pattern+downloaded
C64AE4498491,[공식몰 단독] 공용 헬베시아 II 프린티드 하프스냅 플리스 풀오버,Helvetia II Printed Half Snap Fleece,C64AE4498,UNISEX,,,,60,60,60,4498060,74967.66666666667,74967.66666666667,assets/product_images/C64AE4498491.jpg,styleship_cdn_pattern+downloaded
C65YU0367010,공용 레드우드 35L 백팩,REDWOOD35 BACKPACK,C65YU0367,UNISEX,,,,34,34,34,4496540,132251.17647058822,132251.17647058822,assets/product_images/C65YU0367010.jpg,excel_map+downloaded
C66CU5224010,공용 잭 그릭 트래퍼 햇,Jack Creek Trapper Hat,C66CU5224,UNISEX,,,,112,108,116,4469150,38527.15517241379,39903.125,assets/product_images/C66CU5224010.jpg,styleship_cdn_pattern+downloaded
C66YU0154191,공용 헤이지 저니 2 워터프루프,HAZY JOURNEY II WATERPROOF,C66YU0154,UNISEX,,,,38,38,41,4467530,108964.14634146342,117566.57894736843,assets/product_images/C66YU0154191.jpg,excel_map+downloaded
C65BI7306206,남성 벤슨 와이드,BENSON WIDE,C65BI7306,MALE,,,,51,51,51,4427980,86823.13725490196,86823.13725490196,assets/product_images/C65BI7306206.jpg,styleship_cdn_pattern+downloaded
C54YM8482011,남성 밸리 투 패스™ 카고 테이퍼드 팬츠,M's Valley to Pass™ Cargo Tapered Pants,C54YM8482,MALE,,,,45,45,45,4424020,98311.55555555556,98311.55555555556,assets/product_images/C54YM8482011.jpg,excel_map+downloaded
C64WE9101010,남성 하이 캐스케이드 인터체인지 리버서블 봄버 자켓,High Cascades Interchange Rvsbl Bomber,C64WE9101,MALE,,,,14,14,14,4421360,315811.4285714286,315811.4285714286,assets/product_images/C64WE9101010.jpg,excel_map+downloaded
C66YU4749247,공용 헨리포크 부츠 OT OHI,HENRYFORK BOOT OT OHI,C66YU4749,UNISEX,,,,42,41,42,4418570,105204.04761904762,105204.04761904762,assets/product_images/C66YU4749247.jpg,excel_map+downloaded
C71AE4498227,[공식몰 단독] 공용 헬베시아 II 프린티드 하프스냅 플리스 풀오버,Helvetia II Printed Half Snap Fleece,C71AE4498,UNISEX,,,,62,61,62,4407970,71096.29032258065,71096.29032258065,assets/product_images/C71AE4498227.jpg,excel_map+downloaded
C65BK9168091,여성 픽프릭 러쉬 아웃드라이 와이드,PEAKFREAK RUSH OUTDRY WIDE,C65BK9168,FEMALE,,,,19,19,28,4380450,156444.64285714287,230550.0,assets/product_images/C65BK9168091.jpg,excel_map+downloaded
C52XE4476464,남성 제로 아이스 시에로-쿨 폴로 반팔 티셔츠,Zero Ice Cirro-Cool™ Polo,C52XE4476,MALE,,,,81,79,82,4378350,53394.51219512195,54053.7037037037,assets/product_images/C52XE4476464.jpg,styleship_cdn_pattern+downloaded
C64XM5107454,[DISNEY] 남성 디즈니 하프 스냅 플리스 아노락 티셔츠,M ColumbiaㅣDISNEY Half Snap,C64XM5107,MALE,,,,38,37,38,4362590,114805.0,114805.0,assets/product_images/C64XM5107454.jpg,styleship_cdn_pattern+downloaded
C66PU8665326,[공식몰 단독]공용 패나시아 25L 백팩,Panacea 25L Backpack,C66PU8665,UNISEX,,,,8,8,77,4352600,56527.27272727273,544075.0,assets/product_images/C66PU8665326.jpg,excel_map+downloaded
C54WE8837366,남성 발리스틱 릿지 인슐레이션 셔켓,Ballistic Ridge™ II Shirt Jacket,C54WE8837,MALE,,,,37,37,46,4345750,94472.82608695653,117452.7027027027,assets/product_images/C54WE8837366.jpg,styleship_cdn_pattern+downloaded
C54YL3471679,여성 스노우 타워 레이크™ 다운 자켓,Ws Snow Tower Lake™ Down Jacket,C54YL3471,FEMALE,,,,24,24,24,4340949,180872.875,180872.875,assets/product_images/C54YL3471679.jpg,excel_map+downloaded
C66BK9165012,여성 스노우트롯 미드 와이드 부츠,SNOWTROT MID WIDE,C66BK9165,FEMALE,,,,36,36,37,4340440,117309.18918918919,120567.77777777778,assets/product_images/C66BK9165012.jpg,excel_map+downloaded
C52YM6422010,남성 피나클 투 에비뉴™ OFZ Ice 폴로,Ms Pinnacle to Avenue™ OFZ Ice Polo,C52YM6422,MALE,,,,50,46,52,4338480,83432.30769230769,86769.6,assets/product_images/C52YM6422010.jpg,styleship_cdn_pattern+downloaded
C64XC7077100,[DISNEY] 토들러 디즈니 하프 스냅 플리스 티셔츠,Tot ColumbiaㅣDISNEY Half Snap,C64XC7077,UNKNOWN,,,,64,64,66,4332260,65640.30303030302,67691.5625,assets/product_images/C64XC7077100.jpg,styleship_cdn_pattern+downloaded
C55DE3668102,남성 트랜스트레커,TRANS TREKKER™ WIDE,C55DE3668,MALE,,,,34,34,35,4329130,123689.42857142857,127327.35294117648,assets/product_images/C55DE3668102.jpg,styleship_cdn_pattern+downloaded
C65YU0657271,공용 베이스 투 스위프 쉐이드 부니,Bay to Sweep Shade Booney,C65YU0657,UNISEX,,,,80,78,81,4323580,53377.53086419753,54044.75,assets/product_images/C65YU0657271.jpg,excel_map+downloaded
C64AE4498225,공용 헬베시아 II 프린티드 하프스냅 플리스 풀오버,Helvetia II Printed Half Snap Fleece,C64AE4498,UNISEX,,,,62,61,62,4321190,69696.6129032258,69696.6129032258,assets/product_images/C64AE4498225.jpg,excel_map+downloaded
C65BM8261008,남성 뉴튼릿지 베이스캠프,NEWTON RIDGE BC,C65BM8261,MALE,,,,51,50,51,4314205,84592.25490196078,84592.25490196078,assets/product_images/C65BM8261008.jpg,styleship_cdn_pattern+downloaded
C54XE9996028,남성 타임 투 트레일™ 옴니히트™ 팬츠,Time to Trail™ Omni-Heat™ Pant,C54XE9996,MALE,,,,47,47,47,4310120,91704.68085106384,91704.68085106384,assets/product_images/C54XE9996028.jpg,styleship_cdn_pattern+downloaded
C65BL6243088,여성 몬트레일 트리니티 MX,MONTRAIL TRINITY MX,C65BL6243,FEMALE,,,,33,32,34,4291740,126227.64705882352,130052.72727272728,assets/product_images/C65BL6243088.jpg,styleship_cdn_pattern+downloaded
C52AE8827278,[공식몰 단독]남성 노스 패시지 그래픽 반팔 티셔츠,North Passage™ II Graphic SS Tee,C52AE8827,MALE,,,,161,160,163,4286430,26297.116564417178,26623.788819875776,assets/product_images/C52AE8827278.jpg,styleship_cdn_pattern+downloaded
C75BI0652231,남성 크레스트우드 미드 워터프루프 와이드핏,CRESTWOOD MID WATERPROOF WIDE,C75BI0652,MALE,,,,39,39,39,4283920,109844.10256410256,109844.10256410256,assets/product_images/C75BI0652231.jpg,excel_map+downloaded
C64YM8576010,남성 혹킹 림 인슐레이션 스트레이트 팬츠,M's Hocking Rim Insulation Straight Pants,C64YM8576,MALE,,,,30,30,33,4281170,129732.42424242424,142705.66666666666,assets/product_images/C64YM8576010.jpg,excel_map+downloaded
C55YU0657010,공용 베이스 투 스위프™ 쉐이드 부니,Bay to Sweep™ Shade Booney,C55YU0657,UNISEX,,,,54,53,62,4267250,68826.6129032258,79023.14814814815,assets/product_images/C55YU0657010.jpg,styleship_cdn_pattern+downloaded
C75YU0369060,공용 본레 포레스트 20L 패커블 경량 백팩,Bonre Forest 20L Packable Backpack,C75YU0369,UNISEX,,,,79,75,84,4238920,50463.333333333336,53657.215189873416,assets/product_images/C75YU0369060.jpg,excel_map+downloaded
C61YM3513011,남성 대쉬 투 크릭 인슐레이션 자켓,M's Dash to Creek Insulation Jacket,C61YM3513,MALE,,,,27,27,27,4237950,156961.11111111112,156961.11111111112,assets/product_images/C61YM3513011.jpg,excel_map+downloaded
C62XE8841243,공용 콜드 베이 대쉬 그래픽 티셔츠,Cold Bay Dash Short Sleeve Tee,C62XE8841,UNISEX,,,,118,114,119,4217940,35444.87394957983,35745.254237288136,assets/product_images/C62XE8841243.jpg,excel_map+downloaded
C55DE3668011,남성 트랜스트레커,TRANS TREKKER™ WIDE,C55DE3668,MALE,,,,33,32,34,4214670,123960.88235294117,127717.27272727272,assets/product_images/C55DE3668011.jpg,styleship_cdn_pattern+downloaded
C53XO6631010,[Disney] 공용 미키마우스 아이벡스™ 레인 방수 자켓,CSC x Disney Mickey Mouse Ibex™ Rain Shell,C53XO6631,MALE,,,,15,15,16,4211130,263195.625,280742.0,assets/product_images/C53XO6631010.jpg,styleship_cdn_pattern+downloaded
C65PU8664010,공용 케슬락 15L 백팩,Castle Rock 15L Backpack,C65PU8664,UNISEX,,,,41,40,67,4211010,62850.89552238806,102707.56097560975,assets/product_images/C65PU8664010.jpg,excel_map+downloaded
C64WE6671278,공용 캐스케이드 인터체인지 자켓,Cascade Peak VI Interchange Jacket,C64WE6671,UNISEX,,,,12,12,12,4204620,350385.0,350385.0,assets/product_images/C64WE6671278.jpg,excel_map+downloaded
C65BI9168005,남성 픽프릭 러쉬 아웃드라이 와이드,PEAKFREAK RUSH OUTDRY WIDE,C65BI9168,MALE,,,,25,25,25,4204300,168172.0,168172.0,assets/product_images/C65BI9168005.jpg,excel_map+downloaded
C56YM1086247,남성 플라토 벤쳐 워터프루프 보아,PLATEAU VENTURE WP BOA,C56YM1086,MALE,,,,33,32,37,4198860,113482.7027027027,127238.18181818182,assets/product_images/C56YM1086247.jpg,excel_map+downloaded
C54YL3473191,여성 앤 스트림™ 다운 자켓,Ws Anne Stream™ Down Jacket,C54YL3473,FEMALE,,,,14,14,14,4184388,298884.85714285716,298884.85714285716,assets/product_images/C54YL3473191.jpg,excel_map+downloaded
C65YL7787102,여성 이스케이프 쓰라이브 샌들,THRIVE REVIVE SHANDAL,C65YL7787,FEMALE,,,,40,39,40,4175860,104396.5,104396.5,assets/product_images/C65YL7787102.jpg,excel_map+downloaded
C71XE9920010,[추영우 착용] 공용 센트릴리엄 II 3 레이어 방수 자켓,Centrillium II Jacket,C71XE9920,UNISEX,,,,20,20,20,4175800,208790.0,208790.0,assets/product_images/C71XE9920010.jpg,excel_map+downloaded
C54AE5884010,남성 옴니히트™ 헬릭스 베이스레이어 크루넥 티셔츠,Omni-Heat™ Helix Baselayer Crew,C54AE5884,MALE,,,,90,89,94,4143190,44076.48936170213,46035.444444444445,assets/product_images/C54AE5884010.jpg,styleship_cdn_pattern+downloaded
C64YM8578439,남성 니나 트레일 인슐레이션 스트레이트 팬츠,M's Nina Trail Insulation Straight Pants,C64YM8578,MALE,,,,29,28,29,4142919,142859.27586206896,142859.27586206896,assets/product_images/C64YM8578439.jpg,excel_map+downloaded
C65YU0367346,공용 레드우드 35L 백팩,REDWOOD35 BACKPACK,C65YU0367,UNISEX,,,,32,32,32,4141830,129432.1875,129432.1875,assets/product_images/C65YU0367346.jpg,excel_map+downloaded
C54PM0372010,남성 스파이어 투 돔™ 다운 자켓,Spire to Dome™ Down Jacket,C54PM0372,MALE,,,,12,9,12,4110500,342541.6666666667,342541.6666666667,assets/product_images/C54PM0372010.jpg,excel_map+downloaded
C55BM0378082,남성 코노스 TRS 아웃드라이,KONOS™ TRS OUTDRY™,C55BM0378,MALE,,,,27,26,30,4091680,136389.33333333334,151543.7037037037,assets/product_images/C55BM0378082.jpg,styleship_cdn_pattern+downloaded
C54YL3487626,여성 파운 피크 다운 자켓,Ws Fawn Peak™ Down Jacket,C54YL3487,FEMALE,,,,20,20,20,4061820,203091.0,203091.0,assets/product_images/C54YL3487626.jpg,excel_map+downloaded
C54YM3486381,남성 그레타 에비뉴™ 다운 자켓,Ms Greta Avenue™ Down Jacket,C54YM3486,MALE,,,,27,27,27,4061640,150431.11111111112,150431.11111111112,assets/product_images/C54YM3486381.jpg,excel_map+downloaded
C64AE1334010,남성 옴니히트인피니티 베이스레이어 긴팔 티셔츠,M Omni-Heat Infinity Knit LS Crew,C64AE1334,MALE,,,,64,59,72,4058090,56362.36111111111,63407.65625,assets/product_images/C64AE1334010.jpg,styleship_cdn_pattern+downloaded
C65BM7249010,남성 테라스트라이드 ARO,TERRASTRIDE ARO,C65BM7249,MALE,,,,45,45,46,4051900,88084.78260869565,90042.22222222222,assets/product_images/C65BM7249010.jpg,excel_map+downloaded
C64WR6910461,여성 아틱 크레스트 경량 후드 구스 다운자켓,Arctic Crest Down Hooded Jacket,C64WR6910,FEMALE,,,,15,14,15,4047020,269801.3333333333,269801.3333333333,assets/product_images/C64WR6910461.jpg,styleship_cdn_pattern+downloaded
C61AR0356348,여성 실버릿지 3.0 긴팔 셔츠,Silver Ridge 3.0 LS,C61AR0356,FEMALE,,,,29,27,53,4045100,76322.64150943396,139486.2068965517,assets/product_images/C61AR0356348.jpg,excel_map+downloaded
C75BI9168096,남성 픽프릭 러쉬 아웃드라이 와이드,PEAKFREAK RUSH OUTDRY WIDE,C75BI9168,MALE,,,,28,26,29,4024720,138783.44827586206,143740.0,assets/product_images/C75BI9168096.jpg,excel_map+downloaded
C66BM2186010,남성 익스페디셔니스트 피크 ODX 부츠,EXPEDITIONIST PEAK ODX,C66BM2186,MALE,,,,22,22,22,4014760,182489.0909090909,182489.0909090909,assets/product_images/C66BM2186010.jpg,excel_map+downloaded
C66YU4947010,공용 스노우피아 처카 옴니테크 부츠,SNOWPIA CHUKKA OMNI-TECH,C66YU4947,UNISEX,,,,46,45,49,4009890,81834.48979591837,87171.52173913043,assets/product_images/C66YU4947010.jpg,excel_map+downloaded
C65BL8261252,여성 뉴튼릿지 베이스캠프,NEWTON RIDGE BC,C65BL8261,FEMALE,,,,49,49,49,4007295,81781.5306122449,81781.5306122449,assets/product_images/C65BL8261252.jpg,styleship_cdn_pattern+downloaded
C75YU0367010,공용 레드우드 35L 백팩,REDWOOD™35 BACKPACK,C75YU0367,UNISEX,,,,32,31,32,3992060,124751.875,124751.875,assets/product_images/C75YU0367010.jpg,excel_map+downloaded
C64XR9092191,여성 미스티 트리즈 II 인터체인지 자켓,Misty Trees II Interchange Jacket,C64XR9092,FEMALE,,,,15,15,15,3976380,265092.0,265092.0,assets/product_images/C64XR9092191.jpg,styleship_cdn_pattern+downloaded
C55YU0618010,공용 베이 스위프 아일 버킷,Bay Sweep Isle™ Bucket,C55YU0618,UNISEX,,,,146,144,148,3975140,26859.054054054053,27226.986301369863,assets/product_images/C55YU0618010.jpg,styleship_cdn_pattern+downloaded
C54AE5057278,남성 크리스탈리프™ 옴니히트™ 헬릭스 하프집 티셔츠,Crystal Leaf™ Omni-Heat™ Helix Half Zip,C54AE5057,MALE,,,,64,64,65,3974850,61151.53846153846,62107.03125,assets/product_images/C54AE5057278.jpg,styleship_cdn_pattern+downloaded
C52FM7047019,공용 PFG 바하마II 반팔 셔츠,Bahama™ II S/S Shirt,C52FM7047,UNISEX,,,,56,55,63,3968080,62985.39682539683,70858.57142857143,assets/product_images/C52FM7047019.jpg,styleship_cdn_pattern+downloaded
C52XE4919347,남성 아덴 폴즈 팬츠,Arden Falls™ Pant,C52XE4919,MALE,,,,61,60,62,3964650,63945.967741935485,64994.262295081964,assets/product_images/C52XE4919347.jpg,styleship_cdn_pattern+downloaded
C54AR3793278,여성 클라우드 포인트™ 스냅 플리스 자켓,Cloud Point™ Snap Fleece,C54AR3793,FEMALE,,,,52,51,52,3957550,76106.73076923077,76106.73076923077,assets/product_images/C54AR3793278.jpg,styleship_cdn_pattern+downloaded
C52XM5671010,남성 써머드라이 워터 쇼츠,Summerdry™ II Short,C52XM5671,MALE,,,,129,127,131,3956160,30199.69465648855,30667.906976744187,assets/product_images/C52XM5671010.jpg,styleship_cdn_pattern+downloaded
C51WR2496010,여성 앰플리 드라이™ 방수 2.5L 자켓,OmniTech™ AmpliDry™ II Shell,C51WR2496,FEMALE,,,,28,28,28,3948420,141015.0,141015.0,assets/product_images/C51WR2496010.jpg,styleship_cdn_pattern+downloaded
C54XM3477010,[스타워즈] 공용 베이더 컨버터블 자켓,VADER™ Convertible Jacket,C54XM3477,MALE,,,,16,16,16,3945710,246606.875,246606.875,assets/product_images/C54XM3477010.jpg,excel_map+downloaded
C61XE5850432,[공식몰 단독] 남성 센트릴리엄 2.5 레이어 방수 자켓,Centrillium Jacket,C61XE5850,MALE,,,,23,21,23,3941030,171349.13043478262,171349.13043478262,assets/product_images/C61XE5850432.jpg,excel_map+downloaded
C44EE0371278,공용 헬베시아™ 하프 스냅 플리스 티셔츠,Helvetia™ Half Snap Fleece,C44EE0371,UNISEX,,,,60,60,69,3923190,56857.82608695652,65386.5,assets/product_images/C44EE0371278.jpg,styleship_cdn_pattern+downloaded
C62FM7047317,공용 PFG 바하마 II 반팔 셔츠,Bahama II S/S Shirt,C62FM7047,UNISEX,,,,57,56,58,3915960,67516.55172413793,68701.05263157895,assets/product_images/C62FM7047317.jpg,excel_map+downloaded
C62YM6524010,남성 루프 락 포인트 OFZ ICE+ 하프 집업,M's Loop Rock Point OFZ ICE+ Half Zip Up,C62YM6524,MALE,,,,49,45,58,3908900,67394.8275862069,79773.4693877551,assets/product_images/C62YM6524010.jpg,excel_map+downloaded
C45BI5371005,남성 크레스트우드 미드 워터프루프 와이드핏,CRESTWOOD™ MID WATERPROOF WIDE,C45BI5371,MALE,,,,46,46,47,3899035,82958.1914893617,84761.63043478261,assets/product_images/C45BI5371005.jpg,styleship_cdn_pattern+downloaded
C44AE2155415,공용 백볼™ 리마스터드 플리스 자켓,Backbowl™ Remastered Fleece,C44AE2155,UNISEX,,,,46,45,53,3892915,73451.22641509434,84628.58695652174,assets/product_images/C44AE2155415.jpg,styleship_cdn_pattern+downloaded
C54WE8837010,남성 발리스틱 릿지 인슐레이션 셔켓,Ballistic Ridge™ II Shirt Jacket,C54WE8837,MALE,,,,39,37,43,3886590,90385.81395348837,99656.15384615384,assets/product_images/C54WE8837010.jpg,excel_map+downloaded
C61XE2738227,남성 글레시얼 비스타 긴팔 쿨링 셔츠,Glacial Vista Long Sleeve Shirt,C61XE2738,MALE,,,,47,46,52,3882630,74665.96153846153,82609.14893617021,assets/product_images/C61XE2738227.jpg,excel_map+downloaded
C71XE9920464,공용 센트릴리엄 II 3 레이어 방수 자켓,Centrillium II Jacket,C71XE9920,UNISEX,,,,18,18,18,3879520,215528.88888888888,215528.88888888888,assets/product_images/C71XE9920464.jpg,excel_map+downloaded
C55YM1086011,남성 플라토 벤쳐 워터프루프 보아,PLATEAU VENTURE WP BOA,C55YM1086,MALE,,,,35,34,35,3861380,110325.14285714286,110325.14285714286,assets/product_images/C55YM1086011.jpg,styleship_cdn_pattern+downloaded
C71AE8980010,남성 실버 릿지 엘리트 컨버터블 팬츠,Silver Ridge Elite Convertible Pant,C71AE8980,MALE,,,,35,34,36,3856110,107114.16666666667,110174.57142857143,assets/product_images/C71AE8980010.jpg,excel_map+downloaded
C55BM8650021,남성 PFG 프로 스포츠,PFG PRO SPORT™,C55BM8650,MALE,,,,36,35,36,3852135,107003.75,107003.75,assets/product_images/C55BM8650021.jpg,styleship_cdn_pattern+downloaded
C53YM6453011,남성 로스트 마운틴™ 크루,M's Lost Mountain™ Crew,C53YM6453,MALE,,,,70,66,73,3850490,52746.438356164384,55007.0,assets/product_images/C53YM6453011.jpg,excel_map+downloaded
C64XE0098257,남성 클로브 서밋 경량 패딩 + 방수 인터체인지 자켓,Clove Summit Interchange Jacket,C64XE0098,MALE,,,,13,13,13,3849380,296106.1538461539,296106.1538461539,assets/product_images/C64XE0098257.jpg,styleship_cdn_pattern+downloaded
C55BK5371271,여성 크레스트우드 미드 워터프루프 와이드핏,CRESTWOOD MID WATERPROOF,C55BK5371,FEMALE,,,,40,40,41,3830930,93437.31707317074,95773.25,assets/product_images/C55BK5371271.jpg,styleship_cdn_pattern+downloaded
C65BI7306010,남성 벤슨 와이드핏,BENSON WIDE,C65BI7306,MALE,,,,45,45,45,3828390,85075.33333333333,85075.33333333333,assets/product_images/C65BI7306010.jpg,styleship_cdn_pattern+downloaded
C54AR7407010,여성 익스플로레이션 시커™ 패딩 스커트,Exploration Seeker™ Skirt,C54AR7407,FEMALE,,,,40,38,41,3815360,93057.56097560975,95384.0,assets/product_images/C54AR7407010.jpg,styleship_cdn_pattern+downloaded
C51WE5795010,공용 텐 폴스 방수 아노락 판초,Ten Falls™ Poncho,C51WE5795,UNISEX,,,,47,47,47,3812250,81111.70212765958,81111.70212765958,assets/product_images/C51WE5795010.jpg,styleship_cdn_pattern+downloaded
C62XE1652243,공용 리드 아일랜드 쇼츠,Reed Island Short,C62XE1652,UNISEX,,,,98,95,103,3808180,36972.6213592233,38858.97959183674,assets/product_images/C62XE1652243.jpg,excel_map+downloaded
C65BK9168010,여성 픽프릭 러쉬 아웃드라이 와이드,PEAKFREAK RUSH OUTDRY WIDE,C65BK9168,FEMALE,,,,26,26,26,3807200,146430.76923076922,146430.76923076922,assets/product_images/C65BK9168010.jpg,excel_map+downloaded
C65PU8721010,공용 타이거 브룩 40L 트래블 백팩,Tyger Brook 40L Travel Backpack,C65PU8721,UNISEX,,,,25,25,25,3806810,152272.4,152272.4,assets/product_images/C65PU8721010.jpg,styleship_cdn_pattern+downloaded
C52FM7047316,공용 PFG 바하마™II 반팔 셔츠,Bahama™ II S/S Shirt,C52FM7047,UNISEX,,,,53,52,53,3799350,71685.84905660378,71685.84905660378,assets/product_images/C52FM7047316.jpg,styleship_cdn_pattern+downloaded
C65BL7763278,여성 몬트레일 트리니티 AG 2,MONTRAIL TRINITY AG II,C65BL7763,FEMALE,,,,32,30,34,3788455,111425.14705882352,118389.21875,assets/product_images/C65BL7763278.jpg,styleship_cdn_pattern+downloaded
C64AR2484010,여성 옴니히트인피니티 베이스레이어 긴팔 티셔츠,Omni-Heat Infinity Knit LS Crew,C64AR2484,FEMALE,,,,58,55,65,3782300,58189.230769230766,65212.06896551724,assets/product_images/C64AR2484010.jpg,styleship_cdn_pattern+downloaded
C64AR5760256,[공식몰 단독] 여성 헬베시아 II 프린티드 하프스냅 플리스 풀오버,Helvetia II Printed Cropped Half Snap,C64AR5760,FEMALE,,,,53,53,53,3781930,71357.16981132075,71357.16981132075,assets/product_images/C64AR5760256.jpg,styleship_cdn_pattern+downloaded
C45YU7430373,공용 채드윅 라이트,CHADWICK™ LITE,C45YU7430,UNISEX,,,,40,40,42,3771210,89790.71428571429,94280.25,assets/product_images/C45YU7430373.jpg,styleship_cdn_pattern+downloaded
C62FM7047162,공용 PFG 바하마 반팔 셔츠,Bahama II S/S Shirt,C62FM7047,UNISEX,,,,54,53,55,3771170,68566.72727272728,69836.48148148147,assets/product_images/C62FM7047162.jpg,excel_map+downloaded
C64YM6576160,남성 세컨드 픽 크루,M's Second Peak Crew,C64YM6576,MALE,,,,43,43,43,3770270,87680.69767441861,87680.69767441861,assets/product_images/C64YM6576160.jpg,excel_map+downloaded
C52XE4919257,남성 아덴 폴즈 팬츠,Arden Falls™ Pant,C52XE4919,MALE,,,,60,59,60,3754100,62568.333333333336,62568.333333333336,assets/product_images/C52XE4919257.jpg,styleship_cdn_pattern+downloaded
C54WR9860224,여성 로로 패스 인터체인지 자켓,Lolo Pass™ Interchange Jacket,C54WR9860,FEMALE,,,,17,17,17,3753880,220816.4705882353,220816.4705882353,assets/product_images/C54WR9860224.jpg,excel_map+downloaded
C54AE4075010,남성 옴니히트™ 헬릭스 베이스레이어 타이츠,Omni-Heat™ Helix Baselayer Tight,C54AE4075,MALE,,,,80,76,82,3741150,45623.78048780488,46764.375,assets/product_images/C54AE4075010.jpg,styleship_cdn_pattern+downloaded
C75YM5970010,남성 쓰라이브 리바이브 맥스 브리즈 메쉬 샌들,THRIVE REVIVE MX BREEZE,C75YM5970,MALE,,,,30,29,31,3738840,120607.74193548386,124628.0,assets/product_images/C75YM5970010.jpg,excel_map+downloaded
C54YM8487010,남성 로터리 릿지™ 라이닝 조거 팬츠,Ms Lottery Ridge™ Lining Jogger Pants,C54YM8487,MALE,,,,35,33,35,3737420,106783.42857142857,106783.42857142857,assets/product_images/C54YM8487010.jpg,excel_map+downloaded
C56BK2938395,여성 스노우트롯 와이드 쇼티 부츠,SNOWTROT™ SHORTY WIDE,C56BK2938,FEMALE,,,,46,46,47,3714915,79040.74468085106,80759.02173913043,assets/product_images/C56BK2938395.jpg,excel_map+downloaded
C64YM3597435,남성 어드벤처365 경량 구스 다운 자켓,M’s Adventure 365 LW Down Jacket,C64YM3597,MALE,,,,13,13,13,3712710,285593.07692307694,285593.07692307694,assets/product_images/C64YM3597435.jpg,excel_map+downloaded
C56PU8663010,공용 케슬락 20L 백팩,Castle Rock™ 20L Backpack II,C56PU8663,UNISEX,,,,51,50,51,3707720,72700.39215686274,72700.39215686274,assets/product_images/C56PU8663010.jpg,excel_map+downloaded
C55YU6488430,공용 호쏜 레인 로우 알트 방수 스니커즈,HAWTHORNE™ RAIN LOW ALT,C55YU6488,UNISEX,,,,41,39,41,3698630,90210.48780487805,90210.48780487805,assets/product_images/C55YU6488430.jpg,styleship_cdn_pattern+downloaded
C54YL8473211,여성 먼데이 하버™ 스트레이트 팬츠,Ws Monday Harbor™ Lining Stright Pants,C54YL8473,FEMALE,,,,36,35,36,3685820,102383.88888888889,102383.88888888889,assets/product_images/C54YL8473211.jpg,excel_map+downloaded
C51YM3402010,남성 힐 투 마운틴™ II 2L 방수 자켓,Ms Hill to Mountain™ II 2L Jacket,C51YM3402,MALE,,,,20,19,20,3684580,184229.0,184229.0,assets/product_images/C51YM3402010.jpg,styleship_cdn_pattern+downloaded
C55DR3668278,여성 트랜스트레커,TRANS TREKKER™ WIDE,C55DR3668,FEMALE,,,,28,28,29,3679420,126876.55172413793,131407.85714285713,assets/product_images/C55DR3668278.jpg,styleship_cdn_pattern+downloaded
