order_date,member_grade_label,orders,buyers,quantity,revenue,aov
2024-04-16,FAMILY,78,74,108,8061440,103351.79487179487
2024-04-16,SILVER,2,2,2,167450,83725.0
2024-04-17,FAMILY,59,58,78,5290100,89662.71186440678
2024-04-17,SILVER,1,1,3,396270,396270.0
2024-04-17,GOLD,1,1,1,73000,73000.0
2024-04-18,FAMILY,50,50,85,6034250,120685.0
2024-04-18,SILVER,1,1,1,109920,109920.0
2024-04-19,FAMILY,53,49,97,9680930,182659.05660377358
2024-04-19,SILVER,3,3,3,366650,122216.66666666667
2024-04-20,FAMILY,60,60,82,6172530,102875.5
2024-04-20,SILVER,1,1,1,50670,50670.0
2024-04-21,FAMILY,51,51,76,4203020,82412.1568627451
2024-04-21,SILVER,1,1,1,52040,52040.0
2024-04-22,FAMILY,78,74,103,8536850,109446.79487179487
2024-04-22,SILVER,2,2,4,458230,229115.0
2024-04-23,FAMILY,52,50,67,4466190,85888.26923076923
2024-04-23,SILVER,4,4,5,446640,111660.0
2024-04-23,GOLD,1,1,1,139000,139000.0
2024-04-24,FAMILY,55,52,73,5527620,100502.18181818182
2024-04-24,SILVER,3,2,3,273300,91100.0
2024-04-25,FAMILY,54,54,63,4995970,92517.96296296296
2024-04-25,SILVER,3,3,4,244650,81550.0
2024-04-26,FAMILY,79,78,102,8077740,102249.87341772152
2024-04-26,SILVER,4,4,10,861330,215332.5
2024-04-26,GOLD,1,1,1,48200,48200.0
2024-04-27,FAMILY,64,62,85,6800440,106256.875
2024-04-27,GOLD,1,1,3,364250,364250.0
2024-04-28,FAMILY,83,83,111,8729140,105170.36144578313
2024-04-28,SILVER,3,3,4,208710,69570.0
2024-04-29,FAMILY,52,52,81,5148520,99010.0
2024-04-29,GOLD,2,2,2,159060,79530.0
2024-04-29,SILVER,1,1,1,90620,90620.0
2024-04-30,FAMILY,73,69,103,7528790,103134.1095890411
2024-04-30,SILVER,2,2,3,301020,150510.0
2024-05-01,FAMILY,73,73,99,6991800,95778.08219178082
2024-05-01,SILVER,4,4,9,493110,123277.5
2024-05-02,FAMILY,85,85,124,9010450,106005.29411764706
2024-05-02,GOLD,4,2,6,506100,126525.0
2024-05-02,SILVER,2,2,2,116820,58410.0
2024-05-03,FAMILY,70,70,105,7245710,103510.14285714286
2024-05-04,FAMILY,59,59,71,4946780,83843.72881355933
2024-05-04,SILVER,1,1,1,109000,109000.0
2024-05-05,FAMILY,69,68,90,7602220,110177.10144927536
2024-05-05,SILVER,1,1,6,383900,383900.0
2024-05-06,FAMILY,63,62,81,6605220,104844.76190476191
2024-05-06,SILVER,2,2,4,319200,159600.0
2024-05-07,FAMILY,71,70,103,7019690,98868.87323943662
2024-05-07,SILVER,4,4,5,490930,122732.5
2024-05-08,FAMILY,69,68,98,7652420,110904.63768115942
2024-05-08,SILVER,4,4,7,644160,161040.0
2024-05-08,TITANIUM,1,1,3,360000,360000.0
2024-05-09,FAMILY,55,55,79,6012220,109313.09090909091
2024-05-09,SILVER,1,1,1,42030,42030.0
2024-05-10,FAMILY,68,67,111,6652830,97835.73529411765
2024-05-10,SILVER,3,3,7,306700,102233.33333333333
2024-05-11,FAMILY,58,54,81,5951730,102616.03448275862
2024-05-11,SILVER,3,3,3,279300,93100.0
2024-05-11,GOLD,2,2,2,203950,101975.0
2024-05-12,FAMILY,70,69,98,7078500,101121.42857142857
2024-05-12,SILVER,2,2,2,78000,39000.0
2024-05-13,FAMILY,61,61,82,6226100,102067.2131147541
2024-05-13,SILVER,2,2,4,89360,44680.0
2024-05-14,FAMILY,53,53,63,4831730,91164.71698113208
2024-05-14,SILVER,2,2,6,336500,168250.0
2024-05-15,FAMILY,85,84,122,9802760,115326.58823529411
2024-05-15,SILVER,4,4,8,647550,161887.5
2024-05-15,TITANIUM,1,1,1,27200,27200.0
2024-05-16,FAMILY,60,59,79,5642250,94037.5
2024-05-16,SILVER,1,1,5,371270,371270.0
2024-05-17,FAMILY,38,38,55,3662730,96387.63157894737
2024-05-17,GOLD,1,1,1,87000,87000.0
2024-05-17,SILVER,1,1,1,39000,39000.0
2024-05-18,FAMILY,53,53,66,4666940,88055.47169811321
2024-05-18,SILVER,3,3,5,398740,132913.33333333334
2024-05-19,FAMILY,66,65,88,6464560,97947.87878787878
2024-05-19,SILVER,2,2,2,305020,152510.0
2024-05-20,FAMILY,62,62,107,7382510,119072.74193548386
2024-05-20,SILVER,2,2,3,178590,89295.0
2024-05-21,FAMILY,57,57,82,5792710,101626.49122807017
2024-05-21,SILVER,3,2,3,307870,102623.33333333333
2024-05-22,FAMILY,55,55,73,5152160,93675.63636363637
2024-05-22,SILVER,2,2,6,281220,140610.0
2024-05-23,FAMILY,54,54,75,5361900,99294.44444444444
2024-05-23,SILVER,1,1,1,46320,46320.0
2024-05-24,FAMILY,54,50,85,5089230,94245.0
2024-05-25,FAMILY,36,35,48,3530670,98074.16666666667
2024-05-25,SILVER,3,3,3,271880,90626.66666666667
2024-05-26,FAMILY,67,65,93,6613950,98715.67164179105
2024-05-26,SILVER,1,1,4,236000,236000.0
2024-05-26,GOLD,1,1,1,62950,62950.0
2024-05-27,FAMILY,74,71,122,7899620,106751.62162162163
2024-05-27,SILVER,3,3,10,834050,278016.6666666667
2024-05-27,TITANIUM,1,1,7,467200,467200.0
2024-05-27,GOLD,2,2,3,336760,168380.0
2024-05-28,FAMILY,52,49,111,7089900,136344.23076923078
2024-05-28,SILVER,3,3,7,737480,245826.66666666666
2024-05-29,FAMILY,52,52,85,5739930,110383.26923076923
2024-05-29,SILVER,3,3,7,464910,154970.0
2024-05-30,FAMILY,55,50,89,6350010,115454.72727272728
2024-05-30,SILVER,1,1,5,222160,222160.0
2024-05-31,FAMILY,33,31,68,4383760,132841.21212121213
2024-06-01,FAMILY,39,39,64,4592640,117760.0
2024-06-02,FAMILY,49,48,61,3640270,74291.22448979592
2024-06-02,SILVER,2,2,5,330340,165170.0
2024-06-03,FAMILY,53,53,73,5605640,105766.7924528302
2024-06-03,SILVER,1,1,2,211280,211280.0
2024-06-03,GOLD,1,1,1,130240,130240.0
2024-06-04,FAMILY,62,62,98,6104290,98456.29032258065
2024-06-04,SILVER,2,2,3,420700,210350.0
2024-06-05,FAMILY,36,34,44,3077700,85491.66666666667
2024-06-05,SILVER,1,1,1,77230,77230.0
2024-06-06,FAMILY,53,53,66,4605190,86890.37735849057
2024-06-06,SILVER,2,2,3,147060,73530.0
2024-06-06,GOLD,1,1,1,53000,53000.0
2024-06-07,FAMILY,54,53,67,5012380,92821.85185185185
2024-06-07,SILVER,4,4,4,388710,97177.5
2024-06-07,GOLD,1,1,1,35000,35000.0
2024-06-08,FAMILY,45,44,65,5133430,114076.22222222222
2024-06-08,SILVER,5,5,7,817990,163598.0
2024-06-09,FAMILY,55,55,75,5680650,103284.54545454546
2024-06-09,SILVER,3,2,4,239190,79730.0
2024-06-09,GOLD,1,1,2,54000,54000.0
2024-06-10,FAMILY,62,61,85,5629190,90793.3870967742
2024-06-10,SILVER,5,5,8,437450,87490.0
2024-06-11,FAMILY,50,48,88,4281590,85631.8
2024-06-11,SILVER,1,1,1,38000,38000.0
2024-06-12,FAMILY,55,55,85,5190700,94376.36363636363
2024-06-12,SILVER,1,1,1,84450,84450.0
2024-06-13,FAMILY,58,58,89,5702050,98311.20689655172
2024-06-13,SILVER,5,5,11,795940,159188.0
2024-06-13,GOLD,2,2,5,389620,194810.0
2024-06-14,FAMILY,131,130,219,13848030,105710.15267175573
2024-06-14,SILVER,8,7,18,1239950,154993.75
2024-06-14,GOLD,5,4,9,387280,77456.0
2024-06-15,FAMILY,51,50,82,4602490,90244.90196078431
2024-06-15,SILVER,3,3,6,292820,97606.66666666667
2024-06-16,FAMILY,91,86,148,9001270,98915.05494505494
2024-06-16,SILVER,4,4,4,270600,67650.0
2024-06-17,FAMILY,88,86,132,8295410,94266.02272727272
2024-06-17,SILVER,1,1,1,74010,74010.0
2024-06-18,FAMILY,95,92,139,8673360,91298.52631578948
2024-06-18,GOLD,2,2,7,586400,293200.0
2024-06-18,SILVER,4,4,8,411220,102805.0
2024-06-19,FAMILY,90,89,141,8013540,89039.33333333333
2024-06-19,SILVER,7,7,21,1239800,177114.2857142857
2024-06-20,FAMILY,92,91,122,7342430,79809.02173913043
2024-06-20,SILVER,4,4,6,445550,111387.5
2024-06-21,FAMILY,68,66,103,6566140,96560.88235294117
2024-06-21,SILVER,4,4,7,497470,124367.5
2024-06-22,FAMILY,56,55,78,5542450,98972.32142857143
2024-06-22,SILVER,2,2,3,189000,94500.0
2024-06-23,FAMILY,78,78,127,7744140,99283.84615384616
2024-06-23,SILVER,2,2,5,300320,150160.0
2024-06-24,FAMILY,89,87,123,8224600,92411.23595505618
2024-06-24,GOLD,1,1,1,59000,59000.0
2024-06-25,FAMILY,62,61,90,6265420,101055.16129032258
2024-06-25,SILVER,2,2,5,222480,111240.0
2024-06-26,FAMILY,79,78,111,6669410,84422.91139240506
2024-06-26,SILVER,1,1,5,223790,223790.0
2024-06-26,GOLD,1,1,1,62300,62300.0
2024-06-27,FAMILY,42,41,85,5126830,122067.38095238095
2024-06-27,SILVER,4,4,7,440100,110025.0
2024-06-27,GOLD,1,1,1,69680,69680.0
2024-06-28,FAMILY,52,51,73,4240790,81553.65384615384
2024-06-28,SILVER,3,3,4,299370,99790.0
2024-06-29,FAMILY,47,47,65,4498170,95705.74468085106
2024-06-29,SILVER,1,1,1,72140,72140.0
2024-06-29,GOLD,1,1,1,69000,69000.0
2024-06-30,FAMILY,89,89,132,9861450,110802.80898876404
2024-06-30,SILVER,1,1,1,209300,209300.0
2024-07-01,FAMILY,68,68,96,6356320,93475.29411764706
2024-07-01,SILVER,4,3,5,257470,64367.5
2024-07-02,FAMILY,62,61,125,7451580,120186.7741935484
2024-07-02,SILVER,4,4,5,399790,99947.5
2024-07-03,FAMILY,73,61,96,6440530,88226.43835616438
2024-07-03,SILVER,2,2,2,104800,52400.0
2024-07-04,FAMILY,52,52,73,4814350,92583.65384615384
2024-07-04,TITANIUM,1,1,7,334960,334960.0
2024-07-04,GOLD,2,2,3,122700,61350.0
2024-07-04,SILVER,1,1,1,66880,66880.0
2024-07-05,FAMILY,60,56,87,6286460,104774.33333333333
2024-07-05,SILVER,2,2,5,177420,88710.0
2024-07-06,FAMILY,50,49,67,4421940,88438.8
2024-07-06,SILVER,2,1,11,144000,72000.0
2024-07-07,FAMILY,40,40,58,3549480,88737.0
2024-07-07,SILVER,1,1,1,143500,143500.0
2024-07-08,FAMILY,76,74,107,6419710,84469.86842105263
2024-07-08,SILVER,3,2,3,235640,78546.66666666667
2024-07-09,FAMILY,58,52,76,5148610,88769.13793103448
2024-07-09,SILVER,5,5,5,352440,70488.0
2024-07-10,FAMILY,75,74,98,5527750,73703.33333333333
2024-07-10,TITANIUM,1,1,5,369100,369100.0
2024-07-10,SILVER,1,1,6,103570,103570.0
2024-07-11,FAMILY,61,61,80,4802920,78736.39344262295
2024-07-11,SILVER,2,2,6,310790,155395.0
2024-07-12,FAMILY,53,53,72,4743510,89500.18867924529
2024-07-12,SILVER,2,2,5,268010,134005.0
2024-07-12,GOLD,1,1,1,47190,47190.0
2024-07-13,FAMILY,43,43,55,3430370,79776.04651162791
2024-07-13,SILVER,3,3,6,346610,115536.66666666667
2024-07-14,FAMILY,86,84,103,5745550,66808.72093023256
2024-07-14,SILVER,3,3,7,333140,111046.66666666667
2024-07-14,GOLD,1,1,1,115500,115500.0
2024-07-15,FAMILY,77,77,94,6413030,83286.1038961039
2024-07-15,SILVER,2,2,6,254100,127050.0
2024-07-16,FAMILY,61,59,87,4580850,75095.90163934426
2024-07-16,TITANIUM,1,1,4,375200,375200.0
2024-07-16,SILVER,4,4,5,210450,52612.5
2024-07-17,FAMILY,59,58,78,5079600,86094.91525423729
2024-07-17,SILVER,1,1,5,197500,197500.0
2024-07-17,GOLD,1,1,1,47530,47530.0
2024-07-17,TITANIUM,1,1,1,19150,19150.0
2024-07-18,FAMILY,127,127,169,10913940,85936.53543307087
2024-07-18,SILVER,3,3,8,498750,166250.0
2024-07-19,FAMILY,75,75,102,6373570,84980.93333333333
2024-07-19,SILVER,5,5,8,528530,105706.0
2024-07-19,GOLD,1,1,1,119200,119200.0
2024-07-20,FAMILY,73,71,92,5771750,79065.06849315068
2024-07-20,SILVER,2,2,3,168800,84400.0
2024-07-21,FAMILY,102,102,137,9039190,88619.50980392157
2024-07-21,SILVER,4,4,4,207710,51927.5
2024-07-22,FAMILY,73,72,98,6839540,93692.32876712328
2024-07-22,SILVER,1,1,1,119200,119200.0
2024-07-23,FAMILY,61,61,79,5053960,82851.80327868853
2024-07-23,SILVER,4,4,7,412660,103165.0
2024-07-24,FAMILY,73,73,91,6456730,88448.35616438356
2024-07-24,SILVER,2,2,4,218530,109265.0
2024-07-24,GOLD,2,2,3,205660,102830.0
2024-07-25,FAMILY,87,87,115,7190640,82651.03448275862
2024-07-25,GOLD,1,1,1,64300,64300.0
2024-07-26,FAMILY,66,65,103,5675300,85989.39393939394
2024-07-26,SILVER,1,1,3,175570,175570.0
2024-07-27,FAMILY,39,39,49,3357800,86097.43589743589
2024-07-27,SILVER,4,4,6,327350,81837.5
2024-07-28,FAMILY,57,56,74,5072330,88988.24561403508
2024-07-28,SILVER,3,3,5,207710,69236.66666666667
2024-07-29,FAMILY,61,61,78,4525590,74190.0
2024-07-29,SILVER,2,2,3,134920,67460.0
2024-07-30,FAMILY,60,59,87,4897520,81625.33333333333
2024-07-30,SILVER,3,3,4,426410,142136.66666666666
2024-07-30,GOLD,1,1,1,149860,149860.0
2024-07-31,FAMILY,48,47,71,4358310,90798.125
2024-07-31,SILVER,4,4,5,593540,148385.0
2024-08-01,FAMILY,56,54,69,4490890,80194.46428571429
2024-08-01,SILVER,5,5,10,524250,104850.0
2024-08-02,FAMILY,56,56,79,4440530,79295.17857142857
2024-08-02,SILVER,2,2,3,267670,133835.0
2024-08-03,FAMILY,45,44,66,3894880,86552.88888888889
2024-08-03,SILVER,2,2,2,170890,85445.0
2024-08-03,GOLD,1,1,1,45760,45760.0
2024-08-04,FAMILY,57,57,77,4644750,81486.84210526316
2024-08-04,SILVER,1,1,1,64800,64800.0
2024-08-05,FAMILY,46,46,55,3404380,74008.26086956522
2024-08-05,SILVER,2,2,3,244040,122020.0
2024-08-05,GOLD,1,1,2,35800,35800.0
2024-08-06,FAMILY,45,44,293,17351010,385578.0
2024-08-06,SILVER,6,6,10,656430,109405.0
2024-08-06,GOLD,1,1,3,129000,129000.0
2024-08-07,FAMILY,32,32,76,4296720,134272.5
2024-08-07,SILVER,2,2,2,134300,67150.0
2024-08-07,GOLD,1,1,1,47200,47200.0
2024-08-08,FAMILY,77,77,95,5241690,68073.8961038961
2024-08-08,GOLD,1,1,3,196700,196700.0
2024-08-08,TITANIUM,1,1,3,171800,171800.0
2024-08-08,SILVER,2,2,3,139830,69915.0
2024-08-09,FAMILY,45,44,69,4610930,102465.11111111111
2024-08-09,SILVER,4,3,36,1604800,401200.0
2024-08-10,FAMILY,51,50,73,3829760,75093.33333333333
2024-08-10,SILVER,2,2,3,173130,86565.0
2024-08-11,FAMILY,54,54,67,4174130,77298.70370370371
2024-08-11,SILVER,1,1,1,36830,36830.0
2024-08-12,FAMILY,48,48,68,3781140,78773.75
2024-08-12,SILVER,1,1,4,276000,276000.0
2024-08-13,FAMILY,40,40,51,3931340,98283.5
2024-08-13,GOLD,1,1,2,149600,149600.0
2024-08-14,FAMILY,47,47,68,4432510,94308.72340425532
2024-08-14,SILVER,2,2,2,71380,35690.0
2024-08-15,FAMILY,42,42,55,3467580,82561.42857142857
2024-08-15,GOLD,1,1,2,207500,207500.0
2024-08-15,SILVER,1,1,1,25940,25940.0
2024-08-16,FAMILY,46,45,58,3525680,76645.21739130435
2024-08-16,SILVER,2,2,2,141590,70795.0
2024-08-16,GOLD,1,1,2,97350,97350.0
2024-08-17,FAMILY,46,46,56,3666530,79707.17391304347
2024-08-17,SILVER,1,1,1,36670,36670.0
2024-08-18,FAMILY,48,47,60,3702260,77130.41666666667
2024-08-18,SILVER,2,2,2,171580,85790.0
2024-08-18,GOLD,1,1,2,74740,74740.0
2024-08-19,FAMILY,51,50,63,3247910,63684.509803921566
2024-08-19,SILVER,3,3,8,177800,59266.666666666664
2024-08-20,FAMILY,44,44,52,3849700,87493.18181818182
2024-08-20,SILVER,3,3,3,100730,33576.666666666664
2024-08-21,FAMILY,59,59,84,4515080,76526.77966101695
2024-08-21,SILVER,4,4,6,374880,93720.0
2024-08-21,GOLD,1,1,1,47200,47200.0
2024-08-22,FAMILY,60,59,83,6590570,109842.83333333333
2024-08-22,SILVER,3,3,4,225050,75016.66666666667
2024-08-23,FAMILY,36,36,45,3710430,103067.5
2024-08-23,SILVER,1,1,8,461500,461500.0
2024-08-24,FAMILY,40,40,49,3378690,84467.25
2024-08-24,SILVER,1,1,1,57830,57830.0
2024-08-25,FAMILY,55,55,78,4715200,85730.90909090909
2024-08-25,SILVER,4,4,7,696440,174110.0
2024-08-26,FAMILY,53,53,71,4528730,85447.7358490566
2024-08-26,SILVER,1,1,1,100660,100660.0
2024-08-26,GOLD,1,1,1,61330,61330.0
2024-08-27,FAMILY,45,44,81,5461950,121376.66666666667
2024-08-27,SILVER,1,1,1,29000,29000.0
2024-08-28,FAMILY,44,44,56,3972620,90286.81818181818
2024-08-28,SILVER,4,4,9,465900,116475.0
2024-08-29,FAMILY,32,32,39,2378960,74342.5
2024-08-29,SILVER,1,1,1,59170,59170.0
2024-08-30,FAMILY,39,39,66,3610350,92573.07692307692
2024-08-30,GOLD,1,1,4,160000,160000.0
2024-08-30,SILVER,2,2,2,142160,71080.0
2024-08-31,FAMILY,37,37,64,3722930,100619.72972972973
2024-08-31,TITANIUM,1,1,7,233600,233600.0
2024-08-31,SILVER,1,1,1,44500,44500.0
2024-09-01,FAMILY,49,47,78,5864380,119681.22448979592
2024-09-01,SILVER,3,3,5,497800,165933.33333333334
2024-09-02,FAMILY,36,36,96,4789060,133029.44444444444
2024-09-02,SILVER,1,1,3,168920,168920.0
2024-09-03,FAMILY,49,49,63,3394910,69283.87755102041
2024-09-03,SILVER,3,3,3,277780,92593.33333333333
2024-09-04,FAMILY,45,45,69,4379820,97329.33333333333
2024-09-04,SILVER,3,3,5,299950,99983.33333333333
2024-09-05,FAMILY,65,64,109,6836330,105174.30769230769
2024-09-05,SILVER,3,3,5,353430,117810.0
2024-09-06,FAMILY,38,38,55,3140480,82644.21052631579
2024-09-06,SILVER,1,1,1,7500,7500.0
2024-09-07,FAMILY,59,59,85,4447360,75378.98305084746
2024-09-07,SILVER,3,3,8,725230,241743.33333333334
2024-09-08,FAMILY,79,78,96,6028090,76304.93670886075
2024-09-08,SILVER,4,4,18,683630,170907.5
2024-09-09,FAMILY,33,33,50,3793380,114950.90909090909
2024-09-10,FAMILY,41,40,59,4472030,109073.90243902439
2024-09-10,SILVER,2,2,5,294560,147280.0
2024-09-10,GOLD,2,2,3,216770,108385.0
2024-09-11,FAMILY,70,70,110,5973260,85332.28571428571
2024-09-11,SILVER,2,2,7,502260,251130.0
2024-09-11,TITANIUM,1,1,1,19600,19600.0
2024-09-12,FAMILY,244,242,320,13757890,56384.79508196721
2024-09-12,SILVER,9,9,14,1069850,118872.22222222222
2024-09-12,GOLD,1,1,2,73780,73780.0
2024-09-13,FAMILY,102,102,136,7653110,75030.49019607843
2024-09-13,SILVER,5,5,8,359600,71920.0
2024-09-13,GOLD,1,1,1,78840,78840.0
2024-09-14,FAMILY,65,65,81,3950040,60769.846153846156
2024-09-14,TITANIUM,1,1,2,300000,300000.0
2024-09-14,SILVER,2,2,3,153130,76565.0
2024-09-15,FAMILY,71,71,96,4830530,68035.6338028169
2024-09-15,SILVER,3,3,5,312830,104276.66666666667
2024-09-16,FAMILY,68,68,89,4462879,65630.57352941176
2024-09-16,SILVER,3,3,7,569820,189940.0
2024-09-17,FAMILY,45,44,61,2514659,55881.311111111114
2024-09-17,TITANIUM,1,1,1,80460,80460.0
2024-09-17,SILVER,1,1,1,20000,20000.0
2024-09-18,FAMILY,129,128,205,10842698,84051.92248062015
2024-09-18,SILVER,4,4,5,613180,153295.0
2024-09-19,FAMILY,56,56,70,3588179,64074.625
2024-09-19,GOLD,1,1,1,127000,127000.0
2024-09-19,SILVER,2,2,2,112350,56175.0
2024-09-20,FAMILY,69,69,94,5477050,79377.53623188406
2024-09-20,GOLD,2,2,3,221040,110520.0
2024-09-20,SILVER,1,1,1,59490,59490.0
2024-09-20,TITANIUM,1,1,1,42660,42660.0
2024-09-21,FAMILY,68,68,96,5411910,79586.91176470589
2024-09-21,SILVER,3,3,3,421890,140630.0
2024-09-21,GOLD,2,2,4,91170,45585.0
2024-09-22,FAMILY,644,641,832,31110213,48307.78416149069
2024-09-22,SILVER,8,8,13,462510,57813.75
2024-09-22,GOLD,2,2,2,106370,53185.0
2024-09-23,FAMILY,52,50,64,4795250,92216.34615384616
2024-09-23,SILVER,3,3,3,291000,97000.0
2024-09-24,FAMILY,45,45,61,5039630,111991.77777777778
2024-09-24,SILVER,2,2,3,171020,85510.0
2024-09-24,GOLD,1,1,1,139000,139000.0
2024-09-25,FAMILY,40,40,47,3039229,75980.725
2024-09-25,SILVER,4,4,4,297860,74465.0
2024-09-26,FAMILY,38,38,53,3442240,90585.26315789473
2024-09-26,SILVER,1,1,1,65370,65370.0
2024-09-27,FAMILY,39,37,53,5010209,128466.89743589744
2024-09-27,SILVER,3,3,5,440220,146740.0
2024-09-27,GOLD,1,1,1,43510,43510.0
2024-09-28,FAMILY,32,31,35,3818210,119319.0625
2024-09-28,SILVER,2,2,3,326660,163330.0
2024-09-29,FAMILY,37,37,50,3967789,107237.54054054055
2024-09-30,FAMILY,94,92,118,10211619,108634.24468085106
2024-09-30,SILVER,2,2,2,211440,105720.0
2024-10-01,FAMILY,87,87,118,10975689,126157.3448275862
2024-10-01,SILVER,6,5,8,762870,127145.0
2024-10-02,FAMILY,54,54,87,7948550,147195.37037037036
2024-10-02,SILVER,4,4,7,647180,161795.0
2024-10-02,TITANIUM,1,1,2,138000,138000.0
2024-10-03,FAMILY,61,60,85,7962649,130535.22950819672
2024-10-03,SILVER,4,3,7,738110,184527.5
2024-10-03,GOLD,1,1,1,38300,38300.0
2024-10-04,FAMILY,44,44,59,5676099,129002.25
2024-10-04,TITANIUM,1,1,2,478000,478000.0
2024-10-04,SILVER,1,1,1,104349,104349.0
2024-10-05,FAMILY,54,54,67,5667518,104954.03703703704
2024-10-05,SILVER,5,5,12,1048650,209730.0
2024-10-05,GOLD,1,1,1,63200,63200.0
2024-10-06,FAMILY,65,65,86,7792660,119887.07692307692
2024-10-06,GOLD,1,1,1,83000,83000.0
2024-10-07,FAMILY,57,57,76,6208890,108927.8947368421
2024-10-07,SILVER,2,2,4,235500,117750.0
2024-10-07,GOLD,1,1,1,139000,139000.0
2024-10-08,FAMILY,60,58,89,8189829,136497.15
2024-10-08,SILVER,1,1,3,243610,243610.0
2024-10-09,FAMILY,58,58,68,5684369,98006.36206896552
2024-10-09,SILVER,2,1,8,256000,128000.0
2024-10-09,GOLD,1,1,1,126110,126110.0
2024-10-10,FAMILY,66,66,83,8216700,124495.45454545454
2024-10-10,SILVER,1,1,1,99000,99000.0
2024-10-11,FAMILY,53,50,91,7480860,141148.30188679244
2024-10-11,SILVER,1,1,3,239400,239400.0
2024-10-12,FAMILY,55,55,74,7094779,128995.98181818181
2024-10-12,GOLD,1,1,7,381440,381440.0
2024-10-12,SILVER,1,1,2,50400,50400.0
2024-10-13,FAMILY,56,55,69,7484270,133647.67857142858
2024-10-13,SILVER,1,1,2,196000,196000.0
2024-10-13,GOLD,2,1,2,110400,55200.0
2024-10-14,FAMILY,51,47,90,7647689,149954.6862745098
2024-10-14,SILVER,2,2,4,157980,78990.0
2024-10-15,FAMILY,57,56,81,6554150,114985.08771929824
2024-10-15,SILVER,1,1,4,524320,524320.0
2024-10-15,GOLD,1,1,1,14500,14500.0
2024-10-16,FAMILY,77,76,105,6957699,90359.72727272728
2024-10-16,SILVER,7,6,8,569730,81390.0
2024-10-17,FAMILY,60,60,86,6695750,111595.83333333333
2024-10-17,SILVER,3,3,3,379800,126600.0
2024-10-18,FAMILY,55,55,70,5913450,107517.27272727272
2024-10-18,SILVER,1,1,1,17000,17000.0
2024-10-19,FAMILY,52,51,86,6100650,117320.19230769231
2024-10-19,SILVER,3,3,3,600480,200160.0
2024-10-19,GOLD,1,1,1,25000,25000.0
2024-10-20,FAMILY,76,76,100,8716379,114689.19736842105
2024-10-20,SILVER,7,5,9,941610,134515.7142857143
2024-10-20,GOLD,1,1,1,119200,119200.0
2024-10-21,FAMILY,59,58,74,6506540,110280.33898305085
2024-10-21,SILVER,3,3,5,326770,108923.33333333333
2024-10-21,GOLD,1,1,1,21300,21300.0
2024-10-22,FAMILY,55,55,69,5328950,96890.0
2024-10-22,SILVER,4,3,8,671370,167842.5
2024-10-22,TITANIUM,1,1,2,258000,258000.0
2024-10-23,FAMILY,50,50,94,9408106,188162.12
2024-10-23,SILVER,1,1,4,716000,716000.0
2024-10-23,GOLD,1,1,1,183200,183200.0
2024-10-23,TITANIUM,1,1,1,139170,139170.0
2024-10-24,FAMILY,68,66,88,7203610,105935.44117647059
2024-10-24,SILVER,2,2,3,869700,434850.0
2024-10-25,FAMILY,47,44,65,8135620,173098.29787234042
2024-10-25,SILVER,2,2,5,611130,305565.0
2024-10-25,TITANIUM,1,1,1,179000,179000.0
2024-10-26,FAMILY,47,46,59,5756640,122481.70212765958
2024-10-26,GOLD,1,1,1,156600,156600.0
2024-10-26,SILVER,2,2,2,83000,41500.0
2024-10-27,FAMILY,65,65,89,7457610,114732.46153846153
2024-10-27,SILVER,2,2,2,405240,202620.0
2024-10-27,GOLD,1,1,3,156000,156000.0
2024-10-28,FAMILY,58,54,88,8204080,141449.6551724138
2024-10-28,SILVER,2,2,2,156100,78050.0
2024-10-29,FAMILY,60,60,84,10317450,171957.5
2024-10-29,GOLD,2,1,2,266240,133120.0
2024-10-29,SILVER,2,2,5,255700,127850.0
2024-10-29,TITANIUM,1,1,1,169000,169000.0
2024-10-30,FAMILY,50,50,71,6013730,120274.6
2024-10-30,SILVER,3,3,3,776210,258736.66666666666
2024-10-31,FAMILY,100,97,125,12349719,123497.19
2024-10-31,SILVER,5,5,5,568360,113672.0
2024-10-31,TITANIUM,1,1,1,171940,171940.0
2024-10-31,GOLD,1,1,1,103910,103910.0
2024-11-01,FAMILY,52,51,87,7417800,142650.0
2024-11-01,SILVER,4,4,8,479160,119790.0
2024-11-01,GOLD,1,1,1,119370,119370.0
2024-11-02,FAMILY,50,49,59,6389470,127789.4
2024-11-02,GOLD,1,1,6,682650,682650.0
2024-11-02,SILVER,1,1,3,453500,453500.0
2024-11-03,FAMILY,83,83,105,10094940,121625.78313253012
2024-11-03,SILVER,8,8,10,961160,120145.0
2024-11-03,GOLD,2,2,3,731000,365500.0
2024-11-03,TITANIUM,1,1,1,169950,169950.0
2024-11-04,FAMILY,69,69,103,7961870,115389.42028985507
2024-11-04,SILVER,2,2,9,823260,411630.0
2024-11-04,GOLD,1,1,1,115730,115730.0
2024-11-05,FAMILY,87,86,110,10111480,116223.908045977
2024-11-05,GOLD,3,3,5,542970,180990.0
2024-11-05,SILVER,2,2,2,371040,185520.0
2024-11-05,TITANIUM,2,2,3,208220,104110.0
2024-11-06,FAMILY,79,78,125,13058360,165295.69620253163
2024-11-06,SILVER,7,6,21,1873680,267668.5714285714
2024-11-07,FAMILY,66,64,104,10253919,155362.4090909091
2024-11-07,SILVER,5,5,10,1053920,210784.0
2024-11-07,GOLD,2,2,2,299980,149990.0
2024-11-08,FAMILY,54,54,72,8173380,151358.88888888888
2024-11-08,GOLD,2,1,3,82000,41000.0
2024-11-08,SILVER,1,1,1,81000,81000.0
2024-11-09,FAMILY,25,25,30,3234899,129395.96
2024-11-09,SILVER,3,3,4,431020,143673.33333333334
2024-11-09,TITANIUM,1,1,1,121960,121960.0
2024-11-10,FAMILY,76,76,90,8780700,115535.52631578948
2024-11-10,SILVER,2,2,5,598790,299395.0
2024-11-11,FAMILY,45,44,65,6151880,136708.44444444444
2024-11-11,SILVER,2,2,2,268220,134110.0
2024-11-11,TITANIUM,1,1,1,125500,125500.0
2024-11-12,FAMILY,78,74,94,9650430,123723.46153846153
2024-11-12,SILVER,2,2,3,380260,190130.0
2024-11-12,TITANIUM,1,1,1,190050,190050.0
2024-11-13,FAMILY,45,44,79,6164990,136999.77777777778
2024-11-13,TITANIUM,2,1,2,278000,139000.0
2024-11-13,SILVER,2,2,2,270500,135250.0
2024-11-14,FAMILY,59,58,82,7476760,126724.74576271187
2024-11-14,SILVER,5,5,5,604290,120858.0
2024-11-15,FAMILY,205,202,257,25633720,125042.53658536586
2024-11-15,SILVER,23,23,42,4464740,194119.13043478262
2024-11-15,GOLD,1,1,5,365000,365000.0
2024-11-16,FAMILY,140,135,175,18271780,130512.71428571429
2024-11-16,TITANIUM,4,3,7,775890,193972.5
2024-11-16,SILVER,4,4,5,576895,144223.75
2024-11-17,FAMILY,159,157,202,20142285,126681.03773584905
2024-11-17,SILVER,4,4,7,1013510,253377.5
2024-11-17,TITANIUM,1,1,1,137000,137000.0
2024-11-18,FAMILY,197,192,266,25706055,130487.58883248731
2024-11-18,SILVER,8,8,12,951180,118897.5
2024-11-18,TITANIUM,1,1,1,111730,111730.0
2024-11-19,FAMILY,178,177,238,24144479,135643.14044943822
2024-11-19,SILVER,9,9,13,1735380,192820.0
2024-11-20,FAMILY,171,169,225,23026660,134658.8304093567
2024-11-20,SILVER,2,2,3,217530,108765.0
2024-11-20,TITANIUM,1,1,1,118300,118300.0
2024-11-20,GOLD,1,1,1,111300,111300.0
2024-11-21,FAMILY,200,200,254,25770250,128851.25
2024-11-21,SILVER,8,8,12,1436840,179605.0
2024-11-21,GOLD,1,1,2,173900,173900.0
2024-11-21,TITANIUM,1,1,1,115590,115590.0
2024-11-22,FAMILY,146,142,179,19607365,134297.0205479452
2024-11-22,SILVER,5,5,8,955980,191196.0
2024-11-22,TITANIUM,1,1,1,104170,104170.0
2024-11-23,FAMILY,163,160,195,20485069,125675.26993865031
2024-11-23,SILVER,3,3,3,182870,60956.666666666664
2024-11-24,FAMILY,207,205,273,29026425,140224.27536231885
2024-11-24,SILVER,7,6,8,1080030,154290.0
2024-11-24,GOLD,1,1,1,97470,97470.0
2024-11-25,FAMILY,150,150,188,20469610,136464.06666666668
2024-11-25,SILVER,6,5,9,1837480,306246.6666666667
2024-11-25,GOLD,1,1,4,630000,630000.0
2024-11-25,TITANIUM,1,1,1,70550,70550.0
2024-11-26,FAMILY,171,169,207,21786210,127404.73684210527
2024-11-26,SILVER,9,9,11,649950,72216.66666666667
2024-11-26,TITANIUM,1,1,1,70820,70820.0
2024-11-27,FAMILY,238,234,287,30719139,129072.01260504202
2024-11-27,SILVER,4,4,4,568920,142230.0
2024-11-27,GOLD,2,2,2,232060,116030.0
2024-11-27,TITANIUM,1,1,1,138000,138000.0
2024-11-28,FAMILY,187,184,231,30164010,161304.86631016043
2024-11-28,SILVER,9,8,12,1897590,210843.33333333334
2024-11-28,GOLD,2,2,4,345410,172705.0
2024-11-28,TITANIUM,1,1,1,138000,138000.0
2024-11-29,FAMILY,152,151,194,25427240,167284.47368421053
2024-11-29,SILVER,4,4,6,934600,233650.0
2024-11-29,GOLD,1,1,1,229500,229500.0
2024-11-30,FAMILY,143,143,174,19458020,136070.06993006993
2024-11-30,SILVER,8,8,14,1217025,152128.125
2024-11-30,TITANIUM,1,1,4,353950,353950.0
2024-11-30,GOLD,1,1,1,182350,182350.0
2024-12-01,FAMILY,374,366,483,40127275,107292.17914438502
2024-12-01,SILVER,13,13,19,1933040,148695.38461538462
2024-12-01,TITANIUM,3,2,3,617550,205850.0
2024-12-01,GOLD,2,2,3,82180,41090.0
2024-12-02,FAMILY,217,216,272,28820644,132814.0276497696
2024-12-02,SILVER,10,10,15,1827450,182745.0
2024-12-02,GOLD,3,3,3,346510,115503.33333333333
2024-12-02,TITANIUM,2,1,2,181820,90910.0
2024-12-03,FAMILY,166,163,205,22291290,134284.8795180723
2024-12-03,SILVER,8,8,11,900500,112562.5
2024-12-03,TITANIUM,1,1,2,177470,177470.0
2024-12-03,GOLD,2,2,2,168600,84300.0
2024-12-04,FAMILY,136,133,177,17885730,131512.7205882353
2024-12-04,TITANIUM,2,1,3,396900,198450.0
2024-12-04,SILVER,3,3,3,303960,101320.0
2024-12-04,GOLD,2,2,4,189600,94800.0
2024-12-05,FAMILY,100,99,117,14343080,143430.8
2024-12-05,SILVER,3,3,3,298360,99453.33333333333
2024-12-05,TITANIUM,2,1,2,180700,90350.0
2024-12-06,FAMILY,177,171,242,29212370,165041.6384180791
2024-12-06,SILVER,16,13,21,4430700,276918.75
2024-12-06,GOLD,3,3,7,1304000,434666.6666666667
2024-12-06,TITANIUM,1,1,1,125400,125400.0
2024-12-07,FAMILY,114,114,137,16752500,146951.75438596492
2024-12-07,SILVER,3,3,3,425280,141760.0
2024-12-08,FAMILY,151,148,188,21403840,141747.28476821192
2024-12-08,SILVER,11,11,28,2473220,224838.18181818182
2024-12-08,TITANIUM,6,2,11,1207170,201195.0
2024-12-09,FAMILY,130,129,157,18522820,142483.23076923078
2024-12-09,SILVER,4,4,5,631500,157875.0
2024-12-09,TITANIUM,1,1,1,132300,132300.0
2024-12-09,GOLD,1,1,1,111510,111510.0
2024-12-10,FAMILY,124,115,163,17200689,138715.23387096773
2024-12-10,SILVER,4,4,5,705860,176465.0
2024-12-10,GOLD,2,2,4,185240,92620.0
2024-12-11,FAMILY,110,109,213,30668380,278803.45454545453
2024-12-11,SILVER,8,7,8,949110,118638.75
2024-12-11,TITANIUM,1,1,1,133840,133840.0
2024-12-11,GOLD,2,2,2,88000,44000.0
2024-12-12,FAMILY,101,97,136,13888410,137509.0099009901
2024-12-12,SILVER,4,4,7,495430,123857.5
2024-12-12,GOLD,2,2,2,146470,73235.0
2024-12-13,FAMILY,96,96,118,11149120,116136.66666666667
2024-12-13,TITANIUM,4,2,6,684540,171135.0
2024-12-13,GOLD,1,1,1,391480,391480.0
2024-12-13,SILVER,3,3,3,285570,95190.0
2024-12-14,FAMILY,82,82,116,11337030,138256.46341463414
2024-12-14,SILVER,4,4,4,351980,87995.0
2024-12-14,TITANIUM,1,1,2,278600,278600.0
2024-12-15,FAMILY,130,130,171,17578030,135215.61538461538
2024-12-15,SILVER,3,3,6,350960,116986.66666666667
2024-12-15,GOLD,1,1,2,208500,208500.0
2024-12-16,FAMILY,119,117,161,16099390,135288.99159663866
2024-12-16,SILVER,5,5,6,637470,127494.0
2024-12-16,GOLD,1,1,1,43160,43160.0
2024-12-17,FAMILY,101,99,140,13623170,134882.8712871287
2024-12-17,TITANIUM,1,1,1,117580,117580.0
2024-12-17,SILVER,1,1,1,60000,60000.0
2024-12-18,FAMILY,93,93,128,13456490,144693.44086021505
2024-12-18,SILVER,7,6,8,865320,123617.14285714286
2024-12-18,TITANIUM,2,2,4,372900,186450.0
2024-12-18,GOLD,2,2,2,88520,44260.0
2024-12-19,FAMILY,131,129,176,20185170,154085.26717557252
2024-12-19,SILVER,4,4,5,752580,188145.0
2024-12-19,GOLD,4,3,6,474700,118675.0
2024-12-19,TITANIUM,1,1,2,215600,215600.0
2024-12-20,FAMILY,101,101,125,13033630,129045.84158415842
2024-12-20,SILVER,3,2,3,223300,74433.33333333333
2024-12-20,TITANIUM,1,1,1,135290,135290.0
2024-12-21,FAMILY,89,86,131,12917360,145138.8764044944
2024-12-21,SILVER,4,4,5,195860,48965.0
2024-12-22,FAMILY,131,130,157,17903643,136669.03053435116
2024-12-22,SILVER,4,4,9,1003510,250877.5
2024-12-22,TITANIUM,1,1,1,139300,139300.0
2024-12-23,FAMILY,98,95,139,16165210,164951.1224489796
2024-12-23,SILVER,6,6,14,1134780,189130.0
2024-12-24,FAMILY,104,101,144,13792440,132619.61538461538
2024-12-24,SILVER,3,3,3,393380,131126.66666666666
2024-12-25,FAMILY,101,98,142,12131680,120115.64356435643
2024-12-25,SILVER,8,8,15,888860,111107.5
2024-12-26,FAMILY,103,103,146,10991260,106711.26213592233
2024-12-26,SILVER,3,3,3,278440,92813.33333333333
2024-12-26,GOLD,1,1,2,190500,190500.0
2024-12-26,TITANIUM,1,1,1,13750,13750.0
2024-12-27,FAMILY,88,87,108,9590150,108978.97727272728
2024-12-27,SILVER,4,4,4,295190,73797.5
2024-12-27,GOLD,2,1,2,109200,54600.0
2024-12-28,FAMILY,83,82,116,9841730,118575.06024096385
2024-12-28,SILVER,4,4,6,357950,89487.5
2024-12-28,TITANIUM,1,1,1,120940,120940.0
2024-12-29,FAMILY,97,96,148,12865340,132632.37113402062
2024-12-29,SILVER,6,6,7,584470,97411.66666666667
2024-12-29,TITANIUM,2,2,2,209720,104860.0
2024-12-30,FAMILY,76,74,91,9525380,125333.94736842105
2024-12-30,SILVER,7,7,16,1594620,227802.85714285713
2024-12-30,GOLD,1,1,1,215740,215740.0
2024-12-31,FAMILY,124,120,168,12277270,99010.24193548386
2024-12-31,SILVER,6,6,7,909390,151565.0
2025-01-01,FAMILY,83,82,111,9868360,118895.90361445783
2025-01-01,TITANIUM,3,2,6,657150,219050.0
2025-01-01,SILVER,4,4,8,424720,106180.0
2025-01-02,FAMILY,100,97,130,11739660,117396.6
2025-01-02,SILVER,7,7,12,1528650,218378.57142857142
2025-01-02,TITANIUM,1,1,4,550000,550000.0
2025-01-03,FAMILY,72,72,91,8954440,124367.22222222222
2025-01-03,SILVER,5,5,6,1092480,218496.0
2025-01-03,GOLD,2,2,2,265500,132750.0
2025-01-04,FAMILY,56,56,69,7215640,128850.71428571429
2025-01-04,SILVER,4,4,9,1396240,349060.0
2025-01-04,TITANIUM,2,2,3,402660,201330.0
2025-01-04,GOLD,1,1,2,190000,190000.0
2025-01-05,FAMILY,76,76,91,9928900,130643.42105263157
2025-01-05,SILVER,4,4,6,525490,131372.5
2025-01-06,FAMILY,80,79,103,9154660,114433.25
2025-01-06,SILVER,7,6,14,1368930,195561.42857142858
2025-01-06,GOLD,1,1,1,35450,35450.0
2025-01-07,FAMILY,90,90,107,11386620,126518.0
2025-01-07,SILVER,5,5,5,1070030,214006.0
2025-01-07,TITANIUM,2,2,6,787560,393780.0
2025-01-08,FAMILY,91,89,117,11783830,129492.63736263737
2025-01-08,SILVER,10,10,14,2221310,222131.0
2025-01-09,FAMILY,84,83,99,11263540,134089.7619047619
2025-01-09,SILVER,9,9,24,1271470,141274.44444444444
2025-01-09,TITANIUM,2,2,8,1040790,520395.0
2025-01-09,GOLD,1,1,1,125300,125300.0
2025-01-10,FAMILY,83,80,105,11212030,135084.6987951807
2025-01-10,GOLD,3,2,4,979310,326436.6666666667
2025-01-10,SILVER,4,4,4,625230,156307.5
2025-01-10,TITANIUM,2,2,2,152500,76250.0
2025-01-11,FAMILY,66,66,87,7946180,120396.66666666667
2025-01-11,SILVER,8,8,8,1329430,166178.75
2025-01-12,FAMILY,82,81,101,9458870,115352.0731707317
2025-01-12,SILVER,11,9,19,1556640,141512.72727272726
2025-01-12,GOLD,1,1,1,209300,209300.0
2025-01-13,FAMILY,181,178,254,17340790,95805.46961325967
2025-01-13,SILVER,19,19,29,3865510,203447.8947368421
2025-01-13,TITANIUM,3,3,4,176580,58860.0
2025-01-14,FAMILY,105,104,137,10870620,103529.71428571429
2025-01-14,SILVER,10,10,34,3542400,354240.0
2025-01-14,TITANIUM,1,1,4,165500,165500.0
2025-01-15,FAMILY,83,83,106,7101440,85559.51807228915
2025-01-15,SILVER,12,11,21,2346040,195503.33333333334
2025-01-15,GOLD,1,1,1,652530,652530.0
2025-01-16,FAMILY,90,88,122,9835840,109287.11111111111
2025-01-16,SILVER,10,10,23,2815730,281573.0
2025-01-17,FAMILY,72,72,90,7151490,99326.25
2025-01-17,SILVER,8,8,10,357710,44713.75
2025-01-17,TITANIUM,1,1,1,120000,120000.0
2025-01-17,GOLD,1,1,1,53550,53550.0
2025-01-18,FAMILY,51,51,66,5353540,104971.37254901961
2025-01-18,SILVER,3,3,3,458240,152746.66666666666
2025-01-18,GOLD,1,1,1,191200,191200.0
2025-01-18,TITANIUM,1,1,1,87470,87470.0
2025-01-19,FAMILY,68,68,94,7835750,115231.61764705883
2025-01-19,SILVER,8,7,14,1140460,142557.5
2025-01-20,FAMILY,61,61,82,6855790,112390.0
2025-01-20,SILVER,8,8,8,1121970,140246.25
2025-01-20,GOLD,1,1,1,38000,38000.0
2025-01-21,FAMILY,77,76,96,9390843,121959.0
2025-01-21,SILVER,13,13,27,3152960,242535.38461538462
2025-01-22,FAMILY,105,105,132,10087720,96073.52380952382
2025-01-22,SILVER,13,13,22,1820940,140072.3076923077
2025-01-23,FAMILY,86,86,112,8117570,94390.3488372093
2025-01-23,SILVER,5,5,6,1047060,209412.0
2025-01-23,GOLD,4,3,5,705140,176285.0
2025-01-24,FAMILY,55,53,68,5851903,106398.23636363636
2025-01-24,SILVER,3,3,3,303730,101243.33333333333
2025-01-24,TITANIUM,1,1,1,85390,85390.0
2025-01-25,FAMILY,41,41,44,3174400,77424.39024390244
2025-01-25,SILVER,3,3,8,788510,262836.6666666667
2025-01-26,FAMILY,565,559,702,26408220,46740.21238938053
2025-01-26,SILVER,21,21,26,2243750,106845.23809523809
2025-01-26,GOLD,2,2,2,168420,84210.0
2025-01-26,TITANIUM,1,1,1,70300,70300.0
2025-01-27,FAMILY,426,426,510,22072853,51814.2089201878
2025-01-27,SILVER,25,25,34,2779620,111184.8
2025-01-27,GOLD,4,4,8,473480,118370.0
2025-01-28,FAMILY,176,174,216,10406390,59127.21590909091
2025-01-28,SILVER,10,10,19,1390210,139021.0
2025-01-29,FAMILY,119,118,135,7364570,61887.142857142855
2025-01-29,SILVER,9,9,13,1123960,124884.44444444444
2025-01-29,GOLD,1,1,1,189300,189300.0
2025-01-29,TITANIUM,1,1,1,87670,87670.0
2025-01-30,FAMILY,200,200,230,14698830,73494.15
2025-01-30,SILVER,9,9,9,786950,87438.88888888889
2025-01-30,TITANIUM,2,2,6,376410,188205.0
2025-01-30,GOLD,1,1,1,68500,68500.0
2025-01-31,FAMILY,952,951,1111,47735090,50141.9012605042
2025-01-31,SILVER,31,30,45,3301620,106503.87096774194
2025-01-31,TITANIUM,4,3,4,255910,63977.5
2025-01-31,GOLD,3,3,4,233850,77950.0
2025-02-01,FAMILY,46,46,48,4468110,97132.82608695653
2025-02-01,SILVER,3,3,4,447650,149216.66666666666
2025-02-02,FAMILY,55,54,64,7448830,135433.27272727274
2025-02-02,TITANIUM,1,1,7,882950,882950.0
2025-02-02,SILVER,3,3,5,597080,199026.66666666666
2025-02-03,FAMILY,44,44,46,4495850,102178.40909090909
2025-02-03,SILVER,2,2,2,217100,108550.0
2025-02-03,TITANIUM,1,1,1,90300,90300.0
2025-02-03,GOLD,1,1,1,44000,44000.0
2025-02-04,FAMILY,56,55,63,6589580,117671.07142857143
2025-02-04,SILVER,5,5,10,691410,138282.0
2025-02-04,GOLD,1,1,1,74500,74500.0
2025-02-05,FAMILY,73,71,91,8602270,117839.31506849315
2025-02-05,SILVER,8,8,13,2509860,313732.5
2025-02-06,FAMILY,62,61,69,8108520,130782.58064516129
2025-02-06,SILVER,10,10,16,3117230,311723.0
2025-02-06,TITANIUM,3,2,6,680300,226766.66666666666
2025-02-06,GOLD,1,1,1,144000,144000.0
2025-02-07,FAMILY,95,90,107,9271090,97590.42105263157
2025-02-07,SILVER,9,9,13,1428260,158695.55555555556
2025-02-07,GOLD,1,1,1,25040,25040.0
2025-02-08,FAMILY,49,48,57,5201440,106151.83673469388
2025-02-08,SILVER,9,8,10,1356260,150695.55555555556
2025-02-08,GOLD,3,2,6,409970,136656.66666666666
2025-02-08,TITANIUM,1,1,2,240000,240000.0
2025-02-09,FAMILY,84,83,99,10418220,124026.42857142857
2025-02-09,SILVER,13,13,22,2675670,205820.76923076922
2025-02-09,GOLD,1,1,1,142090,142090.0
2025-02-10,FAMILY,63,63,73,6973740,110694.28571428571
2025-02-10,SILVER,12,11,71,2819600,234966.66666666666
2025-02-10,TITANIUM,2,2,3,330260,165130.0
2025-02-10,GOLD,1,1,1,79500,79500.0
2025-02-11,FAMILY,52,51,63,5719700,109994.23076923077
2025-02-11,SILVER,11,11,11,1360570,123688.18181818182
2025-02-11,TITANIUM,2,1,7,370000,185000.0
2025-02-11,GOLD,2,2,2,194880,97440.0
2025-02-12,FAMILY,50,50,59,5047260,100945.2
2025-02-12,SILVER,1,1,1,395830,395830.0
2025-02-12,GOLD,2,2,2,16970,8485.0
2025-02-13,FAMILY,68,68,77,7233720,106378.23529411765
2025-02-13,SILVER,9,9,15,1392830,154758.88888888888
2025-02-13,TITANIUM,1,1,4,67200,67200.0
2025-02-14,FAMILY,71,68,98,6686600,94177.4647887324
2025-02-14,SILVER,9,9,13,1349800,149977.77777777778
2025-02-14,TITANIUM,2,2,4,561660,280830.0
2025-02-15,FAMILY,46,45,58,5757080,125153.91304347826
2025-02-15,SILVER,5,5,9,1093720,218744.0
2025-02-16,FAMILY,62,60,76,6850780,110496.45161290323
2025-02-16,SILVER,8,7,11,1948700,243587.5
2025-02-16,TITANIUM,1,1,2,300000,300000.0
2025-02-16,GOLD,2,2,2,184540,92270.0
2025-02-17,FAMILY,65,61,86,7933840,122059.07692307692
2025-02-17,SILVER,9,9,13,1033590,114843.33333333333
2025-02-17,GOLD,2,2,5,282700,141350.0
2025-02-18,FAMILY,57,56,83,6565500,115184.21052631579
2025-02-18,SILVER,5,5,7,686660,137332.0
2025-02-18,GOLD,1,1,1,141300,141300.0
2025-02-18,TITANIUM,1,1,1,30270,30270.0
2025-02-19,FAMILY,55,53,138,10567550,192137.27272727274
2025-02-19,SILVER,7,6,17,2036390,290912.85714285716
2025-02-19,GOLD,2,2,4,86600,43300.0
2025-02-20,FAMILY,111,110,131,12705135,114460.67567567568
2025-02-20,SILVER,21,21,32,4580588,218123.2380952381
2025-02-20,TITANIUM,2,2,3,368970,184485.0
2025-02-21,FAMILY,76,76,87,7955102,104672.3947368421
2025-02-21,SILVER,11,9,14,1946790,176980.9090909091
2025-02-21,GOLD,1,1,1,34500,34500.0
2025-02-22,FAMILY,58,58,74,5766679,99425.5
2025-02-22,SILVER,3,3,8,398876,132958.66666666666
2025-02-23,FAMILY,79,79,101,8811495,111537.91139240506
2025-02-23,SILVER,10,10,11,1490200,149020.0
2025-02-23,GOLD,2,2,2,414790,207395.0
2025-02-24,FAMILY,71,71,80,8494798,119645.04225352113
2025-02-24,SILVER,6,6,8,962920,160486.66666666666
2025-02-25,FAMILY,59,59,68,6933322,117513.93220338984
2025-02-25,SILVER,9,9,28,2022419,224713.22222222222
2025-02-25,GOLD,1,1,2,35000,35000.0
2025-02-26,FAMILY,62,61,72,5793090,93436.93548387097
2025-02-26,SILVER,8,8,16,1358722,169840.25
2025-02-26,GOLD,2,2,2,344240,172120.0
2025-02-27,FAMILY,56,56,91,7002042,125036.46428571429
2025-02-27,SILVER,8,8,40,1421748,177718.5
2025-02-27,GOLD,1,1,6,369210,369210.0
2025-02-28,FAMILY,41,41,43,3343897,81558.46341463414
2025-02-28,SILVER,4,4,10,371066,92766.5
2025-03-01,FAMILY,57,57,72,5662768,99346.80701754386
2025-03-01,SILVER,6,6,17,1114250,185708.33333333334
2025-03-02,FAMILY,55,55,61,6178596,112338.10909090909
2025-03-02,SILVER,5,5,9,1504760,300952.0
2025-03-02,GOLD,1,1,2,273440,273440.0
2025-03-02,TITANIUM,1,1,1,100000,100000.0
2025-03-03,FAMILY,70,70,102,7681557,109736.52857142857
2025-03-03,SILVER,7,7,8,1007622,143946.0
2025-03-03,GOLD,1,1,1,70000,70000.0
2025-03-04,FAMILY,52,52,62,5895728,113379.38461538461
2025-03-04,SILVER,3,3,3,267300,89100.0
2025-03-05,FAMILY,53,53,73,5196859,98053.94339622642
2025-03-05,SILVER,4,4,6,449882,112470.5
2025-03-05,GOLD,1,1,1,200970,200970.0
2025-03-06,FAMILY,60,60,69,6506550,108442.5
2025-03-06,SILVER,5,5,8,1102330,220466.0
2025-03-06,GOLD,3,3,8,811910,270636.6666666667
2025-03-06,TITANIUM,2,2,7,582600,291300.0
2025-03-07,FAMILY,60,60,80,6315868,105264.46666666666
2025-03-07,SILVER,2,2,2,340272,170136.0
2025-03-08,FAMILY,51,50,76,5638724,110563.2156862745
2025-03-08,SILVER,5,5,7,606050,121210.0
2025-03-09,FAMILY,63,63,79,6265970,99459.84126984127
2025-03-09,GOLD,4,4,4,644508,161127.0
2025-03-09,SILVER,5,4,8,560864,112172.8
2025-03-10,FAMILY,52,51,218,13599090,261520.96153846153
2025-03-10,SILVER,3,3,4,434610,144870.0
2025-03-10,GOLD,1,1,1,94000,94000.0
2025-03-11,FAMILY,50,49,73,5564160,111283.2
2025-03-11,SILVER,6,6,9,1044050,174008.33333333334
2025-03-11,GOLD,2,2,9,369640,184820.0
2025-03-12,FAMILY,49,47,57,5048190,103024.28571428571
2025-03-12,SILVER,5,5,8,645580,129116.0
2025-03-12,GOLD,1,1,1,111300,111300.0
2025-03-13,FAMILY,70,67,106,6540230,93431.85714285714
2025-03-13,TITANIUM,2,1,2,350000,175000.0
2025-03-13,SILVER,3,2,3,175070,58356.666666666664
2025-03-14,FAMILY,50,48,62,5414010,108280.2
2025-03-14,SILVER,7,5,10,872090,124584.28571428571
2025-03-14,GOLD,1,1,1,57000,57000.0
2025-03-15,FAMILY,64,63,76,5244540,81945.9375
2025-03-15,SILVER,9,9,15,1366790,151865.55555555556
2025-03-16,FAMILY,55,55,76,5333430,96971.45454545454
2025-03-16,SILVER,10,9,14,1180460,118046.0
2025-03-16,TITANIUM,1,1,1,99000,99000.0
2025-03-17,FAMILY,57,56,78,5599230,98232.1052631579
2025-03-17,SILVER,5,5,6,939800,187960.0
2025-03-18,FAMILY,38,38,49,3350549,88172.34210526316
2025-03-18,SILVER,6,6,15,1072860,178810.0
2025-03-18,GOLD,1,1,1,134500,134500.0
2025-03-19,FAMILY,65,62,83,5418080,83355.07692307692
2025-03-19,SILVER,5,5,5,314060,62812.0
2025-03-20,FAMILY,65,65,75,5396500,83023.07692307692
2025-03-20,SILVER,6,6,6,439610,73268.33333333333
2025-03-21,FAMILY,52,50,82,5042820,96977.30769230769
2025-03-21,SILVER,5,5,8,748480,149696.0
2025-03-21,GOLD,1,1,2,154000,154000.0
2025-03-22,FAMILY,39,39,49,4112540,105449.7435897436
2025-03-22,GOLD,1,1,4,298200,298200.0
2025-03-22,SILVER,2,2,3,95140,47570.0
2025-03-23,FAMILY,58,56,81,5426110,93553.62068965517
2025-03-23,SILVER,5,5,10,662840,132568.0
2025-03-24,FAMILY,61,60,85,5564270,91217.54098360655
2025-03-24,SILVER,1,1,1,62300,62300.0
2025-03-25,FAMILY,61,61,96,6599800,108193.44262295082
2025-03-25,SILVER,7,7,23,2035340,290762.85714285716
2025-03-25,TITANIUM,1,1,3,357300,357300.0
2025-03-25,GOLD,1,1,1,56150,56150.0
2025-03-26,FAMILY,47,47,58,4079140,86790.21276595745
2025-03-26,SILVER,7,5,17,1265160,180737.14285714287
2025-03-27,FAMILY,37,37,60,3709990,100270.0
2025-03-27,SILVER,5,5,24,423210,84642.0
2025-03-27,GOLD,1,1,2,119000,119000.0
2025-03-28,FAMILY,37,37,54,3533250,95493.24324324324
2025-03-28,SILVER,7,6,9,1276790,182398.57142857142
2025-03-28,GOLD,1,1,1,81670,81670.0
2025-03-29,FAMILY,38,38,46,3591610,94516.05263157895
2025-03-29,SILVER,3,3,6,264360,88120.0
2025-03-29,GOLD,1,1,2,123000,123000.0
2025-03-30,FAMILY,31,31,35,2571500,82951.6129032258
2025-03-30,SILVER,9,8,12,1284710,142745.55555555556
2025-03-30,GOLD,1,1,1,124190,124190.0
2025-03-31,FAMILY,35,35,41,2748660,78533.14285714286
2025-03-31,SILVER,5,5,5,402030,80406.0
2025-04-01,FAMILY,51,49,70,4966550,97383.33333333333
2025-04-01,SILVER,8,7,11,898160,112270.0
2025-04-01,GOLD,1,1,1,87630,87630.0
2025-04-02,FAMILY,44,44,69,4459570,101353.86363636363
2025-04-02,SILVER,6,5,11,1298050,216341.66666666666
2025-04-03,FAMILY,68,68,96,6528915,96013.45588235294
2025-04-03,SILVER,8,8,8,501400,62675.0
2025-04-04,FAMILY,50,50,194,10003930,200078.6
2025-04-04,SILVER,11,9,11,905230,82293.63636363637
2025-04-04,TITANIUM,1,1,4,350200,350200.0
2025-04-05,FAMILY,42,41,49,3055815,72757.5
2025-04-05,SILVER,6,6,10,646800,107800.0
2025-04-06,FAMILY,55,55,67,4216860,76670.18181818182
2025-04-06,SILVER,5,4,8,953290,190658.0
2025-04-07,FAMILY,58,54,107,6878380,118592.75862068965
2025-04-07,SILVER,6,6,10,521620,86936.66666666667
2025-04-07,GOLD,1,1,1,161100,161100.0
2025-04-08,FAMILY,49,47,79,5305215,108269.69387755102
2025-04-08,SILVER,7,7,8,731150,104450.0
2025-04-08,GOLD,1,1,1,71100,71100.0
2025-04-09,FAMILY,45,44,64,3655515,81233.66666666667
2025-04-09,SILVER,7,7,7,513400,73342.85714285714
2025-04-09,GOLD,2,2,5,284150,142075.0
2025-04-10,FAMILY,65,64,86,5810125,89386.53846153847
2025-04-10,SILVER,4,4,9,696960,174240.0
2025-04-10,GOLD,1,1,1,70610,70610.0
2025-04-11,FAMILY,57,57,84,5553700,97433.33333333333
2025-04-11,SILVER,8,8,13,821445,102680.625
2025-04-11,GOLD,1,1,1,85870,85870.0
2025-04-12,FAMILY,46,46,62,3829240,83244.34782608696
2025-04-12,GOLD,1,1,10,1156500,1156500.0
2025-04-12,SILVER,6,6,10,665630,110938.33333333333
2025-04-13,FAMILY,74,73,97,6450780,87172.7027027027
2025-04-13,SILVER,6,6,15,854360,142393.33333333334
2025-04-13,GOLD,2,2,3,155420,77710.0
2025-04-14,FAMILY,67,67,95,6378910,95207.6119402985
2025-04-14,SILVER,8,8,14,942230,117778.75
2025-04-14,GOLD,2,1,2,218000,109000.0
2025-04-15,FAMILY,65,65,101,4892915,75275.61538461539
2025-04-15,SILVER,10,10,16,1604270,160427.0
2025-04-16,FAMILY,56,55,85,5208895,93015.98214285714
2025-04-16,SILVER,7,7,14,809500,115642.85714285714
2025-04-16,GOLD,2,2,4,164440,82220.0
2025-04-17,FAMILY,66,64,86,4532530,68674.69696969698
2025-04-17,SILVER,6,6,12,712420,118736.66666666667
2025-04-18,FAMILY,89,89,144,7570060,85056.85393258427
2025-04-18,SILVER,9,9,13,699850,77761.11111111111
2025-04-18,GOLD,2,2,3,209600,104800.0
2025-04-19,FAMILY,41,40,68,3762680,91772.68292682926
2025-04-19,SILVER,7,7,17,662850,94692.85714285714
2025-04-20,FAMILY,62,58,97,4407640,71090.96774193548
2025-04-20,SILVER,6,6,12,604730,100788.33333333333
2025-04-20,GOLD,1,1,1,139000,139000.0
2025-04-21,FAMILY,75,75,121,6676120,89014.93333333333
2025-04-21,SILVER,12,11,24,2543330,211944.16666666666
2025-04-21,GOLD,1,1,2,100020,100020.0
2025-04-22,FAMILY,62,62,80,5407710,87221.12903225806
2025-04-22,SILVER,6,6,6,454240,75706.66666666667
2025-04-22,GOLD,2,2,2,107970,53985.0
2025-04-23,FAMILY,68,66,112,6430490,94566.0294117647
2025-04-23,SILVER,10,8,19,1105910,110591.0
2025-04-24,FAMILY,85,82,119,7569580,89053.88235294117
2025-04-24,SILVER,12,12,20,1616620,134718.33333333334
2025-04-25,FAMILY,67,66,116,7432130,110927.31343283581
2025-04-25,SILVER,12,12,21,1234240,102853.33333333333
2025-04-26,FAMILY,49,49,66,4333540,88439.59183673469
2025-04-26,SILVER,5,5,7,429300,85860.0
2025-04-27,FAMILY,67,66,89,5972560,89142.68656716419
2025-04-27,SILVER,5,5,18,1846780,369356.0
2025-04-27,TITANIUM,1,1,6,436880,436880.0
2025-04-27,GOLD,1,1,5,372110,372110.0
2025-04-28,FAMILY,75,74,88,6683430,89112.4
2025-04-28,SILVER,2,2,2,186550,93275.0
2025-04-28,GOLD,1,1,1,130900,130900.0
2025-04-29,FAMILY,39,39,50,3444970,88332.56410256411
2025-04-29,SILVER,7,6,15,914870,130695.71428571429
2025-04-30,FAMILY,167,167,218,8419960,50418.922155688626
2025-04-30,SILVER,11,11,18,1370000,124545.45454545454
2025-04-30,GOLD,2,1,2,139950,69975.0
2025-05-01,FAMILY,104,104,119,5752310,55310.67307692308
2025-05-01,SILVER,15,15,20,1322500,88166.66666666667
2025-05-01,GOLD,2,2,2,153690,76845.0
2025-05-02,FAMILY,55,55,67,3323520,60427.63636363636
2025-05-02,GOLD,2,2,11,1805700,902850.0
2025-05-02,SILVER,10,10,18,996820,99682.0
2025-05-03,FAMILY,61,61,77,3934800,64504.91803278688
2025-05-03,SILVER,8,7,12,856640,107080.0
2025-05-03,GOLD,3,3,8,537600,179200.0
2025-05-04,FAMILY,52,52,82,5061920,97344.61538461539
2025-05-04,SILVER,4,4,4,292600,73150.0
2025-05-04,GOLD,1,1,1,39000,39000.0
2025-05-05,FAMILY,55,55,67,3535880,64288.72727272727
2025-05-05,TITANIUM,1,1,2,337930,337930.0
2025-05-05,SILVER,3,3,6,296950,98983.33333333333
2025-05-05,GOLD,1,1,3,117000,117000.0
2025-05-06,FAMILY,93,92,115,6791120,73022.79569892473
2025-05-06,SILVER,6,5,10,1042460,173743.33333333334
2025-05-06,GOLD,2,2,5,579290,289645.0
2025-05-07,FAMILY,66,66,78,5391980,81696.66666666667
2025-05-07,SILVER,11,11,15,1224620,111329.09090909091
2025-05-08,FAMILY,46,46,62,4176650,90796.73913043478
2025-05-08,SILVER,4,4,6,406220,101555.0
2025-05-08,GOLD,1,1,1,97000,97000.0
2025-05-09,FAMILY,50,49,67,3580700,71614.0
2025-05-09,SILVER,8,7,11,1061670,132708.75
2025-05-09,TITANIUM,1,1,3,61740,61740.0
2025-05-10,FAMILY,47,47,61,2973030,63255.95744680851
2025-05-10,SILVER,2,2,2,151350,75675.0
2025-05-10,GOLD,2,2,2,136110,68055.0
2025-05-11,FAMILY,392,390,477,18631590,47529.566326530614
2025-05-11,SILVER,31,30,49,3294600,106277.41935483871
2025-05-11,GOLD,1,1,3,192710,192710.0
2025-05-12,FAMILY,55,54,90,4477950,81417.27272727272
2025-05-12,SILVER,4,4,7,682340,170585.0
2025-05-13,FAMILY,45,44,55,2694600,59880.0
2025-05-13,TITANIUM,1,1,4,398000,398000.0
2025-05-13,SILVER,5,5,5,330740,66148.0
2025-05-13,GOLD,1,1,1,88500,88500.0
2025-05-14,FAMILY,46,45,60,4417890,96041.08695652174
2025-05-14,SILVER,6,6,8,729600,121600.0
2025-05-14,TITANIUM,1,1,1,105610,105610.0
2025-05-14,GOLD,1,1,2,65500,65500.0
2025-05-15,FAMILY,54,54,75,5002830,92645.0
2025-05-15,SILVER,7,7,9,599900,85700.0
2025-05-16,FAMILY,57,55,88,4959920,87016.14035087719
2025-05-16,SILVER,5,5,9,723350,144670.0
2025-05-16,GOLD,1,1,1,39500,39500.0
2025-05-17,FAMILY,33,33,42,3042020,92182.42424242424
2025-05-17,SILVER,4,3,5,513700,128425.0
2025-05-18,FAMILY,40,38,56,3318460,82961.5
2025-05-18,SILVER,5,5,6,545080,109016.0
2025-05-19,FAMILY,49,47,61,3420070,69797.3469387755
2025-05-19,SILVER,8,7,11,968890,121111.25
2025-05-20,FAMILY,59,58,73,4588700,77774.57627118644
2025-05-20,GOLD,4,4,20,1211160,302790.0
2025-05-20,SILVER,7,7,16,997320,142474.2857142857
2025-05-20,TITANIUM,1,1,3,58500,58500.0
2025-05-21,FAMILY,67,64,110,7583040,113179.70149253731
2025-05-21,SILVER,10,9,21,1583210,158321.0
2025-05-22,FAMILY,51,51,80,4775510,93637.45098039215
2025-05-22,SILVER,9,9,22,1611230,179025.55555555556
2025-05-22,GOLD,1,1,1,19450,19450.0
2025-05-23,FAMILY,51,51,66,4114920,80684.70588235294
2025-05-23,SILVER,4,4,4,316860,79215.0
2025-05-23,GOLD,1,1,4,71000,71000.0
2025-05-24,FAMILY,45,43,55,3117510,69278.0
2025-05-24,SILVER,7,6,9,691480,98782.85714285714
2025-05-24,GOLD,1,1,6,307210,307210.0
2025-05-25,FAMILY,56,56,73,4969470,88740.53571428571
2025-05-25,GOLD,1,1,2,106320,106320.0
2025-05-26,FAMILY,69,68,101,5653270,81931.44927536232
2025-05-26,GOLD,1,1,18,2250160,2250160.0
2025-05-26,SILVER,8,8,12,960100,120012.5
2025-05-27,FAMILY,55,54,71,4422120,80402.18181818182
2025-05-27,SILVER,6,6,13,849270,141545.0
2025-05-27,GOLD,1,1,1,83540,83540.0
2025-05-28,FAMILY,51,50,68,3267490,64068.43137254902
2025-05-28,SILVER,9,9,12,1297590,144176.66666666666
2025-05-28,TITANIUM,1,1,4,130000,130000.0
2025-05-29,FAMILY,98,98,131,8384460,85555.71428571429
2025-05-29,SILVER,8,7,11,640220,80027.5
2025-05-29,GOLD,1,1,1,24500,24500.0
2025-05-30,FAMILY,49,47,60,3599420,73457.55102040817
2025-05-30,SILVER,4,4,6,668230,167057.5
2025-05-31,FAMILY,54,54,60,4134630,76567.22222222222
2025-05-31,SILVER,6,6,9,452010,75335.0
2025-05-31,GOLD,1,1,3,151000,151000.0
2025-06-01,FAMILY,59,59,78,3852020,65288.47457627119
2025-06-01,SILVER,9,9,22,1645300,182811.11111111112
2025-06-02,FAMILY,55,54,69,4503570,81883.09090909091
2025-06-02,SILVER,10,10,20,1561590,156159.0
2025-06-02,TITANIUM,1,1,3,157000,157000.0
2025-06-03,FAMILY,50,50,64,4060950,81219.0
2025-06-03,SILVER,1,1,1,80550,80550.0
2025-06-03,TITANIUM,1,1,1,59000,59000.0
2025-06-04,FAMILY,48,48,104,7404080,154251.66666666666
2025-06-04,SILVER,3,3,3,137600,45866.666666666664
2025-06-04,GOLD,1,1,1,75450,75450.0
2025-06-05,FAMILY,36,35,53,3096610,86016.94444444444
2025-06-05,SILVER,4,4,6,316710,79177.5
2025-06-06,FAMILY,45,45,56,2970830,66018.44444444444
2025-06-06,SILVER,3,3,3,201360,67120.0
2025-06-07,FAMILY,54,53,73,4282450,79304.62962962964
2025-06-07,SILVER,3,3,4,254890,84963.33333333333
2025-06-08,FAMILY,113,111,150,8463490,74898.14159292035
2025-06-08,SILVER,13,12,19,1518600,116815.38461538461
2025-06-08,GOLD,1,1,1,47200,47200.0
2025-06-09,FAMILY,75,74,103,6354750,84730.0
2025-06-09,GOLD,2,2,11,1816520,908260.0
2025-06-09,SILVER,2,2,4,329090,164545.0
2025-06-09,TITANIUM,1,1,2,98100,98100.0
2025-06-10,FAMILY,70,69,90,5550910,79298.71428571429
2025-06-10,SILVER,5,5,8,596070,119214.0
2025-06-10,GOLD,2,2,5,447730,223865.0
2025-06-11,FAMILY,67,67,96,5934780,88578.80597014926
2025-06-11,SILVER,7,7,12,1107140,158162.85714285713
2025-06-12,FAMILY,79,79,105,6763080,85608.60759493671
2025-06-12,SILVER,9,9,35,1463630,162625.55555555556
2025-06-12,GOLD,1,1,1,32000,32000.0
2025-06-13,FAMILY,60,60,76,4533710,75561.83333333333
2025-06-13,SILVER,4,4,12,651160,162790.0
2025-06-13,GOLD,2,2,3,162770,81385.0
2025-06-14,FAMILY,81,79,104,7062100,87186.41975308642
2025-06-14,SILVER,4,4,5,321230,80307.5
2025-06-14,GOLD,1,1,1,47200,47200.0
2025-06-15,FAMILY,77,77,112,6488670,84268.44155844155
2025-06-15,SILVER,8,8,13,994420,124302.5
2025-06-15,GOLD,3,3,3,224880,74960.0
2025-06-16,FAMILY,64,62,78,4676610,73072.03125
2025-06-16,SILVER,6,6,12,732120,122020.0
2025-06-16,GOLD,4,4,6,472440,118110.0
2025-06-17,FAMILY,76,76,221,10003160,131620.52631578947
2025-06-17,SILVER,3,3,3,140400,46800.0
2025-06-17,GOLD,1,1,1,99500,99500.0
2025-06-18,FAMILY,61,61,80,4674040,76623.60655737705
2025-06-18,SILVER,5,5,49,1907940,381588.0
2025-06-18,TITANIUM,1,1,8,1196670,1196670.0
2025-06-18,GOLD,2,2,3,325300,162650.0
2025-06-19,FAMILY,71,70,97,5864460,82598.02816901408
2025-06-19,SILVER,8,8,23,2325640,290705.0
2025-06-20,FAMILY,115,112,134,9820430,85395.04347826086
2025-06-20,SILVER,11,11,13,1163610,105782.72727272728
2025-06-20,GOLD,5,3,10,596750,119350.0
2025-06-21,FAMILY,51,50,71,4583360,89869.80392156863
2025-06-21,SILVER,6,6,9,518240,86373.33333333333
2025-06-21,GOLD,1,1,4,124420,124420.0
2025-06-22,FAMILY,66,66,77,5450070,82576.81818181818
2025-06-22,SILVER,3,3,5,465450,155150.0
2025-06-22,GOLD,1,1,2,238000,238000.0
2025-06-23,FAMILY,66,66,87,5449920,82574.54545454546
2025-06-23,SILVER,5,5,8,505580,101116.0
2025-06-24,FAMILY,54,54,68,4059850,75182.4074074074
2025-06-24,SILVER,10,9,15,1460790,146079.0
2025-06-24,GOLD,2,2,3,226140,113070.0
2025-06-25,FAMILY,63,63,76,5068260,80448.57142857143
2025-06-25,SILVER,9,9,11,975420,108380.0
2025-06-25,GOLD,4,4,4,224870,56217.5
2025-06-26,FAMILY,58,57,69,4974370,85765.0
2025-06-26,TITANIUM,1,1,5,364300,364300.0
2025-06-26,GOLD,4,3,4,276710,69177.5
2025-06-26,SILVER,1,1,1,49280,49280.0
2025-06-27,FAMILY,193,177,212,10244430,53079.9481865285
2025-06-27,GOLD,1,1,14,2278980,2278980.0
2025-06-27,SILVER,5,4,6,577060,115412.0
2025-06-28,FAMILY,72,68,89,4860090,67501.25
2025-06-28,SILVER,5,5,14,976090,195218.0
2025-06-29,FAMILY,76,74,83,5052610,66481.71052631579
2025-06-29,GOLD,2,2,6,331680,165840.0
2025-06-29,TITANIUM,2,2,2,156430,78215.0
2025-06-29,SILVER,2,2,4,134930,67465.0
2025-06-30,FAMILY,77,76,180,9692630,125878.31168831169
2025-06-30,SILVER,6,6,8,803760,133960.0
2025-06-30,GOLD,2,1,2,82000,41000.0
2025-07-01,FAMILY,60,60,90,5301690,88361.5
2025-07-01,SILVER,6,5,12,739520,123253.33333333333
2025-07-01,GOLD,1,1,1,62300,62300.0
2025-07-02,FAMILY,75,72,98,5356510,71420.13333333333
2025-07-02,SILVER,5,5,10,833970,166794.0
2025-07-03,FAMILY,69,67,87,4945870,71679.27536231885
2025-07-03,SILVER,7,7,10,583030,83290.0
2025-07-04,FAMILY,84,82,115,6003910,71475.11904761905
2025-07-04,SILVER,14,13,36,2084830,148916.42857142858
2025-07-04,GOLD,3,3,5,281950,93983.33333333333
2025-07-05,FAMILY,67,66,99,5918320,88333.13432835821
2025-07-05,SILVER,7,7,17,1116370,159481.42857142858
2025-07-06,FAMILY,93,93,124,6890180,74087.95698924731
2025-07-06,SILVER,6,6,12,878840,146473.33333333334
2025-07-07,FAMILY,91,91,128,7294435,80158.62637362638
2025-07-07,SILVER,12,11,21,886940,73911.66666666667
2025-07-07,GOLD,5,4,6,514260,102852.0
2025-07-07,TITANIUM,1,1,2,194750,194750.0
2025-07-08,FAMILY,101,101,144,8472385,83885.0
2025-07-08,SILVER,8,8,12,798115,99764.375
2025-07-08,GOLD,1,1,3,175100,175100.0
2025-07-09,FAMILY,110,104,176,12630055,114818.68181818182
2025-07-09,SILVER,18,17,48,3557755,197653.05555555556
2025-07-09,GOLD,2,2,3,214210,107105.0
2025-07-10,FAMILY,75,75,108,7358985,98119.8
2025-07-10,SILVER,13,13,25,1592595,122507.30769230769
2025-07-11,FAMILY,73,71,102,6311175,86454.45205479451
2025-07-11,SILVER,10,10,19,1127875,112787.5
2025-07-11,GOLD,1,1,3,187500,187500.0
2025-07-12,FAMILY,61,60,94,5800740,95094.09836065574
2025-07-12,SILVER,13,9,29,2171435,167033.46153846153
2025-07-13,FAMILY,73,73,124,6773975,92794.17808219178
2025-07-13,SILVER,7,7,13,630620,90088.57142857143
2025-07-13,GOLD,1,1,2,311485,311485.0
2025-07-14,FAMILY,65,58,86,6228650,95825.38461538461
2025-07-14,SILVER,8,8,21,1448970,181121.25
2025-07-14,GOLD,2,2,3,290180,145090.0
2025-07-14,TITANIUM,1,1,4,252220,252220.0
2025-07-15,FAMILY,56,52,70,4471085,79840.80357142857
2025-07-15,SILVER,16,14,28,2507580,156723.75
2025-07-15,TITANIUM,1,1,5,415700,415700.0
2025-07-16,FAMILY,77,76,104,6561210,85210.51948051948
2025-07-16,SILVER,9,9,16,1897050,210783.33333333334
2025-07-16,TITANIUM,3,1,15,1437775,479258.3333333333
2025-07-17,FAMILY,125,118,186,12463935,99711.48
2025-07-17,SILVER,14,14,46,2706105,193293.2142857143
2025-07-17,GOLD,1,1,1,55200,55200.0
2025-07-18,FAMILY,75,74,94,6102425,81365.66666666667
2025-07-18,SILVER,12,12,21,1518750,126562.5
2025-07-18,TITANIUM,2,2,6,494400,247200.0
2025-07-18,GOLD,3,3,3,198150,66050.0
2025-07-19,FAMILY,71,70,92,6372655,89755.7042253521
2025-07-19,SILVER,6,5,8,526880,87813.33333333333
2025-07-20,FAMILY,84,84,124,7245170,86252.02380952382
2025-07-20,SILVER,7,7,15,1213585,173369.2857142857
2025-07-20,GOLD,1,1,1,265525,265525.0
2025-07-21,FAMILY,72,72,93,5815330,80768.47222222222
2025-07-21,SILVER,11,9,21,1479990,134544.54545454544
2025-07-21,GOLD,3,3,8,507880,169293.33333333334
2025-07-22,FAMILY,73,73,112,6624085,90740.8904109589
2025-07-22,SILVER,5,5,9,1199120,239824.0
2025-07-23,FAMILY,68,67,158,10651635,156641.6911764706
2025-07-23,SILVER,9,8,18,1344430,149381.11111111112
2025-07-23,TITANIUM,1,1,1,64500,64500.0
2025-07-23,GOLD,1,1,1,7000,7000.0
2025-07-24,FAMILY,63,62,132,9980210,158416.03174603175
2025-07-24,SILVER,4,4,18,1196170,299042.5
2025-07-24,GOLD,1,1,4,200540,200540.0
2025-07-25,FAMILY,62,62,85,4961425,80022.98387096774
2025-07-25,SILVER,3,2,8,478230,159410.0
2025-07-25,GOLD,1,1,1,49000,49000.0
2025-07-26,FAMILY,73,70,98,6240675,85488.69863013699
2025-07-26,SILVER,6,6,9,573140,95523.33333333333
2025-07-27,FAMILY,68,67,81,4488170,66002.5
2025-07-27,SILVER,6,6,8,581960,96993.33333333333
2025-07-27,GOLD,1,1,4,179220,179220.0
2025-07-28,FAMILY,78,76,113,6133975,78640.70512820513
2025-07-28,SILVER,8,8,13,629170,78646.25
2025-07-28,GOLD,3,3,8,464770,154923.33333333334
2025-07-28,TITANIUM,1,1,5,192720,192720.0
2025-07-29,FAMILY,73,72,102,5657105,77494.5890410959
2025-07-29,SILVER,8,8,16,971460,121432.5
2025-07-29,GOLD,3,3,3,206180,68726.66666666667
2025-07-30,FAMILY,79,77,110,6801530,86095.3164556962
2025-07-30,SILVER,8,8,21,1529510,191188.75
2025-07-30,GOLD,1,1,9,630000,630000.0
2025-07-30,TITANIUM,1,1,1,80540,80540.0
2025-07-31,FAMILY,80,79,109,6813005,85162.5625
2025-07-31,SILVER,4,4,6,338320,84580.0
2025-07-31,GOLD,1,1,3,236440,236440.0
2025-07-31,TITANIUM,1,1,3,145620,145620.0
2025-08-01,FAMILY,78,78,107,5735280,73529.23076923077
2025-08-01,GOLD,3,3,37,2744280,914760.0
2025-08-01,SILVER,8,8,17,695870,86983.75
2025-08-01,TITANIUM,1,1,1,55200,55200.0
2025-08-02,FAMILY,60,60,85,4788190,79803.16666666667
2025-08-02,SILVER,2,2,11,721000,360500.0
2025-08-03,FAMILY,81,76,103,7113260,87818.02469135802
2025-08-03,SILVER,4,4,5,253080,63270.0
2025-08-04,FAMILY,51,51,62,3833430,75165.29411764706
2025-08-04,SILVER,9,9,20,1185110,131678.88888888888
2025-08-05,FAMILY,56,55,77,3886000,69392.85714285714
2025-08-05,SILVER,4,4,8,447720,111930.0
2025-08-05,GOLD,3,3,6,324570,108190.0
2025-08-06,FAMILY,67,64,87,4873230,72734.77611940299
2025-08-06,SILVER,9,9,18,939040,104337.77777777778
2025-08-07,FAMILY,68,68,99,5415800,79644.11764705883
2025-08-07,SILVER,5,5,7,452700,90540.0
2025-08-07,GOLD,1,1,1,85010,85010.0
2025-08-08,TITANIUM,2,1,160,5632000,2816000.0
2025-08-08,FAMILY,40,40,54,3119300,77982.5
2025-08-08,SILVER,6,6,12,790170,131695.0
2025-08-09,FAMILY,47,42,80,4747550,101011.70212765958
2025-08-09,SILVER,4,4,4,379100,94775.0
2025-08-09,GOLD,1,1,2,277380,277380.0
2025-08-10,FAMILY,52,50,79,3917740,75341.15384615384
2025-08-10,GOLD,1,1,4,296070,296070.0
2025-08-10,SILVER,2,2,2,173600,86800.0
2025-08-11,FAMILY,38,38,54,2741730,72150.78947368421
2025-08-11,SILVER,3,3,5,270290,90096.66666666667
2025-08-11,GOLD,4,3,4,269840,67460.0
2025-08-12,FAMILY,43,43,60,3303540,76826.51162790698
2025-08-12,SILVER,2,2,4,379100,189550.0
2025-08-13,FAMILY,50,49,75,3753400,75068.0
2025-08-13,SILVER,6,6,10,713040,118840.0
2025-08-14,FAMILY,24,24,32,1515770,63157.083333333336
2025-08-14,SILVER,8,8,10,832130,104016.25
2025-08-15,FAMILY,39,38,50,2661450,68242.30769230769
2025-08-15,SILVER,5,5,9,509100,101820.0
2025-08-16,FAMILY,49,48,64,3829860,78160.40816326531
2025-08-16,SILVER,1,1,1,55300,55300.0
2025-08-16,GOLD,1,1,2,52640,52640.0
2025-08-17,FAMILY,47,47,68,4346490,92478.51063829787
2025-08-17,SILVER,5,5,7,330210,66042.0
2025-08-18,FAMILY,40,39,53,2813120,70328.0
2025-08-18,SILVER,2,2,2,171590,85795.0
2025-08-18,TITANIUM,1,1,1,114580,114580.0
2025-08-18,GOLD,1,1,2,106000,106000.0
2025-08-19,FAMILY,44,44,202,11531760,262085.45454545456
2025-08-19,SILVER,3,3,3,133360,44453.333333333336
2025-08-19,GOLD,1,1,1,109200,109200.0
2025-08-20,FAMILY,48,46,70,4738340,98715.41666666667
2025-08-20,SILVER,5,5,14,1434010,286802.0
2025-08-20,GOLD,2,2,4,227790,113895.0
2025-08-21,FAMILY,56,56,70,4565970,81535.17857142857
2025-08-21,GOLD,2,2,3,178570,89285.0
2025-08-21,SILVER,2,2,2,104000,52000.0
2025-08-22,FAMILY,36,35,53,2983380,82871.66666666667
2025-08-22,GOLD,2,2,2,357270,178635.0
2025-08-22,SILVER,2,2,4,214500,107250.0
2025-08-23,FAMILY,54,54,73,4430320,82042.96296296296
2025-08-23,SILVER,2,2,3,423660,211830.0
2025-08-23,GOLD,1,1,1,78380,78380.0
2025-08-24,FAMILY,47,47,63,3768870,80188.72340425532
2025-08-24,SILVER,7,7,14,1001350,143050.0
2025-08-25,FAMILY,46,45,62,3735850,81214.13043478261
2025-08-25,SILVER,9,9,12,680920,75657.77777777778
2025-08-25,TITANIUM,1,1,7,394780,394780.0
2025-08-26,FAMILY,46,46,70,3642650,79188.04347826086
2025-08-26,SILVER,2,2,3,123500,61750.0
2025-08-26,GOLD,1,1,2,51300,51300.0
2025-08-27,FAMILY,37,37,48,3070380,82983.24324324324
2025-08-27,SILVER,7,7,13,721750,103107.14285714286
2025-08-27,GOLD,1,1,1,62300,62300.0
2025-08-28,FAMILY,49,49,64,4211200,85942.85714285714
2025-08-28,SILVER,6,6,12,654090,109015.0
2025-08-28,GOLD,3,3,6,405350,135116.66666666666
2025-08-29,FAMILY,35,35,45,3152150,90061.42857142857
2025-08-29,SILVER,4,4,6,753320,188330.0
2025-08-30,FAMILY,48,48,60,3856680,80347.5
2025-08-30,SILVER,2,2,5,267070,133535.0
2025-08-31,FAMILY,42,42,52,3274520,77964.76190476191
2025-08-31,SILVER,4,4,8,529360,132340.0
2025-08-31,GOLD,1,1,4,210730,210730.0
2025-09-01,FAMILY,61,60,116,5974430,97941.47540983607
2025-09-01,SILVER,7,7,19,839510,119930.0
2025-09-02,FAMILY,58,58,79,4296500,74077.58620689655
2025-09-02,GOLD,2,1,2,63350,31675.0
2025-09-03,FAMILY,57,57,80,4741290,83180.52631578948
2025-09-03,SILVER,6,5,15,740520,123420.0
2025-09-04,FAMILY,53,52,85,4108620,77521.1320754717
2025-09-04,SILVER,7,6,13,1134840,162120.0
2025-09-04,GOLD,1,1,2,164970,164970.0
2025-09-05,FAMILY,44,44,49,3664560,83285.45454545454
2025-09-05,SILVER,7,7,20,896730,128104.28571428571
2025-09-05,GOLD,1,1,1,83000,83000.0
2025-09-06,FAMILY,44,43,60,3620090,82274.77272727272
2025-09-06,SILVER,5,5,5,506580,101316.0
2025-09-07,FAMILY,71,71,89,5828970,82098.1690140845
2025-09-07,SILVER,1,1,2,221220,221220.0
2025-09-08,FAMILY,60,59,71,4793540,79892.33333333333
2025-09-08,SILVER,5,5,6,624460,124892.0
2025-09-08,GOLD,2,2,4,308000,154000.0
2025-09-09,FAMILY,61,50,87,7723480,126614.4262295082
2025-09-09,SILVER,9,9,16,916070,101785.55555555556
2025-09-09,GOLD,1,1,2,23000,23000.0
2025-09-10,FAMILY,44,44,58,4358510,99057.04545454546
2025-09-10,SILVER,7,7,19,1156660,165237.14285714287
2025-09-11,FAMILY,42,41,47,3040990,72404.52380952382
2025-09-11,SILVER,4,4,10,501800,125450.0
2025-09-12,FAMILY,33,33,43,2981350,90343.93939393939
2025-09-12,SILVER,6,5,16,1096750,182791.66666666666
2025-09-12,GOLD,2,2,2,314450,157225.0
2025-09-13,FAMILY,31,31,39,2700670,87118.3870967742
2025-09-13,SILVER,3,2,4,410280,136760.0
2025-09-14,FAMILY,43,41,60,3796000,88279.06976744186
2025-09-14,SILVER,1,1,1,68270,68270.0
2025-09-15,FAMILY,121,120,161,8312090,68694.95867768595
2025-09-15,SILVER,6,5,20,1382830,230471.66666666666
2025-09-15,TITANIUM,1,1,6,652840,652840.0
2025-09-15,GOLD,3,2,5,236540,78846.66666666667
2025-09-16,FAMILY,73,73,143,12384470,169650.27397260274
2025-09-16,GOLD,2,2,50,1724860,862430.0
2025-09-16,SILVER,4,4,6,503890,125972.5
2025-09-16,TITANIUM,1,1,6,252430,252430.0
2025-09-17,FAMILY,66,66,90,5997130,90865.60606060606
2025-09-17,GOLD,1,1,70,2182000,2182000.0
2025-09-17,SILVER,4,4,6,348730,87182.5
2025-09-18,FAMILY,101,101,151,9531920,94375.44554455446
2025-09-18,SILVER,10,10,14,940040,94004.0
2025-09-18,GOLD,4,4,7,332890,83222.5
2025-09-19,FAMILY,87,87,139,10235350,117647.70114942528
2025-09-19,SILVER,8,8,11,1924410,240551.25
2025-09-19,TITANIUM,1,1,2,224060,224060.0
2025-09-20,FAMILY,54,54,66,4335340,80284.07407407407
2025-09-20,TITANIUM,1,1,8,1138700,1138700.0
2025-09-20,GOLD,3,3,11,928730,309576.6666666667
2025-09-20,SILVER,4,4,6,618050,154512.5
2025-09-21,FAMILY,96,95,131,9300290,96878.02083333333
2025-09-21,SILVER,5,5,8,709980,141996.0
2025-09-21,TITANIUM,1,1,4,295300,295300.0
2025-09-21,GOLD,1,1,3,199250,199250.0
2025-09-22,FAMILY,85,85,118,6987230,82202.70588235294
2025-09-22,TITANIUM,1,1,9,849060,849060.0
2025-09-22,GOLD,2,2,8,446460,223230.0
2025-09-22,SILVER,2,2,3,181680,90840.0
2025-09-23,FAMILY,123,120,184,8831856,71803.70731707317
2025-09-23,SILVER,8,8,20,1244090,155511.25
2025-09-23,TITANIUM,1,1,9,614500,614500.0
2025-09-23,GOLD,1,1,3,227200,227200.0
2025-09-24,FAMILY,98,97,118,7535780,76895.71428571429
2025-09-24,SILVER,4,4,9,581390,145347.5
2025-09-24,GOLD,1,1,5,233020,233020.0
2025-09-25,FAMILY,125,125,151,11285930,90287.44
2025-09-25,SILVER,13,13,19,1665020,128078.46153846153
2025-09-26,FAMILY,76,75,102,7204200,94792.1052631579
2025-09-26,GOLD,3,3,15,1033660,344553.3333333333
2025-09-26,SILVER,3,3,4,194070,64690.0
2025-09-27,FAMILY,64,64,76,4901660,76588.4375
2025-09-27,SILVER,4,4,8,671220,167805.0
2025-09-28,FAMILY,192,191,280,14203290,73975.46875
2025-09-28,SILVER,16,16,27,2274330,142145.625
2025-09-28,TITANIUM,1,1,1,40310,40310.0
2025-09-29,FAMILY,58,58,69,5725090,98708.44827586207
2025-09-29,SILVER,6,6,12,946840,157806.66666666666
2025-09-29,GOLD,3,3,7,658420,219473.33333333334
2025-09-30,FAMILY,73,71,104,7616260,104332.32876712328
2025-09-30,SILVER,5,5,5,405650,81130.0
2025-09-30,GOLD,1,1,1,96040,96040.0
2025-10-01,FAMILY,237,236,305,13060020,55105.56962025316
2025-10-01,SILVER,14,14,15,1238280,88448.57142857143
2025-10-01,GOLD,4,3,8,535620,133905.0
2025-10-01,TITANIUM,1,1,2,111290,111290.0
2025-10-02,FAMILY,110,110,140,7063090,64209.90909090909
2025-10-02,SILVER,7,7,15,1068650,152664.2857142857
2025-10-02,GOLD,1,1,1,14500,14500.0
2025-10-03,FAMILY,71,70,92,4750830,66913.0985915493
2025-10-03,SILVER,9,9,16,1128980,125442.22222222222
2025-10-03,TITANIUM,1,1,2,99940,99940.0
2025-10-04,FAMILY,63,63,76,5032920,79887.61904761905
2025-10-04,SILVER,3,3,4,76880,25626.666666666668
2025-10-05,FAMILY,75,74,105,5833310,77777.46666666666
2025-10-05,SILVER,5,5,8,602950,120590.0
2025-10-05,GOLD,2,2,3,232510,116255.0
2025-10-06,FAMILY,67,67,88,5063850,75579.85074626865
2025-10-06,SILVER,3,3,4,121160,40386.666666666664
2025-10-06,GOLD,1,1,1,51850,51850.0
2025-10-07,FAMILY,72,72,90,5311820,73775.27777777778
2025-10-07,SILVER,4,4,7,512370,128092.5
2025-10-07,GOLD,1,1,1,77530,77530.0
2025-10-08,FAMILY,62,62,76,4616820,74464.83870967742
2025-10-08,GOLD,4,4,26,2461790,615447.5
2025-10-08,SILVER,2,2,3,212100,106050.0
2025-10-09,FAMILY,99,99,140,8809390,88983.73737373737
2025-10-09,SILVER,5,5,8,799620,159924.0
2025-10-09,GOLD,1,1,2,48200,48200.0
2025-10-10,FAMILY,90,89,115,6565790,72953.22222222222
2025-10-10,SILVER,5,5,7,587030,117406.0
2025-10-10,GOLD,1,1,5,381960,381960.0
2025-10-11,FAMILY,76,74,105,6291800,82786.84210526316
2025-10-11,SILVER,5,5,5,371390,74278.0
2025-10-11,GOLD,2,2,2,96000,48000.0
2025-10-12,FAMILY,1019,1013,1329,44917520,44080.0
2025-10-12,SILVER,39,39,56,3788790,97148.46153846153
2025-10-12,GOLD,1,1,2,187860,187860.0
2025-10-13,FAMILY,57,56,79,5748280,100847.01754385965
2025-10-13,SILVER,6,6,8,909670,151611.66666666666
2025-10-13,GOLD,3,2,3,568880,189626.66666666666
2025-10-14,FAMILY,44,43,65,4473180,101663.18181818182
2025-10-14,SILVER,11,11,14,1154250,104931.81818181818
2025-10-14,TITANIUM,1,1,1,103200,103200.0
2025-10-15,FAMILY,58,57,70,5158970,88947.75862068965
2025-10-15,GOLD,5,5,6,589360,117872.0
2025-10-15,SILVER,4,4,7,561650,140412.5
2025-10-16,FAMILY,52,52,66,5050660,97128.07692307692
2025-10-16,GOLD,1,1,1,120200,120200.0
2025-10-17,FAMILY,74,72,87,7653407,103424.41891891892
2025-10-17,GOLD,4,4,4,822799,205699.75
2025-10-17,SILVER,1,1,1,172860,172860.0
2025-10-18,FAMILY,70,70,80,6751180,96445.42857142857
2025-10-18,GOLD,4,3,7,586550,146637.5
2025-10-18,SILVER,3,3,4,291390,97130.0
2025-10-19,FAMILY,80,78,106,8631940,107899.25
2025-10-19,SILVER,3,3,14,691450,230483.33333333334
2025-10-19,GOLD,3,3,7,492200,164066.66666666666
2025-10-20,FAMILY,78,71,102,9137590,117148.58974358975
2025-10-20,SILVER,8,8,14,1733060,216632.5
2025-10-20,GOLD,4,3,13,1378000,344500.0
2025-10-21,FAMILY,107,107,139,11399840,106540.56074766355
2025-10-21,SILVER,11,10,22,3005500,273227.2727272727
2025-10-21,GOLD,4,4,9,2119000,529750.0
2025-10-22,FAMILY,67,67,87,7467750,111458.95522388059
2025-10-22,SILVER,8,8,16,1739570,217446.25
2025-10-22,GOLD,2,2,2,224470,112235.0
2025-10-23,FAMILY,69,69,98,7980760,115663.1884057971
2025-10-23,SILVER,11,11,19,1705190,155017.27272727274
2025-10-23,TITANIUM,1,1,8,1246930,1246930.0
2025-10-23,GOLD,1,1,1,139000,139000.0
2025-10-24,FAMILY,55,55,82,7907920,143780.36363636365
2025-10-24,SILVER,8,8,10,773170,96646.25
2025-10-24,GOLD,1,1,4,273600,273600.0
2025-10-25,FAMILY,37,36,49,4157390,112361.8918918919
2025-10-25,SILVER,5,5,12,1121580,224316.0
2025-10-25,GOLD,2,2,3,246540,123270.0
2025-10-26,FAMILY,60,60,86,6935560,115592.66666666667
2025-10-26,SILVER,9,9,10,1839030,204336.66666666666
2025-10-26,GOLD,3,3,5,1029660,343220.0
2025-10-27,FAMILY,103,102,147,10784830,104707.08737864078
2025-10-27,SILVER,13,13,22,4070310,313100.76923076925
2025-10-27,TITANIUM,2,1,17,2294300,1147150.0
2025-10-27,GOLD,1,1,1,137730,137730.0
2025-10-28,FAMILY,80,77,113,9737140,121714.25
2025-10-28,GOLD,4,4,8,2315340,578835.0
2025-10-28,SILVER,9,9,11,1841240,204582.22222222222
2025-10-29,FAMILY,80,79,106,9628580,120357.25
2025-10-29,SILVER,7,6,15,1085450,155064.2857142857
2025-10-29,GOLD,2,2,3,196670,98335.0
2025-10-30,FAMILY,46,45,58,5534610,120317.60869565218
2025-10-30,TITANIUM,2,2,122,3274600,1637300.0
2025-10-30,SILVER,10,10,16,1625320,162532.0
2025-10-30,GOLD,3,3,4,271200,90400.0
2025-10-31,FAMILY,59,59,77,5887830,99793.72881355933
2025-10-31,SILVER,12,12,25,3322780,276898.3333333333
2025-10-31,TITANIUM,1,1,1,270000,270000.0
2025-11-01,FAMILY,45,44,57,4718190,104848.66666666667
2025-11-01,SILVER,3,3,3,385150,128383.33333333333
2025-11-01,GOLD,1,1,1,132600,132600.0
2025-11-02,FAMILY,69,68,86,8109950,117535.50724637682
2025-11-02,SILVER,5,5,6,1437130,287426.0
2025-11-02,GOLD,1,1,3,157000,157000.0
2025-11-03,FAMILY,84,84,108,9535880,113522.38095238095
2025-11-03,SILVER,14,12,24,4540840,324345.71428571426
2025-11-03,TITANIUM,2,2,6,493010,246505.0
2025-11-03,GOLD,3,3,3,219990,73330.0
2025-11-04,FAMILY,74,73,92,8225720,111158.37837837837
2025-11-04,GOLD,5,2,14,2677870,535574.0
2025-11-04,SILVER,6,6,7,1249460,208243.33333333334
2025-11-05,FAMILY,62,60,81,6537400,105441.93548387097
2025-11-05,SILVER,6,6,20,2445890,407648.3333333333
2025-11-05,TITANIUM,1,1,1,104650,104650.0
2025-11-05,GOLD,1,1,1,28600,28600.0
2025-11-06,FAMILY,51,51,67,4639160,90963.92156862745
2025-11-06,SILVER,3,3,5,419240,139746.66666666666
2025-11-06,TITANIUM,2,1,2,322000,161000.0
2025-11-07,FAMILY,46,45,59,4614620,100317.82608695653
2025-11-07,SILVER,7,7,10,1481160,211594.2857142857
2025-11-07,GOLD,1,1,1,64400,64400.0
2025-11-08,FAMILY,34,34,55,4816890,141673.23529411765
2025-11-08,SILVER,4,4,8,428550,107137.5
2025-11-09,FAMILY,71,70,87,7092010,99887.4647887324
2025-11-09,SILVER,5,5,6,570650,114130.0
2025-11-09,TITANIUM,1,1,1,150000,150000.0
2025-11-09,GOLD,1,1,4,97750,97750.0
2025-11-10,FAMILY,86,83,104,8659740,100694.6511627907
2025-11-10,SILVER,11,11,13,2799790,254526.36363636365
2025-11-11,FAMILY,68,66,103,8505500,125080.88235294117
2025-11-11,SILVER,15,15,29,3764030,250935.33333333334
2025-11-12,FAMILY,69,66,103,8027580,116341.73913043478
2025-11-12,SILVER,9,8,13,1598640,177626.66666666666
2025-11-12,TITANIUM,1,1,20,319480,319480.0
2025-11-13,FAMILY,64,64,77,7054590,110227.96875
2025-11-13,SILVER,8,7,13,2229140,278642.5
2025-11-14,FAMILY,64,62,83,7180900,112201.5625
2025-11-14,SILVER,12,11,21,3744110,312009.1666666667
2025-11-15,FAMILY,43,43,58,5978430,139033.2558139535
2025-11-15,SILVER,7,7,12,2676420,382345.71428571426
2025-11-15,GOLD,2,2,5,778400,389200.0
2025-11-16,FAMILY,60,59,83,7077540,117959.0
2025-11-16,TITANIUM,1,1,9,1402560,1402560.0
2025-11-16,SILVER,6,6,8,921070,153511.66666666666
2025-11-17,FAMILY,82,82,107,8856800,108009.75609756098
2025-11-17,SILVER,13,13,19,5331180,410090.76923076925
2025-11-17,TITANIUM,1,1,9,1128820,1128820.0
2025-11-17,GOLD,1,1,2,274400,274400.0
2025-11-18,FAMILY,89,86,109,10020980,112595.2808988764
2025-11-18,SILVER,12,12,14,3851450,320954.1666666667
2025-11-19,FAMILY,88,86,113,9544630,108461.70454545454
2025-11-19,SILVER,9,9,29,1762400,195822.22222222222
2025-11-19,GOLD,2,2,2,400300,200150.0
2025-11-20,FAMILY,51,51,70,5626730,110328.03921568628
2025-11-20,SILVER,11,11,13,3180940,289176.36363636365
2025-11-20,TITANIUM,1,1,1,270000,270000.0
2025-11-21,FAMILY,188,187,247,24497700,130306.91489361702
2025-11-21,SILVER,33,32,56,7360895,223057.42424242425
2025-11-21,GOLD,1,1,1,47570,47570.0
2025-11-22,FAMILY,118,116,155,17499280,148298.98305084746
2025-11-22,SILVER,16,16,20,3939055,246190.9375
2025-11-22,GOLD,2,2,6,630020,315010.0
2025-11-22,TITANIUM,1,1,1,102240,102240.0
2025-11-23,FAMILY,163,162,204,19658660,120605.27607361964
2025-11-23,SILVER,23,21,35,4050590,176112.60869565216
2025-11-23,GOLD,2,2,7,1081940,540970.0
2025-11-23,TITANIUM,1,1,1,77400,77400.0
2025-11-24,FAMILY,131,130,168,15912170,121466.9465648855
2025-11-24,SILVER,16,16,33,4926105,307881.5625
2025-11-24,GOLD,4,4,8,664100,166025.0
2025-11-25,FAMILY,135,134,178,15315850,113450.74074074074
2025-11-25,SILVER,20,19,32,5295860,264793.0
2025-11-25,TITANIUM,6,2,22,3111620,518603.3333333333
2025-11-25,GOLD,2,1,3,619200,309600.0
2025-11-26,FAMILY,133,132,169,21008640,157959.6992481203
2025-11-26,SILVER,16,15,44,5675180,354698.75
2025-11-26,GOLD,3,3,4,567945,189315.0
2025-11-26,TITANIUM,3,2,5,530500,176833.33333333334
2025-11-27,FAMILY,179,178,244,22783030,127279.4972067039
2025-11-27,SILVER,21,21,42,5622240,267725.71428571426
2025-11-27,GOLD,5,4,35,2782310,556462.0
2025-11-27,TITANIUM,2,2,5,206290,103145.0
2025-11-28,FAMILY,139,138,209,23854450,171614.74820143884
2025-11-28,TITANIUM,1,1,15,6605550,6605550.0
2025-11-28,SILVER,19,18,31,4644440,244444.2105263158
2025-11-28,GOLD,1,1,1,113540,113540.0
2025-11-29,FAMILY,145,143,174,20788360,143368.0
2025-11-29,SILVER,13,13,15,3279540,252272.3076923077
2025-11-29,GOLD,3,3,8,1314270,438090.0
2025-11-29,TITANIUM,1,1,32,374540,374540.0
2025-11-30,FAMILY,327,325,427,44874370,137230.48929663608
2025-11-30,SILVER,38,36,56,7568520,199171.57894736843
2025-11-30,GOLD,3,3,5,964320,321440.0
2025-11-30,TITANIUM,1,1,1,107400,107400.0
2025-12-01,FAMILY,75,75,88,8070350,107604.66666666667
2025-12-01,SILVER,7,7,11,801120,114445.71428571429
2025-12-01,GOLD,2,2,2,214370,107185.0
2025-12-01,TITANIUM,1,1,1,40000,40000.0
2025-12-02,FAMILY,72,70,95,8246170,114530.13888888889
2025-12-02,SILVER,5,5,13,2503430,500686.0
2025-12-02,TITANIUM,1,1,28,832000,832000.0
2025-12-03,FAMILY,102,100,166,12588130,123413.03921568628
2025-12-03,SILVER,9,8,97,3464500,384944.44444444444
2025-12-03,GOLD,2,2,3,522500,261250.0
2025-12-04,FAMILY,163,160,283,38206940,234398.40490797546
2025-12-04,SILVER,26,25,37,6249570,240368.07692307694
2025-12-04,GOLD,5,5,13,1058270,211654.0
2025-12-05,FAMILY,146,146,193,17326530,118674.86301369863
2025-12-05,SILVER,11,9,22,2075080,188643.63636363635
2025-12-05,GOLD,5,5,10,609590,121918.0
2025-12-06,FAMILY,120,118,152,18486660,154055.5
2025-12-06,SILVER,9,9,17,3753050,417005.55555555556
2025-12-06,TITANIUM,3,3,5,397880,132626.66666666666
2025-12-06,GOLD,2,2,2,225070,112535.0
2025-12-07,FAMILY,145,143,191,22512450,155258.27586206896
2025-12-07,SILVER,12,12,21,4494790,374565.8333333333
2025-12-07,GOLD,4,4,6,751310,187827.5
2025-12-08,FAMILY,108,108,134,14003810,129664.9074074074
2025-12-08,SILVER,13,13,24,5418830,416833.07692307694
2025-12-09,FAMILY,107,105,148,13818990,129149.43925233645
2025-12-09,SILVER,4,4,9,1400890,350222.5
2025-12-09,TITANIUM,1,1,5,695000,695000.0
2025-12-09,GOLD,1,1,4,207020,207020.0
2025-12-10,FAMILY,73,73,91,8739250,119715.75342465754
2025-12-10,SILVER,9,8,31,4150360,461151.1111111111
2025-12-10,GOLD,1,1,3,405600,405600.0
2025-12-10,TITANIUM,1,1,1,87400,87400.0
2025-12-11,FAMILY,103,103,120,13502310,131090.38834951457
2025-12-11,SILVER,7,7,8,1331090,190155.7142857143
2025-12-12,FAMILY,87,85,102,12762630,146696.89655172414
2025-12-12,SILVER,26,23,48,8848860,340340.76923076925
2025-12-12,GOLD,8,5,13,2176230,272028.75
2025-12-13,FAMILY,110,109,134,14508530,131895.72727272726
2025-12-13,SILVER,6,6,13,2944850,490808.3333333333
2025-12-13,GOLD,1,1,5,2153000,2153000.0
2025-12-14,FAMILY,131,130,173,19079590,145645.7251908397
2025-12-14,SILVER,15,15,28,3946060,263070.6666666667
2025-12-14,TITANIUM,1,1,4,488300,488300.0
2025-12-14,GOLD,2,2,5,478640,239320.0
2025-12-15,FAMILY,193,190,273,21983620,113904.76683937824
2025-12-15,SILVER,18,18,41,4351150,241730.55555555556
2025-12-15,GOLD,3,2,13,834490,278163.3333333333
2025-12-15,TITANIUM,1,1,4,106200,106200.0
2025-12-16,FAMILY,136,136,170,16995840,124969.41176470589
2025-12-16,SILVER,10,9,15,2516690,251669.0
2025-12-16,GOLD,3,3,4,796170,265390.0
2025-12-17,FAMILY,110,108,180,21174080,192491.63636363635
2025-12-17,SILVER,13,13,26,2179940,167687.6923076923
2025-12-17,GOLD,1,1,4,257710,257710.0
2025-12-18,FAMILY,112,112,155,12043240,107528.92857142857
2025-12-18,SILVER,10,9,28,3040480,304048.0
2025-12-18,GOLD,1,1,3,143740,143740.0
2025-12-19,FAMILY,85,84,102,9499950,111764.11764705883
2025-12-19,SILVER,13,13,20,3095160,238089.23076923078
2025-12-19,GOLD,6,5,12,2987460,497910.0
2025-12-20,FAMILY,89,88,122,10701170,120237.86516853933
2025-12-20,SILVER,4,4,10,1825970,456492.5
2025-12-20,GOLD,1,1,1,83960,83960.0
2025-12-21,FAMILY,120,118,165,14872550,123937.91666666667
2025-12-21,SILVER,6,5,16,1622070,270345.0
2025-12-21,GOLD,1,1,5,745000,745000.0
2025-12-21,TITANIUM,1,1,1,83200,83200.0
2025-12-22,FAMILY,119,118,152,14393270,120951.84873949579
2025-12-22,TITANIUM,1,1,20,2384000,2384000.0
2025-12-22,SILVER,5,5,6,364120,72824.0
2025-12-22,GOLD,1,1,1,99000,99000.0
2025-12-23,FAMILY,125,124,160,12356970,98855.76
2025-12-23,SILVER,14,12,28,2200000,157142.85714285713
2025-12-23,GOLD,2,2,2,361000,180500.0
2025-12-24,FAMILY,85,85,126,17958300,211274.11764705883
2025-12-24,SILVER,14,12,21,2457450,175532.14285714287
2025-12-25,FAMILY,105,105,140,14093000,134219.04761904763
2025-12-25,SILVER,11,10,20,2946810,267891.8181818182
2025-12-25,GOLD,1,1,2,17000,17000.0
2025-12-26,FAMILY,118,117,163,13054960,110635.25423728813
2025-12-26,SILVER,16,16,31,4311970,269498.125
2025-12-26,TITANIUM,2,2,12,3654620,1827310.0
2025-12-26,GOLD,2,2,2,681910,340955.0
2025-12-27,FAMILY,88,88,116,10758760,122258.63636363637
2025-12-27,SILVER,14,14,19,2097220,149801.42857142858
2025-12-27,TITANIUM,1,1,1,140770,140770.0
2025-12-27,GOLD,1,1,1,110450,110450.0
2025-12-28,FAMILY,112,112,165,14088400,125789.28571428571
2025-12-28,SILVER,7,7,13,2361990,337427.14285714284
2025-12-28,GOLD,1,1,3,496400,496400.0
2025-12-29,FAMILY,81,81,101,10266590,126748.02469135802
2025-12-29,SILVER,11,10,17,3055520,277774.54545454547
2025-12-29,TITANIUM,1,1,5,593400,593400.0
2025-12-29,GOLD,1,1,2,118000,118000.0
2025-12-30,FAMILY,106,104,132,11821480,111523.39622641509
2025-12-30,SILVER,7,7,8,1352020,193145.7142857143
2025-12-30,GOLD,2,2,3,472790,236395.0
2025-12-31,FAMILY,118,109,190,13793650,116895.33898305085
2025-12-31,SILVER,11,11,25,2617390,237944.54545454544
2025-12-31,GOLD,3,2,4,436380,145460.0
2026-01-01,FAMILY,106,104,138,13863060,130783.58490566038
2026-01-01,TITANIUM,2,2,2,235070,117535.0
2026-01-01,SILVER,2,2,3,158680,79340.0
2026-01-02,FAMILY,92,91,121,10965810,119193.58695652174
2026-01-02,SILVER,6,6,8,1891000,315166.6666666667
2026-01-02,GOLD,1,1,1,23200,23200.0
2026-01-03,FAMILY,65,65,81,8259020,127061.84615384616
2026-01-03,SILVER,3,3,5,285690,95230.0
2026-01-03,GOLD,1,1,1,89000,89000.0
2026-01-04,FAMILY,111,109,141,14888600,134131.53153153154
2026-01-04,SILVER,2,2,6,653910,326955.0
2026-01-05,FAMILY,82,82,98,11821410,144163.53658536586
2026-01-05,TITANIUM,1,1,3,454480,454480.0
2026-01-05,SILVER,2,2,5,232550,116275.0
2026-01-06,FAMILY,83,81,104,11150860,134347.7108433735
2026-01-06,SILVER,4,4,7,330910,82727.5
2026-01-06,TITANIUM,1,1,1,89000,89000.0
2026-01-07,FAMILY,87,86,112,12806050,147195.97701149425
2026-01-07,GOLD,2,2,3,593570,296785.0
2026-01-07,SILVER,1,1,2,38440,38440.0
2026-01-08,FAMILY,94,88,119,12997870,138275.21276595743
2026-01-08,GOLD,2,2,5,679960,339980.0
2026-01-08,SILVER,5,5,6,349210,69842.0
2026-01-08,TITANIUM,1,1,1,75400,75400.0
2026-01-09,FAMILY,126,125,178,16681750,132394.84126984127
2026-01-09,TITANIUM,2,2,5,545320,272660.0
2026-01-09,SILVER,3,3,5,259310,86436.66666666667
2026-01-09,GOLD,1,1,1,156000,156000.0
2026-01-10,FAMILY,85,83,109,9496350,111721.76470588235
2026-01-10,TITANIUM,1,1,1,50330,50330.0
2026-01-11,FAMILY,104,102,132,14021920,134826.15384615384
2026-01-12,FAMILY,86,85,104,10632060,123628.6046511628
2026-01-12,SILVER,6,5,7,861490,143581.66666666666
2026-01-12,GOLD,1,1,2,175000,175000.0
2026-01-13,FAMILY,86,86,111,9727240,113107.44186046511
2026-01-13,SILVER,1,1,2,186470,186470.0
2026-01-14,FAMILY,81,80,109,10400100,128396.29629629629
2026-01-14,SILVER,3,3,4,325200,108400.0
2026-01-15,FAMILY,67,65,89,7125650,106352.98507462686
2026-01-15,SILVER,4,4,7,466870,116717.5
2026-01-15,TITANIUM,1,1,1,67150,67150.0
2026-01-16,FAMILY,48,46,68,5280400,110008.33333333333
2026-01-16,SILVER,2,2,2,142190,71095.0
2026-01-17,FAMILY,58,58,81,7612340,131247.24137931035
2026-01-17,SILVER,1,1,1,7400,7400.0
2026-01-18,FAMILY,77,77,100,11790860,153128.05194805196
2026-01-18,SILVER,2,2,2,229950,114975.0
2026-01-19,FAMILY,73,72,110,9891890,135505.34246575343
2026-01-19,SILVER,6,6,9,473220,78870.0
2026-01-19,GOLD,2,2,4,389190,194595.0
2026-01-19,TITANIUM,1,1,1,16960,16960.0
2026-01-20,FAMILY,81,81,96,10348660,127761.23456790124
2026-01-20,SILVER,4,4,6,392150,98037.5
2026-01-21,FAMILY,66,65,91,8928050,135273.48484848486
2026-01-21,GOLD,2,2,6,489290,244645.0
2026-01-21,SILVER,4,4,6,463830,115957.5
2026-01-22,FAMILY,91,90,119,11233970,123450.21978021978
2026-01-22,SILVER,5,5,8,320580,64116.0
2026-01-22,GOLD,1,1,1,68000,68000.0
2026-01-23,FAMILY,56,56,84,8953000,159875.0
2026-01-23,GOLD,2,2,3,446790,223395.0
2026-01-23,SILVER,3,3,5,155200,51733.333333333336
2026-01-24,FAMILY,62,61,78,8526940,137531.29032258064
2026-01-24,SILVER,8,6,14,2115780,264472.5
2026-01-25,FAMILY,79,77,111,10386650,131476.58227848102
2026-01-25,SILVER,3,2,4,526490,175496.66666666666
2026-01-25,GOLD,2,2,2,264820,132410.0
2026-01-26,FAMILY,77,77,98,9970570,129487.92207792208
2026-01-26,SILVER,1,1,1,127600,127600.0
2026-01-27,FAMILY,67,67,96,9261290,138228.20895522388
2026-01-27,SILVER,3,3,4,494000,164666.66666666666
2026-01-28,FAMILY,67,67,91,9727460,145185.97014925373
2026-01-28,GOLD,1,1,1,109200,109200.0
2026-01-28,SILVER,1,1,1,37840,37840.0
2026-01-29,FAMILY,54,53,82,8345586,154547.88888888888
2026-01-29,SILVER,2,2,8,380610,190305.0
2026-01-29,GOLD,1,1,1,86930,86930.0
2026-01-30,FAMILY,140,136,188,13527427,96624.47857142857
2026-01-30,GOLD,1,1,5,465180,465180.0
2026-01-30,SILVER,4,4,5,393680,98420.0
2026-01-30,TITANIUM,1,1,2,272500,272500.0
2026-01-31,FAMILY,121,119,168,13840133,114381.26446280992
2026-01-31,SILVER,5,5,10,845220,169044.0
2026-01-31,GOLD,2,2,6,357340,178670.0
2026-01-31,TITANIUM,1,1,5,292890,292890.0
2026-02-01,FAMILY,126,125,174,11767892,93395.96825396825
2026-02-01,SILVER,6,6,6,507229,84538.16666666667
2026-02-01,GOLD,1,1,2,224340,224340.0
2026-02-02,FAMILY,87,87,117,9632034,110713.03448275862
2026-02-02,SILVER,3,3,5,583130,194376.66666666666
2026-02-02,TITANIUM,1,1,1,142470,142470.0
2026-02-02,GOLD,1,1,1,95000,95000.0
2026-02-03,FAMILY,72,70,104,8808196,122336.05555555556
2026-02-03,SILVER,3,3,6,283580,94526.66666666667
2026-02-03,TITANIUM,1,1,1,118300,118300.0
2026-02-04,FAMILY,88,88,111,9864488,112096.45454545454
2026-02-04,SILVER,4,4,6,277210,69302.5
2026-02-04,GOLD,1,1,2,87690,87690.0
2026-02-05,FAMILY,83,82,122,9688469,116728.5421686747
2026-02-05,GOLD,2,2,4,484150,242075.0
2026-02-05,SILVER,4,4,6,437680,109420.0
2026-02-06,FAMILY,120,120,157,10103568,84196.4
2026-02-06,SILVER,2,2,2,59370,29685.0
2026-02-07,FAMILY,63,63,97,8555807,135806.46031746033
2026-02-07,SILVER,5,5,11,646780,129356.0
2026-02-08,FAMILY,80,78,98,6101675,76270.9375
2026-02-08,SILVER,1,1,1,24500,24500.0
2026-02-09,FAMILY,87,86,113,7606346,87429.2643678161
2026-02-09,SILVER,4,4,4,414830,103707.5
2026-02-09,GOLD,2,2,3,369500,184750.0
2026-02-10,FAMILY,97,96,128,9373827,96637.39175257731
2026-02-10,SILVER,6,6,7,806770,134461.66666666666
2026-02-10,GOLD,1,1,2,65860,65860.0
2026-02-11,FAMILY,78,78,114,7040422,90261.82051282052
2026-02-11,SILVER,5,5,9,747819,149563.8
2026-02-12,FAMILY,153,151,225,12559214,82086.36601307189
2026-02-12,SILVER,6,6,6,324780,54130.0
2026-02-12,GOLD,2,2,3,321440,160720.0
2026-02-13,FAMILY,71,71,89,7341897,103407.0
2026-02-13,SILVER,1,1,4,216299,216299.0
2026-02-13,TITANIUM,1,1,1,57400,57400.0
2026-02-14,FAMILY,275,274,377,15972811,58082.94909090909
2026-02-14,SILVER,11,11,12,1211810,110164.54545454546
2026-02-15,FAMILY,113,111,153,7963756,70475.7168141593
2026-02-15,SILVER,4,4,6,434590,108647.5
2026-02-15,GOLD,2,2,2,172600,86300.0
2026-02-16,FAMILY,106,105,138,8498053,80170.31132075471
2026-02-16,SILVER,8,7,10,683710,85463.75
2026-02-16,TITANIUM,1,1,2,149760,149760.0
2026-02-17,FAMILY,284,283,390,13038618,45910.626760563384
2026-02-17,SILVER,11,10,15,574410,52219.09090909091
2026-02-18,FAMILY,182,182,246,12434479,68321.31318681319
2026-02-18,SILVER,4,4,5,338980,84745.0
2026-02-18,TITANIUM,1,1,2,240000,240000.0
2026-02-19,FAMILY,145,145,201,10882974,75054.99310344827
2026-02-19,SILVER,9,9,19,715340,79482.22222222222
2026-02-19,GOLD,1,1,2,90930,90930.0
2026-02-20,FAMILY,87,87,112,6893491,79235.52873563218
2026-02-20,SILVER,5,5,7,712429,142485.8
2026-02-20,GOLD,2,1,4,498600,249300.0
2026-02-20,TITANIUM,1,1,1,250900,250900.0
2026-02-21,FAMILY,84,82,104,6525004,77678.61904761905
2026-02-21,SILVER,4,4,5,490530,122632.5
2026-02-22,FAMILY,743,741,1009,39440462,53082.72139973082
2026-02-22,SILVER,26,26,35,1885770,72529.61538461539
2026-02-22,GOLD,4,3,4,200720,50180.0
2026-02-22,TITANIUM,1,1,1,138080,138080.0
2026-02-23,FAMILY,60,59,76,7267219,121120.31666666667
2026-02-23,SILVER,4,3,7,410730,102682.5
2026-02-23,GOLD,1,1,2,185250,185250.0
2026-02-24,FAMILY,40,40,59,4572811,114320.275
2026-02-24,GOLD,1,1,2,134100,134100.0
2026-02-24,SILVER,1,1,1,44000,44000.0
2026-02-25,FAMILY,47,47,61,5256079,111831.46808510639
2026-02-25,TITANIUM,1,1,1,259300,259300.0
2026-02-25,GOLD,1,1,3,221850,221850.0
2026-02-26,FAMILY,61,61,93,6808333,111612.01639344262
2026-02-26,SILVER,3,3,3,403650,134550.0
2026-02-27,FAMILY,43,43,56,5754055,133815.23255813954
2026-02-27,SILVER,2,2,3,240240,120120.0
2026-02-28,FAMILY,50,48,60,5285459,105709.18
2026-02-28,SILVER,6,6,7,476159,79359.83333333333
2026-02-28,TITANIUM,1,1,3,436500,436500.0
2026-03-01,FAMILY,44,43,55,5746862,130610.5
2026-03-01,GOLD,1,1,1,234270,234270.0
2026-03-01,SILVER,3,3,3,217740,72580.0
2026-03-02,FAMILY,42,42,53,4818545,114727.26190476191
2026-03-02,SILVER,5,5,6,826720,165344.0
2026-03-03,FAMILY,42,42,53,5375827,127995.88095238095
2026-03-03,SILVER,2,2,3,254340,127170.0
2026-03-04,FAMILY,64,62,109,8303363,129740.046875
2026-03-04,SILVER,4,4,6,551370,137842.5
2026-03-04,TITANIUM,1,1,4,422870,422870.0
2026-03-05,FAMILY,35,33,51,4768288,136236.8
2026-03-05,TITANIUM,1,1,1,264000,264000.0
2026-03-05,SILVER,2,2,3,259120,129560.0
2026-03-06,FAMILY,36,36,47,3758930,104414.72222222222
2026-03-06,SILVER,3,3,6,478260,159420.0
2026-03-06,TITANIUM,1,1,5,432560,432560.0
2026-03-07,FAMILY,41,41,55,4692165,114443.0487804878
2026-03-07,SILVER,3,3,3,389000,129666.66666666667
2026-03-07,GOLD,1,1,1,82890,82890.0
2026-03-08,FAMILY,56,55,73,6850712,122334.14285714286
2026-03-08,GOLD,1,1,9,332450,332450.0
2026-03-08,SILVER,1,1,1,149200,149200.0
2026-03-09,FAMILY,57,57,77,7117308,124865.05263157895
2026-03-09,SILVER,2,2,2,257260,128630.0
2026-03-10,FAMILY,47,47,69,6183293,131559.4255319149
2026-03-10,SILVER,1,1,1,145210,145210.0
2026-03-11,FAMILY,51,49,63,5992294,117495.96078431372
2026-03-11,GOLD,1,1,1,205810,205810.0
2026-03-12,FAMILY,56,54,66,5439473,97133.44642857143
2026-03-12,SILVER,3,3,8,748000,249333.33333333334
2026-03-12,TITANIUM,1,1,2,246880,246880.0
2026-03-12,GOLD,1,1,1,25760,25760.0
2026-03-13,FAMILY,47,47,57,4771750,101526.59574468085
2026-03-14,FAMILY,53,53,74,5470941,103225.30188679245
2026-03-14,SILVER,2,1,3,572700,286350.0
2026-03-15,FAMILY,54,54,70,5885065,108982.68518518518
2026-03-15,SILVER,5,5,7,505540,101108.0
2026-03-15,TITANIUM,2,1,5,292010,146005.0
2026-03-16,FAMILY,49,49,70,6132500,125153.0612244898
2026-03-16,SILVER,1,1,1,119000,119000.0
2026-03-17,FAMILY,49,47,66,4952830,101078.16326530612
2026-03-17,SILVER,2,2,5,404930,202465.0
2026-03-18,FAMILY,54,54,90,7002060,129667.77777777778
2026-03-18,SILVER,1,1,1,253190,253190.0
2026-03-18,TITANIUM,1,1,1,93200,93200.0
2026-03-19,FAMILY,48,47,59,4639080,96647.5
2026-03-19,SILVER,3,3,8,655430,218476.66666666666
2026-03-20,FAMILY,47,47,59,5250660,111716.17021276595
2026-03-20,SILVER,3,3,7,823420,274473.3333333333
2026-03-21,FAMILY,40,39,54,5588550,139713.75
2026-03-21,SILVER,2,2,2,230830,115415.0
2026-03-21,GOLD,1,1,2,68740,68740.0
2026-03-22,FAMILY,49,48,67,4356660,88911.42857142857
2026-03-22,GOLD,1,1,6,370320,370320.0
2026-03-22,SILVER,2,2,2,123300,61650.0
2026-03-23,FAMILY,55,55,72,6002220,109131.27272727272
2026-03-23,SILVER,2,2,2,65510,32755.0
2026-03-24,FAMILY,44,43,57,4311220,97982.27272727272
2026-03-24,SILVER,3,3,4,397590,132530.0
2026-03-25,FAMILY,59,59,83,6207580,105213.22033898305
2026-03-25,SILVER,2,2,2,331420,165710.0
2026-03-25,GOLD,1,1,5,248930,248930.0
2026-03-26,FAMILY,53,53,73,6413700,121013.2075471698
2026-03-26,SILVER,4,4,9,905470,226367.5
2026-03-26,GOLD,1,1,5,515000,515000.0
2026-03-26,TITANIUM,1,1,2,164200,164200.0
2026-03-27,FAMILY,39,39,49,4944680,126786.66666666667
2026-03-27,SILVER,1,1,1,32800,32800.0
2026-03-28,FAMILY,41,41,58,5010970,122218.78048780488
2026-03-28,SILVER,1,1,1,133200,133200.0
2026-03-29,FAMILY,48,48,71,5583170,116316.04166666667
2026-03-30,FAMILY,52,51,78,6610240,127120.0
2026-03-30,SILVER,4,4,4,341880,85470.0
2026-03-30,GOLD,2,2,5,297710,148855.0
2026-03-31,FAMILY,66,64,97,8995080,136289.0909090909
2026-03-31,SILVER,1,1,3,211400,211400.0
2026-03-31,GOLD,2,2,2,165010,82505.0
2026-04-01,FAMILY,63,63,82,6249360,99196.19047619047
2026-04-01,SILVER,1,1,6,631270,631270.0
2026-04-02,FAMILY,52,51,408,23816130,458002.5
2026-04-02,SILVER,4,4,9,713540,178385.0
2026-04-02,TITANIUM,1,1,1,147080,147080.0
2026-04-02,GOLD,1,1,1,92200,92200.0
2026-04-03,FAMILY,55,54,71,5540550,100737.27272727272
2026-04-03,SILVER,1,1,1,45750,45750.0
2026-04-04,FAMILY,40,40,54,3694630,92365.75
2026-04-04,SILVER,2,2,4,380680,190340.0
2026-04-04,GOLD,1,1,1,29790,29790.0
2026-04-05,FAMILY,50,50,72,6872460,137449.2
2026-04-05,SILVER,3,3,5,269160,89720.0
2026-04-05,GOLD,1,1,2,217600,217600.0
2026-04-05,TITANIUM,1,1,1,155000,155000.0
2026-04-06,FAMILY,53,53,67,5564340,104987.54716981133
2026-04-06,SILVER,3,3,4,182750,60916.666666666664
2026-04-07,FAMILY,64,64,81,6025900,94154.6875
2026-04-07,SILVER,2,2,2,227510,113755.0
2026-04-07,TITANIUM,1,1,2,195440,195440.0
2026-04-08,FAMILY,58,57,83,6268040,108069.6551724138
2026-04-08,SILVER,3,3,3,221510,73836.66666666667
2026-04-08,GOLD,1,1,2,208200,208200.0
2026-04-09,FAMILY,73,73,106,7480170,102468.08219178082
2026-04-09,SILVER,2,2,3,407340,203670.0
2026-04-09,GOLD,1,1,2,119250,119250.0
2026-04-10,FAMILY,58,57,83,6823490,117646.37931034483
2026-04-10,SILVER,3,3,5,444490,148163.33333333334
2026-04-10,GOLD,1,1,1,109300,109300.0
2026-04-11,FAMILY,49,47,62,5125060,104593.0612244898
2026-04-11,SILVER,1,1,2,78380,78380.0
2026-04-12,FAMILY,76,76,113,7485550,98494.07894736843
2026-04-12,SILVER,3,3,5,384590,128196.66666666667
2026-04-13,FAMILY,59,56,83,7419290,125750.67796610169
2026-04-13,SILVER,2,2,3,378180,189090.0
2026-04-13,GOLD,2,2,3,209230,104615.0
2026-04-14,FAMILY,62,60,89,7183060,115855.80645161291
2026-04-14,SILVER,2,2,6,326330,163165.0
2026-04-15,FAMILY,53,53,69,4466310,84270.0
2026-04-15,SILVER,1,1,1,65000,65000.0
2026-04-16,FAMILY,114,108,163,12402510,108793.94736842105
2026-04-16,SILVER,6,6,7,430800,71800.0
2026-04-16,TITANIUM,1,1,2,244600,244600.0
2026-04-16,GOLD,1,1,1,73520,73520.0
2026-04-17,FAMILY,59,59,98,8096380,137226.77966101695
2026-04-18,FAMILY,57,57,77,6328890,111033.15789473684
2026-04-18,SILVER,7,6,18,1224470,174924.2857142857
2026-04-18,GOLD,2,2,4,215600,107800.0
2026-04-19,FAMILY,89,88,132,10182090,114405.50561797753
2026-04-19,SILVER,2,2,2,113870,56935.0
2026-04-20,FAMILY,66,65,86,7618500,115431.81818181818
2026-04-20,SILVER,5,5,13,861020,172204.0
2026-04-21,FAMILY,77,75,96,7321150,95079.87012987013
2026-04-21,SILVER,6,6,13,707050,117841.66666666667
2026-04-22,FAMILY,56,55,71,6431810,114853.75
2026-04-22,SILVER,2,2,4,284750,142375.0
2026-04-23,FAMILY,72,70,139,10806920,150096.11111111112
2026-04-23,SILVER,6,6,11,801810,133635.0
2026-04-24,FAMILY,58,57,90,7496830,129255.68965517242
2026-04-24,SILVER,5,5,8,569470,113894.0
2026-04-24,GOLD,1,1,1,49000,49000.0
2026-04-25,FAMILY,63,62,74,5611170,89066.19047619047
2026-04-25,SILVER,4,3,12,831830,207957.5
2026-04-26,FAMILY,75,70,117,8040420,107205.6
2026-04-26,SILVER,6,6,11,920580,153430.0
2026-04-26,GOLD,1,1,1,115710,115710.0
2026-04-27,FAMILY,76,73,103,7197010,94697.5
2026-04-27,SILVER,9,8,26,1730160,192240.0
2026-04-28,FAMILY,85,85,116,9000190,105884.58823529411
2026-04-28,SILVER,3,3,3,277760,92586.66666666667
2026-04-28,GOLD,3,3,4,261630,87210.0
2026-04-28,TITANIUM,1,1,1,127200,127200.0
2026-04-29,FAMILY,50,50,64,4728960,94579.2
2026-04-29,SILVER,6,6,6,423840,70640.0
2026-04-29,GOLD,2,2,3,274950,137475.0
2026-04-30,FAMILY,71,70,109,7342250,103411.97183098592
2026-04-30,SILVER,3,3,4,382330,127443.33333333333
2026-05-01,FAMILY,146,144,184,9648968,66088.82191780822
2026-05-01,SILVER,15,13,25,2088899,139259.93333333332
2026-05-02,FAMILY,101,99,134,8185680,81046.33663366336
2026-05-02,SILVER,5,5,9,389030,77806.0
2026-05-03,FAMILY,78,78,112,7134940,91473.58974358975
2026-05-03,SILVER,4,4,6,320750,80187.5
2026-05-04,FAMILY,81,80,107,6896010,85135.92592592593
2026-05-04,SILVER,2,2,2,146070,73035.0
2026-05-05,FAMILY,273,272,355,14893390,54554.542124542124
2026-05-05,SILVER,17,17,27,1223870,71992.35294117648
2026-05-06,FAMILY,114,112,152,8486280,74441.05263157895
2026-05-06,SILVER,7,6,13,793740,113391.42857142857
2026-05-07,FAMILY,117,116,184,10752410,91900.94017094017
2026-05-07,SILVER,11,11,14,733900,66718.18181818182
2026-05-07,TITANIUM,1,1,4,262460,262460.0
2026-05-08,FAMILY,78,77,93,5915470,75839.35897435897
2026-05-08,SILVER,5,5,7,403100,80620.0
2026-05-09,FAMILY,74,72,96,5236020,70757.02702702703
2026-05-09,SILVER,2,2,3,126910,63455.0
2026-05-10,FAMILY,435,435,556,24638730,56640.75862068965
2026-05-10,SILVER,24,23,42,2155190,89799.58333333333
2026-05-10,GOLD,3,3,4,168670,56223.333333333336
2026-05-11,FAMILY,59,57,72,6107680,103520.0
2026-05-11,SILVER,2,2,7,547700,273850.0
2026-05-12,FAMILY,49,48,91,6958200,142004.08163265305
2026-05-12,SILVER,2,2,2,103840,51920.0
2026-05-13,FAMILY,59,57,88,5919480,100330.16949152542
2026-05-13,SILVER,5,4,5,480820,96164.0
2026-05-13,GOLD,1,1,1,75720,75720.0
2026-05-14,FAMILY,50,49,66,4602940,92058.8
2026-05-14,SILVER,3,3,3,263350,87783.33333333333
2026-05-14,TITANIUM,1,1,1,38150,38150.0
2026-05-15,FAMILY,22,22,42,2614050,118820.45454545454
2026-05-15,SILVER,3,3,4,208600,69533.33333333333
