dow_num,weekday,order_hour,orders,buyers,quantity,revenue,aov
1,일,0,232,228,298,24991981,107724.05603448275
1,일,1,157,157,228,18117279,115396.68152866242
1,일,2,78,76,110,7534210,96592.43589743589
1,일,3,53,53,68,5663370,106856.03773584905
1,일,4,31,30,38,3648680,117699.35483870968
1,일,5,54,53,66,4797655,88845.46296296296
1,일,6,65,65,85,6262862,96351.72307692308
1,일,7,146,143,203,15773313,108036.3904109589
1,일,8,223,221,307,21971594,98527.3273542601
1,일,9,1026,977,1352,63521936,61912.21832358674
1,일,10,877,843,1168,66540922,75873.34321550741
1,일,11,720,700,956,57955735,80494.07638888889
1,일,12,559,550,715,48534936,86824.572450805
1,일,13,557,547,766,51166650,91861.13105924596
1,일,14,588,578,778,60887177,103549.62074829932
1,일,15,753,735,1061,72676601,96516.07038512616
1,일,16,821,811,1080,69312653,84424.66869671133
1,일,17,781,769,1011,74888256,95887.65172855313
1,일,18,764,758,1001,77078094,100887.55759162303
1,일,19,788,767,1034,78359350,99440.79949238579
1,일,20,865,841,1189,90841376,105018.93179190751
1,일,21,950,912,1257,91280155,96084.37368421053
1,일,22,908,878,1241,91938188,101253.51101321586
1,일,23,857,816,1204,85785528,100099.7992998833
2,월,0,280,278,381,29217973,104349.90357142857
2,월,1,138,137,177,13155047,95326.42753623189
2,월,2,88,87,117,9023420,102538.86363636363
2,월,3,46,45,61,4231180,91982.17391304347
2,월,4,43,43,52,4234186,98469.44186046511
2,월,5,56,56,67,5986622,106903.96428571429
2,월,6,88,88,136,11146455,126664.26136363637
2,월,7,176,173,238,18713152,106324.72727272728
2,월,8,305,295,413,30395832,99658.46557377049
2,월,9,430,416,646,45721759,106329.67209302326
2,월,10,541,516,764,61694258,114037.44547134935
2,월,11,658,632,961,73282827,111372.07750759879
2,월,12,566,551,798,60401642,106716.68197879859
2,월,13,604,585,851,69197451,114565.31622516556
2,월,14,512,497,748,60546211,118254.318359375
2,월,15,527,517,713,52381623,99395.86907020873
2,월,16,519,510,777,55551225,107035.11560693642
2,월,17,469,451,745,55398383,118120.21961620469
2,월,18,414,405,552,44760976,108118.29951690821
2,월,19,416,410,578,48139302,115719.47596153847
2,월,20,499,491,650,56939297,114106.80761523046
2,월,21,559,540,749,57787082,103375.8175313059
2,월,22,510,498,695,59163708,116007.27058823529
2,월,23,480,470,628,53529896,111520.61666666667
3,화,0,259,259,349,26948260,104047.3359073359
3,화,1,121,115,160,12097660,99980.66115702479
3,화,2,67,66,92,7134860,106490.44776119402
3,화,3,29,29,43,3755563,129502.1724137931
3,화,4,36,36,46,2943570,81765.83333333333
3,화,5,60,60,91,7500840,125014.0
3,화,6,93,92,133,9674610,104028.06451612903
3,화,7,186,183,263,23431960,125978.27956989247
3,화,8,308,304,432,35182120,114227.66233766233
3,화,9,512,494,731,53714309,104910.759765625
3,화,10,554,526,758,58743794,106035.72924187726
3,화,11,471,458,671,57708585,122523.53503184713
3,화,12,436,419,630,51908330,119055.80275229357
3,화,13,471,453,903,67358431,143011.53078556265
3,화,14,451,426,728,52386949,116157.31485587583
3,화,15,634,611,984,71749742,113169.94006309149
3,화,16,609,583,896,59876510,98319.39244663382
3,화,17,518,508,861,57439725,110887.5
3,화,18,463,449,602,45901226,99138.71706263498
3,화,19,484,477,615,50518394,104376.84710743802
3,화,20,488,469,654,50333402,103142.21721311475
3,화,21,516,509,688,54209290,105056.76356589147
3,화,22,572,559,765,58826580,102843.67132867133
3,화,23,484,472,678,53589074,110721.22727272728
4,수,0,249,247,352,27036531,108580.44578313253
4,수,1,128,126,185,14254049,111359.7578125
4,수,2,76,75,96,6923780,91102.36842105263
4,수,3,35,34,48,3681140,105175.42857142857
4,수,4,46,46,56,4557890,99084.56521739131
4,수,5,62,61,86,5887005,94951.69354838709
4,수,6,124,122,154,12648662,102005.33870967742
4,수,7,209,205,281,22155592,106007.61722488038
4,수,8,313,309,431,31027701,99130.03514376997
4,수,9,485,472,720,50630625,104393.0412371134
4,수,10,546,530,960,64926058,118912.19413919414
4,수,11,550,527,802,58680592,106691.98545454546
4,수,12,515,505,725,63605020,123504.89320388349
4,수,13,486,474,737,60936066,125382.85185185185
4,수,14,520,511,862,65974227,126873.51346153846
4,수,15,578,564,831,59413036,102790.71972318339
4,수,16,508,496,650,52178448,102713.48031496063
4,수,17,455,436,700,61860831,135957.87032967032
4,수,18,414,410,580,41783643,100926.67391304347
4,수,19,394,379,574,48271694,122516.98984771574
4,수,20,451,446,602,49142258,108962.87804878049
4,수,21,577,562,789,61134032,105951.52859618717
4,수,22,553,536,808,67862067,122716.21518987342
4,수,23,426,406,641,44978936,105584.35680751174
5,목,0,247,245,392,31110192,125952.1943319838
5,목,1,105,105,149,10282070,97924.47619047618
5,목,2,79,79,123,9067913,114783.70886075949
5,목,3,45,45,60,3751570,83368.22222222222
5,목,4,46,46,65,5240430,113922.39130434782
5,목,5,52,52,70,4916873,94555.25
5,목,6,92,92,111,8746390,95069.45652173914
5,목,7,150,149,195,14584359,97229.06
5,목,8,293,288,378,30423878,103835.76109215018
5,목,9,520,508,852,57291783,110176.50576923077
5,목,10,537,519,770,57169580,106461.04283054004
5,목,11,673,641,934,71459959,106181.21693907875
5,목,12,687,667,960,76371120,111166.1135371179
5,목,13,631,605,1211,87324939,138391.34548335974
5,목,14,573,553,795,63774384,111299.09947643979
5,목,15,533,521,711,55893138,104865.17448405254
5,목,16,528,520,803,70120952,132804.83333333334
5,목,17,488,475,667,53774022,110192.66803278688
5,목,18,454,444,638,49724777,109525.94052863437
5,목,19,455,444,607,50701142,111431.08131868132
5,목,20,489,473,661,55886656,114287.64008179959
5,목,21,531,524,744,61020601,114916.38606403013
5,목,22,550,537,762,60632370,110240.67272727273
5,목,23,461,455,669,46204542,100226.77223427332
6,금,0,264,258,375,29372208,111258.36363636363
6,금,1,136,129,184,14545419,106951.61029411765
6,금,2,82,80,122,9919039,120963.89024390244
6,금,3,52,50,60,5759709,110763.63461538461
6,금,4,46,46,64,4565170,99242.82608695653
6,금,5,73,73,97,8163649,111830.80821917808
6,금,6,112,110,155,11319166,101063.98214285714
6,금,7,175,166,275,19636469,112208.39428571428
6,금,8,290,285,378,37723490,130081.0
6,금,9,676,658,884,58606430,86695.9023668639
6,금,10,812,773,1164,102103012,125742.62561576355
6,금,11,744,715,1200,88396608,118812.64516129032
6,금,12,657,641,835,64491047,98159.88888888889
6,금,13,623,602,864,63541584,101992.91171749598
6,금,14,535,527,840,65066627,121619.86355140187
6,금,15,541,530,777,57086853,105520.98521256931
6,금,16,486,472,639,50300251,103498.45884773662
6,금,17,426,416,636,50574442,118719.34741784037
6,금,18,425,412,551,45169619,106281.45647058824
6,금,19,435,425,565,46199702,106206.21149425287
6,금,20,435,420,610,48450219,111379.81379310344
6,금,21,452,441,601,45446129,100544.5331858407
6,금,22,449,443,589,46891274,104434.90868596883
6,금,23,453,438,606,41899954,92494.37969094922
7,토,0,202,197,290,22691424,112333.78217821782
7,토,1,121,120,174,13360779,110419.66115702479
7,토,2,61,60,82,7140325,117054.5081967213
7,토,3,45,44,55,5417656,120392.35555555555
7,토,4,49,48,66,5295230,108065.91836734694
7,토,5,59,57,75,6268183,106240.38983050847
7,토,6,82,81,102,9199918,112194.12195121951
7,토,7,145,142,221,13771820,94978.06896551725
7,토,8,194,192,264,17865591,92090.67525773196
7,토,9,334,326,440,33338932,99817.1616766467
7,토,10,362,355,464,37062200,102381.7679558011
7,토,11,439,429,588,42780586,97450.0820045558
7,토,12,359,353,468,34699761,96656.71587743732
7,토,13,338,329,465,37390840,110623.78698224852
7,토,14,388,380,524,48399606,124741.25257731958
7,토,15,467,464,626,48402952,103646.57815845824
7,토,16,488,480,635,51504251,105541.49795081967
7,토,17,400,398,555,45566534,113916.335
7,토,18,416,405,563,49682147,119428.23798076923
7,토,19,434,422,579,47779665,110091.39400921659
7,토,20,462,453,616,52494064,113623.51515151515
7,토,21,480,472,654,55378072,115370.98333333334
7,토,22,460,448,606,48310320,105022.43478260869
7,토,23,457,446,653,48379145,105862.46170678338
