order_date,orders,buyers,products,quantity,revenue,aov,coupon_orders
2024-04-16,80,76,97,110,8228890,102861.125,63
2024-04-17,61,60,70,82,5759370,94415.90163934426,44
2024-04-18,51,51,66,86,6144170,120473.92156862745,37
2024-04-19,56,52,71,100,10047580,179421.07142857142,33
2024-04-20,61,61,68,83,6223200,102019.67213114754,45
2024-04-21,52,52,61,77,4255060,81828.07692307692,36
2024-04-22,80,76,91,107,8995080,112438.5,54
2024-04-23,57,55,61,73,5051830,88628.59649122808,39
2024-04-24,58,54,65,76,5800920,100015.86206896552,40
2024-04-25,57,57,54,67,5240620,91940.70175438597,47
2024-04-26,84,83,95,113,8987270,106991.30952380953,52
2024-04-27,65,63,77,88,7164690,110226.0,46
2024-04-28,86,86,100,115,8937850,103928.48837209302,66
2024-04-29,55,55,76,84,5398200,98149.09090909091,40
2024-04-30,75,71,84,106,7829810,104397.46666666666,51
2024-05-01,77,77,88,108,7484910,97206.62337662338,55
2024-05-02,91,89,107,132,9633370,105861.20879120879,52
2024-05-03,70,70,83,105,7245710,103510.14285714286,47
2024-05-04,60,60,60,72,5055780,84263.0,40
2024-05-05,70,69,80,96,7986120,114087.42857142857,51
2024-05-06,65,64,75,85,6924420,106529.53846153847,45
2024-05-07,75,74,99,108,7510620,100141.6,43
2024-05-08,74,73,97,108,8656580,116980.81081081081,47
2024-05-09,56,56,76,80,6054250,108111.60714285714,35
2024-05-10,71,70,78,118,6959530,98021.54929577465,40
2024-05-11,63,59,80,86,6434980,102142.53968253969,41
2024-05-12,72,71,85,100,7156500,99395.83333333333,49
2024-05-13,63,63,75,86,6315460,100245.39682539682,45
2024-05-14,55,55,60,69,5168230,93967.81818181818,36
2024-05-15,90,89,110,131,10477510,116416.77777777778,57
2024-05-16,61,60,68,84,6013520,98582.29508196721,36
2024-05-17,40,40,51,57,3788730,94718.25,26
2024-05-18,56,56,63,71,5065680,90458.57142857143,39
2024-05-19,68,67,80,90,6769580,99552.64705882352,40
2024-05-20,64,64,71,110,7561100,118142.1875,47
2024-05-21,60,59,75,85,6100580,101676.33333333333,36
2024-05-22,57,57,70,79,5433380,95322.45614035087,38
2024-05-23,55,55,70,76,5408220,98331.27272727272,40
2024-05-24,54,50,66,85,5089230,94245.0,35
2024-05-25,39,38,49,51,3802550,97501.28205128205,23
2024-05-26,69,67,81,98,6912900,100186.95652173914,44
2024-05-27,80,77,121,142,9537630,119220.375,55
2024-05-28,55,52,78,118,7827380,142316.0,38
2024-05-29,55,55,79,92,6204840,112815.27272727272,30
2024-05-30,56,51,74,94,6572170,117360.17857142857,33
2024-05-31,33,31,58,68,4383760,132841.21212121213,19
2024-06-01,39,39,58,64,4592640,117760.0,31
2024-06-02,51,50,59,66,3970610,77855.09803921569,33
2024-06-03,55,55,67,76,5947160,108130.18181818182,35
2024-06-04,64,64,85,101,6524990,101952.96875,41
2024-06-05,37,35,42,45,3154930,85268.37837837837,22
2024-06-06,56,56,63,70,4805250,85808.03571428571,42
2024-06-07,59,58,68,72,5436090,92137.1186440678,38
2024-06-08,50,49,62,72,5951420,119028.4,31
2024-06-09,59,58,71,81,5973840,101251.52542372882,38
2024-06-10,67,66,74,93,6066640,90546.86567164179,44
2024-06-11,51,49,70,89,4319590,84697.8431372549,35
2024-06-12,56,56,65,86,5275150,94199.10714285714,37
2024-06-13,65,65,87,105,6887610,105963.23076923077,41
2024-06-14,144,141,163,246,15475260,107467.08333333333,51
2024-06-15,54,53,71,88,4895310,90653.88888888889,35
2024-06-16,95,90,117,152,9271870,97598.63157894737,60
2024-06-17,89,87,108,133,8369420,94038.42696629213,49
2024-06-18,101,98,112,154,9670980,95752.27722772278,65
2024-06-19,97,96,113,162,9253340,95395.25773195876,55
2024-06-20,96,95,98,128,7787980,81124.79166666667,65
2024-06-21,72,70,93,110,7063610,98105.69444444444,48
2024-06-22,58,57,66,81,5731450,98818.10344827586,35
2024-06-23,80,80,96,132,8044460,100555.75,52
2024-06-24,90,88,98,124,8283600,92040.0,51
2024-06-25,64,63,82,95,6487900,101373.4375,40
2024-06-26,81,80,89,117,6955500,85870.37037037036,51
2024-06-27,47,46,59,93,5636610,119927.87234042553,28
2024-06-28,55,54,66,77,4540160,82548.36363636363,34
2024-06-29,49,49,56,67,4639310,94679.79591836735,33
2024-06-30,90,90,101,133,10070750,111897.22222222222,46
2024-07-01,72,71,77,101,6613790,91858.19444444444,50
2024-07-02,66,65,84,130,7851370,118960.15151515152,48
2024-07-03,75,63,82,98,6545330,87271.06666666667,51
2024-07-04,56,56,68,84,5338890,95337.32142857143,34
2024-07-05,62,58,77,92,6463880,104256.12903225806,42
2024-07-06,52,50,58,78,4565940,87806.53846153847,34
2024-07-07,41,41,50,59,3692980,90072.68292682926,27
2024-07-08,79,76,80,110,6655350,84244.93670886075,54
2024-07-09,63,57,66,81,5501050,87318.25396825396,32
2024-07-10,77,76,88,109,6000420,77927.53246753247,42
2024-07-11,63,63,73,86,5113710,81170.0,41
2024-07-12,56,56,61,78,5058710,90334.10714285714,32
2024-07-13,46,46,54,61,3776980,82108.26086956522,24
2024-07-14,90,88,86,111,6194190,68824.33333333333,48
2024-07-15,79,79,83,100,6667130,84394.0506329114,43
2024-07-16,66,64,73,96,5166500,78280.30303030302,45
2024-07-17,62,61,77,85,5343780,86190.0,28
2024-07-18,130,130,135,177,11412690,87789.92307692308,109
2024-07-19,81,81,87,111,7021300,86682.71604938271,71
2024-07-20,75,73,77,95,5940550,79207.33333333333,66
2024-07-21,106,106,105,141,9246900,87234.90566037736,92
2024-07-22,74,73,78,99,6958740,94037.02702702703,44
2024-07-23,65,65,75,86,5466620,84101.84615384616,33
2024-07-24,77,77,84,98,6880920,89362.5974025974,45
2024-07-25,88,88,89,116,7254940,82442.5,51
2024-07-26,67,66,90,106,5850870,87326.41791044777,32
2024-07-27,43,43,51,55,3685150,85701.16279069768,32
2024-07-28,60,59,68,79,5280040,88000.66666666667,32
2024-07-29,63,63,64,81,4660510,73976.3492063492,33
2024-07-30,64,63,81,92,5473790,85527.96875,37
2024-07-31,52,51,63,76,4951850,95227.88461538461,30
2024-08-01,61,59,66,79,5015140,82215.40983606558,52
2024-08-02,58,58,68,82,4708200,81175.86206896552,37
2024-08-03,48,47,61,69,4111530,85656.875,33
2024-08-04,58,58,65,78,4709550,81199.13793103448,43
2024-08-05,49,49,57,60,3684220,75188.16326530612,28
2024-08-06,52,51,63,306,18136440,348777.6923076923,32
2024-08-07,35,35,42,79,4478220,127949.14285714286,20
2024-08-08,81,81,85,104,5750020,70987.90123456791,53
2024-08-09,49,47,68,105,6215730,126851.63265306123,30
2024-08-10,53,52,66,76,4002890,75526.22641509434,39
2024-08-11,55,55,59,68,4210960,76562.90909090909,38
2024-08-12,49,49,61,72,4057140,82798.77551020408,31
2024-08-13,41,41,47,53,4080940,99535.12195121951,28
2024-08-14,49,49,60,70,4503890,91916.12244897959,22
2024-08-15,44,44,48,58,3701020,84114.09090909091,31
2024-08-16,49,48,57,62,3764620,76828.97959183673,33
2024-08-17,47,47,52,57,3703200,78791.48936170213,32
2024-08-18,51,50,55,64,3948580,77423.13725490196,32
2024-08-19,54,53,57,71,3425710,63439.07407407407,35
2024-08-20,47,47,46,55,3950430,84051.70212765958,27
2024-08-21,64,64,77,91,4937160,77143.125,44
2024-08-22,63,62,72,87,6815620,108184.44444444444,39
2024-08-23,37,37,46,53,4171930,112754.86486486487,24
2024-08-24,41,41,48,50,3436520,83817.56097560975,23
2024-08-25,59,59,73,85,5411640,91722.71186440678,39
2024-08-26,55,55,65,73,4690720,85285.81818181818,29
2024-08-27,46,45,62,82,5490950,119368.47826086957,30
2024-08-28,48,48,57,65,4438520,92469.16666666667,38
2024-08-29,33,33,34,40,2438130,73882.72727272728,17
2024-08-30,42,42,62,72,3912510,93155.0,22
2024-08-31,39,39,57,72,4001030,102590.51282051283,29
2024-09-01,52,50,74,83,6362180,122349.61538461539,34
2024-09-02,37,37,65,99,4957980,133999.45945945947,30
2024-09-03,52,52,59,66,3672690,70628.65384615384,27
2024-09-04,48,48,64,74,4679770,97495.20833333333,27
2024-09-05,68,67,85,114,7189760,105731.76470588235,50
2024-09-06,39,39,46,56,3147980,80717.43589743589,24
2024-09-07,62,62,69,93,5172590,83428.87096774194,42
2024-09-08,83,82,90,114,6711720,80864.09638554217,50
2024-09-09,33,33,42,50,3793380,114950.90909090909,21
2024-09-10,45,44,59,67,4983360,110741.33333333333,31
2024-09-11,73,73,91,118,6495120,88974.24657534246,45
2024-09-12,254,252,205,336,14901520,58667.40157480315,92
2024-09-13,108,108,111,145,8091550,74921.75925925926,60
2024-09-14,68,68,72,86,4403170,64752.5,27
2024-09-15,74,74,82,101,5143360,69504.86486486487,34
2024-09-16,71,71,77,96,5032699,70883.08450704225,29
2024-09-17,47,46,51,63,2615119,55640.82978723404,26
2024-09-18,133,132,154,210,11455878,86134.42105263157,84
2024-09-19,59,59,64,73,3827529,64873.372881355936,27
2024-09-20,73,73,79,99,5800240,79455.34246575342,31
2024-09-21,73,73,80,103,5924970,81163.97260273973,30
2024-09-22,654,651,256,847,31679093,48438.98012232416,76
2024-09-23,55,53,54,67,5086250,92477.27272727272,34
2024-09-24,48,48,53,65,5349650,111451.04166666667,35
2024-09-25,44,44,42,51,3337089,75842.93181818182,34
2024-09-26,39,39,40,54,3507610,89938.71794871795,28
2024-09-27,43,41,47,59,5493939,127766.02325581395,30
2024-09-28,34,33,33,38,4144870,121907.94117647059,26
2024-09-29,37,37,37,50,3967789,107237.54054054055,30
2024-09-30,96,94,50,120,10423059,108573.53125,63
2024-10-01,93,92,70,126,11738559,126221.06451612903,73
2024-10-02,59,59,66,96,8733730,148029.3220338983,31
2024-10-03,66,64,64,93,8739059,132409.98484848486,41
2024-10-04,46,46,40,62,6258448,136053.21739130435,25
2024-10-05,60,60,51,80,6779368,112989.46666666666,47
2024-10-06,66,66,51,87,7875660,119328.18181818182,49
2024-10-07,60,60,66,81,6583390,109723.16666666667,40
2024-10-08,61,59,63,92,8433439,138253.09836065574,30
2024-10-09,61,60,60,77,6066479,99450.47540983607,41
2024-10-10,67,67,54,84,8315700,124114.92537313433,27
2024-10-11,54,51,58,94,7720260,142967.77777777778,35
2024-10-12,57,57,62,83,7526619,132045.94736842104,36
2024-10-13,59,57,59,73,7790670,132045.25423728814,36
2024-10-14,53,49,60,94,7805669,147276.77358490566,41
2024-10-15,59,58,54,86,7092970,120219.83050847458,31
2024-10-16,84,82,88,113,7527429,89612.25,76
2024-10-17,63,63,79,89,7075550,112310.31746031746,41
2024-10-18,56,56,56,71,5930450,105900.89285714286,41
2024-10-19,56,55,62,90,6726130,120109.46428571429,38
2024-10-20,84,82,82,110,9777189,116395.10714285714,61
2024-10-21,63,62,59,80,6854610,108803.33333333333,42
2024-10-22,60,59,64,79,6258320,104305.33333333333,35
2024-10-23,53,53,55,100,10446476,197103.320754717,31
2024-10-24,70,68,72,91,8073310,115333.0,43
2024-10-25,50,47,59,71,8925750,178515.0,30
2024-10-26,50,49,46,62,5996240,119924.8,33
2024-10-27,68,68,72,94,8018850,117924.26470588235,52
2024-10-28,60,56,71,90,8360180,139336.33333333334,48
2024-10-29,65,64,71,92,11008390,169359.84615384616,57
2024-10-30,53,53,51,74,6789940,128112.07547169812,44
2024-10-31,107,104,102,132,13193929,123307.7476635514,57
2024-11-01,57,56,63,96,8016330,140637.36842105264,37
2024-11-02,52,51,62,68,7525620,144723.46153846153,32
2024-11-03,94,94,101,119,11957050,127202.65957446808,57
2024-11-04,72,72,78,113,8900860,123623.05555555556,43
2024-11-05,94,93,91,120,11233710,119507.55319148937,55
2024-11-06,86,84,99,146,14932040,173628.37209302327,59
2024-11-07,73,71,85,116,11607819,159011.2191780822,37
2024-11-08,57,56,60,76,8336380,146252.28070175438,33
2024-11-09,29,29,30,35,3787879,130616.5172413793,15
2024-11-10,78,78,75,95,9379490,120249.8717948718,53
2024-11-11,48,47,57,68,6545600,136366.66666666666,30
2024-11-12,81,77,80,98,10220740,126181.97530864198,54
2024-11-13,49,47,51,83,6713490,137010.0,28
2024-11-14,64,63,73,87,8081050,126266.40625,42
2024-11-15,229,226,143,304,30463460,133028.2096069869,89
2024-11-16,148,142,106,187,19624565,132598.41216216216,81
2024-11-17,164,162,117,210,21292795,129834.11585365854,103
2024-11-18,206,201,141,279,26768965,129946.43203883494,116
2024-11-19,187,186,125,251,25879859,138394.96791443852,101
2024-11-20,175,173,105,230,23473790,134135.94285714286,101
2024-11-21,210,210,130,269,27496580,130936.09523809524,106
2024-11-22,152,148,104,188,20667515,135970.49342105264,87
2024-11-23,166,163,87,198,20667939,124505.65662650602,94
2024-11-24,215,212,138,282,30203925,140483.37209302327,148
2024-11-25,158,157,111,202,23007640,145617.9746835443,90
2024-11-26,181,179,122,219,22506980,124347.95580110497,102
2024-11-27,245,241,122,294,31658119,129216.81224489796,148
2024-11-28,199,195,127,248,32545010,163542.76381909547,122
2024-11-29,157,156,108,201,26591340,169371.5923566879,105
2024-11-30,153,153,116,193,21211345,138636.24183006535,111
2024-12-01,392,383,212,508,42760045,109081.74744897959,214
2024-12-02,232,230,139,292,31176424,134381.1379310345,143
2024-12-03,177,174,115,220,23537860,132982.25988700564,126
2024-12-04,143,139,102,187,18776190,131302.02797202798,96
2024-12-05,105,103,73,122,14822140,141163.2380952381,78
2024-12-06,197,188,112,271,35072470,178032.8426395939,70
2024-12-07,117,117,83,140,17177780,146818.63247863247,79
2024-12-08,168,161,132,227,25084230,149310.89285714287,113
2024-12-09,136,135,104,164,19398130,142633.3088235294,87
2024-12-10,130,121,105,172,18091789,139167.6076923077,92
2024-12-11,121,119,109,224,31839330,263134.95867768594,75
2024-12-12,107,103,100,145,14530310,135797.28971962616,73
2024-12-13,104,102,84,128,12510710,120295.28846153847,62
2024-12-14,87,87,84,122,11967610,137558.7356321839,53
2024-12-15,134,134,121,179,18137490,135354.40298507462,98
2024-12-16,125,123,104,168,16780020,134240.16,80
2024-12-17,103,101,98,142,13800750,133987.8640776699,72
2024-12-18,104,103,95,142,14783230,142146.4423076923,66
2024-12-19,140,137,112,189,21628050,154486.07142857142,82
2024-12-20,105,104,89,129,13392220,127544.95238095238,77
2024-12-21,93,90,88,136,13113220,141002.36559139786,69
2024-12-22,136,135,105,167,19046453,140047.44852941178,106
2024-12-23,104,101,105,153,17299990,166346.0576923077,75
2024-12-24,107,104,89,147,14185820,132577.7570093458,73
2024-12-25,109,106,108,157,13020540,119454.49541284403,66
2024-12-26,108,108,111,152,11473950,106240.27777777778,59
2024-12-27,94,92,82,114,9994540,106324.89361702128,65
2024-12-28,88,87,87,123,10320620,117279.77272727272,59
2024-12-29,105,104,92,157,13659530,130090.76190476191,82
2024-12-30,84,82,86,108,11335740,134949.2857142857,47
2024-12-31,130,126,106,175,13186660,101435.84615384616,64
2025-01-01,90,88,93,125,10950230,121669.22222222222,59
2025-01-02,108,105,107,146,13818310,127947.31481481482,69
2025-01-03,79,79,75,99,10312420,130536.96202531646,52
2025-01-04,63,63,69,83,9204540,146103.80952380953,44
2025-01-05,80,80,80,97,10454390,130679.875,54
2025-01-06,88,86,86,118,10559040,119989.09090909091,65
2025-01-07,97,97,92,118,13244210,136538.2474226804,69
2025-01-08,101,99,95,131,14005140,138664.75247524751,59
2025-01-09,96,95,103,132,13701100,142719.79166666666,63
2025-01-10,92,88,86,115,12969070,140968.15217391305,52
2025-01-11,74,74,71,95,9275610,125346.08108108108,51
2025-01-12,94,91,94,121,11224810,119412.87234042553,60
2025-01-13,203,200,169,287,21382880,105334.3842364532,89
2025-01-14,116,115,128,175,14578520,125676.89655172414,60
2025-01-15,96,95,95,128,10100010,105208.4375,49
2025-01-16,100,98,112,145,12651570,126515.7,65
2025-01-17,82,82,83,102,7682750,93692.0731707317,46
2025-01-18,56,56,57,71,6090450,108758.03571428571,35
2025-01-19,76,75,93,108,8976210,118108.02631578948,46
2025-01-20,70,70,75,91,8015760,114510.85714285714,45
2025-01-21,90,89,97,123,12543803,139375.5888888889,56
2025-01-22,118,118,109,154,11908660,100920.84745762713,69
2025-01-23,95,94,85,123,9869770,103892.31578947368,69
2025-01-24,59,57,64,72,6241023,105780.05084745762,46
2025-01-25,44,44,44,52,3962910,90066.13636363637,38
2025-01-26,589,583,283,731,28890690,49050.40747028863,318
2025-01-27,455,455,256,552,25325953,55661.435164835166,301
2025-01-28,186,184,155,235,11796600,63422.58064516129,136
2025-01-29,130,129,100,150,8765500,67426.92307692308,93
2025-01-30,212,212,178,246,15930690,75144.7641509434,157
2025-01-31,990,987,351,1164,51526470,52046.93939393939,545
2025-02-01,49,49,45,52,4915760,100321.63265306123,38
2025-02-02,59,58,67,76,8928860,151336.61016949153,46
2025-02-03,48,48,45,50,4847250,100984.375,36
2025-02-04,62,61,58,74,7355490,118636.93548387097,47
2025-02-05,81,79,83,104,11112130,137186.7901234568,64
2025-02-06,76,74,75,92,12050050,158553.2894736842,56
2025-02-07,105,100,76,121,10724390,102137.04761904762,75
2025-02-08,62,59,57,75,7207670,116252.74193548386,45
2025-02-09,98,97,89,122,13235980,135061.02040816325,76
2025-02-10,78,77,80,148,10203100,130808.97435897436,51
2025-02-11,67,65,61,83,7645150,114106.71641791044,48
2025-02-12,53,53,55,62,5460060,103020.0,36
2025-02-13,78,78,70,96,8693750,111458.33333333333,55
2025-02-14,82,79,73,115,8598060,104854.39024390244,59
2025-02-15,51,50,56,67,6850800,134329.41176470587,40
2025-02-16,73,70,74,91,9284020,127178.35616438356,55
2025-02-17,76,72,84,104,9250130,121712.23684210527,54
2025-02-18,64,63,70,92,7423730,115995.78125,46
2025-02-19,64,61,78,159,12690540,198289.6875,46
2025-02-20,134,133,116,166,17654693,131751.44029850746,85
2025-02-21,88,86,82,102,9936392,112913.54545454546,63
2025-02-22,61,61,67,82,6165555,101074.67213114754,43
2025-02-23,91,91,92,114,10716485,117763.57142857143,64
2025-02-24,77,77,66,88,9457718,122827.50649350649,62
2025-02-25,69,69,77,98,8990741,130300.59420289854,47
2025-02-26,72,71,74,90,7496052,104111.83333333333,54
2025-02-27,65,65,78,137,8793000,135276.92307692306,48
2025-02-28,45,45,45,53,3714963,82554.73333333334,38
2025-03-01,63,63,71,89,6777018,107571.71428571429,46
2025-03-02,62,62,60,73,8056796,129948.32258064517,51
2025-03-03,78,78,91,111,8759179,112297.16666666667,60
2025-03-04,55,55,60,65,6163028,112055.05454545455,32
2025-03-05,58,58,62,80,5847711,100822.60344827586,35
2025-03-06,70,70,75,92,9003390,128619.85714285714,55
2025-03-07,62,62,64,82,6656140,107357.09677419355,47
2025-03-08,56,55,67,83,6244774,111513.82142857143,40
2025-03-09,72,71,79,91,7471342,103768.63888888889,47
2025-03-10,56,55,64,223,14127700,252280.35714285713,42
2025-03-11,58,57,64,91,6977850,120307.75862068965,38
2025-03-12,55,53,59,66,5805070,105546.72727272728,40
2025-03-13,75,70,87,111,7065300,94204.0,48
2025-03-14,58,54,65,73,6343100,109363.79310344828,40
2025-03-15,73,72,71,91,6611330,90566.16438356164,47
2025-03-16,66,65,79,91,6612890,100195.30303030302,41
2025-03-17,62,61,69,84,6539030,105468.2258064516,42
2025-03-18,45,45,56,65,4557909,101286.86666666667,26
2025-03-19,70,67,66,88,5732140,81887.71428571429,39
2025-03-20,71,71,66,81,5836110,82198.73239436619,41
2025-03-21,58,56,70,92,5945300,102505.1724137931,35
2025-03-22,42,42,48,56,4505880,107282.85714285714,34
2025-03-23,63,61,73,91,6088950,96650.0,37
2025-03-24,62,61,74,86,5626570,90751.12903225806,44
2025-03-25,70,70,88,123,9048590,129265.57142857143,49
2025-03-26,54,52,62,75,5344300,98968.51851851853,30
2025-03-27,43,43,54,86,4252200,98888.37209302325,32
2025-03-28,45,44,54,64,4891710,108704.66666666667,24
2025-03-29,42,42,49,54,3978970,94737.38095238095,24
2025-03-30,41,40,38,48,3980400,97082.9268292683,22
2025-03-31,40,40,37,46,3150690,78767.25,25
2025-04-01,60,57,68,82,5952340,99205.66666666667,35
2025-04-02,50,49,68,80,5757620,115152.4,34
2025-04-03,76,76,85,104,7030315,92504.1447368421,58
2025-04-04,62,60,76,209,11259360,181602.5806451613,46
2025-04-05,48,47,53,59,3702615,77137.8125,30
2025-04-06,60,59,70,75,5170150,86169.16666666667,41
2025-04-07,65,61,74,118,7561100,116324.61538461539,44
2025-04-08,57,55,72,88,6107465,107148.50877192983,36
2025-04-09,54,53,63,76,4453065,82464.16666666667,36
2025-04-10,70,69,87,96,6577695,93967.07142857143,47
2025-04-11,66,66,83,98,6461015,97894.16666666667,46
2025-04-12,53,53,59,82,5651370,106629.62264150943,36
2025-04-13,82,81,87,115,7460560,90982.43902439025,56
2025-04-14,77,76,92,111,7539140,97910.90909090909,47
2025-04-15,75,75,86,117,6497185,86629.13333333333,43
2025-04-16,65,64,74,103,6182835,95120.53846153847,38
2025-04-17,72,70,77,98,5244950,72846.52777777778,43
2025-04-18,100,100,102,160,8479510,84795.1,62
2025-04-19,48,47,67,85,4425530,92198.54166666667,18
2025-04-20,69,65,78,110,5151370,74657.53623188406,35
2025-04-21,88,87,113,147,9319470,105903.06818181818,46
2025-04-22,70,70,69,88,5969920,85284.57142857143,36
2025-04-23,78,74,84,131,7536400,96620.51282051283,41
2025-04-24,97,94,108,139,9186200,94703.09278350516,48
2025-04-25,79,78,82,137,8666370,109700.88607594937,43
2025-04-26,54,54,60,73,4762840,88200.74074074074,32
2025-04-27,74,73,89,118,8628330,116599.05405405405,46
2025-04-28,78,77,77,91,7000880,89754.8717948718,46
2025-04-29,46,45,50,65,4359840,94779.13043478261,24
2025-04-30,180,179,148,238,9929910,55166.166666666664,51
2025-05-01,121,121,104,141,7228500,59739.669421487604,45
2025-05-02,67,67,73,96,6126040,91433.4328358209,24
2025-05-03,72,71,85,97,5329040,74014.44444444444,31
2025-05-04,57,57,67,87,5393520,94623.15789473684,25
2025-05-05,60,60,68,78,4287760,71462.66666666667,31
2025-05-06,101,99,96,130,8412870,83295.74257425743,41
2025-05-07,77,77,76,93,6616600,85929.87012987013,35
2025-05-08,51,51,58,69,4679870,91762.1568627451,23
2025-05-09,59,57,66,81,4704110,79730.67796610169,22
2025-05-10,51,51,51,65,3260490,63931.17647058824,25
2025-05-11,424,421,253,529,22118900,52167.21698113208,91
2025-05-12,59,58,77,97,5160290,87462.54237288136,34
2025-05-13,52,51,53,65,3511840,67535.38461538461,31
2025-05-14,54,53,62,71,5318600,98492.5925925926,29
2025-05-15,61,61,75,84,5602730,91848.03278688525,33
2025-05-16,63,61,79,98,5722770,90837.61904761905,37
2025-05-17,37,36,41,47,3555720,96100.54054054055,19
2025-05-18,45,43,54,62,3863540,85856.44444444444,27
2025-05-19,57,54,65,72,4388960,76999.29824561403,36
2025-05-20,71,70,96,112,6855680,96558.87323943662,43
2025-05-21,77,73,87,131,9166250,119042.20779220779,40
2025-05-22,61,61,82,103,6406190,105019.5081967213,29
2025-05-23,56,56,64,74,4502780,80406.78571428571,31
2025-05-24,53,50,56,70,4116200,77664.15094339622,19
2025-05-25,57,57,67,75,5075790,89048.94736842105,43
2025-05-26,78,77,93,131,8863530,113635.0,45
2025-05-27,62,61,70,85,5354930,86369.83870967742,30
2025-05-28,61,60,62,84,4695080,76968.52459016393,26
2025-05-29,107,106,96,143,9049180,84571.77570093458,51
2025-05-30,53,51,54,66,4267650,80521.69811320755,33
2025-05-31,61,61,60,72,4737640,77666.22950819672,27
2025-06-01,68,68,80,100,5497320,80842.94117647059,38
2025-06-02,66,65,73,92,6222160,94275.15151515152,37
2025-06-03,52,52,55,66,4200500,80778.84615384616,25
2025-06-04,52,52,48,108,7617130,146483.26923076922,28
2025-06-05,40,39,47,59,3413320,85333.0,19
2025-06-06,48,48,50,59,3172190,66087.29166666667,26
2025-06-07,57,56,68,77,4537340,79602.45614035087,38
2025-06-08,127,124,123,170,10029290,78970.78740157481,61
2025-06-09,80,79,86,120,8598460,107480.75,51
2025-06-10,77,76,83,103,6594710,85645.58441558441,50
2025-06-11,74,74,81,108,7041920,95161.08108108108,42
2025-06-12,89,89,88,141,8258710,92794.49438202247,52
2025-06-13,66,66,81,91,5347640,81024.84848484848,34
2025-06-14,86,84,83,110,7430530,86401.51162790698,53
2025-06-15,88,88,101,128,7707970,87590.56818181818,59
2025-06-16,74,72,83,96,5881170,79475.27027027027,47
2025-06-17,80,80,96,225,10243060,128038.25,50
2025-06-18,69,69,87,140,8103950,117448.55072463768,36
2025-06-19,79,78,97,120,8190100,103672.15189873418,52
2025-06-20,131,126,100,157,11580790,88402.97709923664,65
2025-06-21,58,57,66,84,5226020,90103.79310344828,35
2025-06-22,70,70,71,84,6153520,87907.42857142857,47
2025-06-23,71,71,76,95,5955500,83880.28169014085,47
2025-06-24,66,65,69,86,5746780,87072.42424242424,39
2025-06-25,76,76,69,91,6268550,82480.92105263157,44
2025-06-26,64,62,71,79,5664660,88510.3125,46
2025-06-27,199,182,70,232,13100470,65831.50753768845,165
2025-06-28,77,73,69,103,5836180,75794.54545454546,58
2025-06-29,82,80,74,95,5675650,69215.24390243902,62
2025-06-30,85,83,109,190,10578390,124451.64705882352,58
2025-07-01,67,66,87,103,6103510,91097.16417910448,47
2025-07-02,80,77,75,108,6190480,77381.0,54
2025-07-03,76,74,75,97,5528900,72748.68421052632,53
2025-07-04,101,98,110,156,8370690,82878.11881188118,57
2025-07-05,74,73,86,116,7034690,95063.37837837837,51
2025-07-06,99,99,103,136,7769020,78474.9494949495,60
2025-07-07,109,107,118,157,8890385,81563.16513761468,59
2025-07-08,110,110,116,159,9445600,85869.09090909091,73
2025-07-09,130,123,149,227,16402020,126169.38461538461,86
2025-07-10,88,88,108,133,8951580,101722.5,49
2025-07-11,84,82,96,124,7626550,90792.26190476191,56
2025-07-12,74,69,103,123,7972175,107732.0945945946,42
2025-07-13,81,81,107,139,7716080,95260.24691358025,58
2025-07-14,76,69,88,114,8220020,108158.15789473684,52
2025-07-15,73,67,87,103,7394365,101292.67123287672,45
2025-07-16,89,86,99,135,9896035,111191.40449438202,65
2025-07-17,140,133,151,233,15225240,108751.71428571429,96
2025-07-18,92,91,101,124,8313725,90366.57608695653,56
2025-07-19,77,75,86,100,6899535,89604.35064935064,55
2025-07-20,92,92,116,140,8724280,94829.13043478261,60
2025-07-21,86,84,102,122,7803200,90734.88372093023,56
2025-07-22,78,78,106,121,7823205,100297.5,57
2025-07-23,79,77,98,178,12067565,152753.98734177215,49
2025-07-24,68,67,81,154,11376920,167307.64705882352,41
2025-07-25,66,65,80,94,5488655,83161.43939393939,41
2025-07-26,79,76,87,107,6813815,86250.82278481012,48
2025-07-27,75,74,82,93,5249350,69991.33333333333,49
2025-07-28,90,88,100,139,7420635,82451.5,66
2025-07-29,84,83,101,121,6834745,81366.01190476191,58
2025-07-30,89,87,114,141,9041580,101590.78651685393,66
2025-07-31,86,85,101,121,7533385,87597.5,59
2025-08-01,90,90,109,162,9230630,102562.55555555556,56
2025-08-02,62,62,72,96,5509190,88857.90322580645,41
2025-08-03,85,80,83,108,7366340,86662.82352941176,58
2025-08-04,60,60,73,82,5018540,83642.33333333333,40
2025-08-05,63,62,77,91,4658290,73941.11111111111,37
2025-08-06,76,73,86,105,5812270,76477.23684210527,46
2025-08-07,74,74,88,107,5953510,80452.83783783784,40
2025-08-08,48,47,58,226,9541470,198780.625,35
2025-08-09,52,47,73,86,5404030,103923.65384615384,37
2025-08-10,55,53,64,85,4387410,79771.09090909091,27
2025-08-11,45,44,55,63,3281860,72930.22222222222,22
2025-08-12,45,45,57,64,3682640,81836.44444444444,27
2025-08-13,56,55,78,85,4466440,79757.85714285714,35
2025-08-14,32,32,34,42,2347900,73371.875,20
2025-08-15,44,43,47,59,3170550,72057.95454545454,32
2025-08-16,51,50,56,67,3937800,77211.76470588235,32
2025-08-17,52,52,60,75,4676700,89936.53846153847,36
2025-08-18,44,43,49,58,3205290,72847.5,26
2025-08-19,48,48,51,206,11774320,245298.33333333334,31
2025-08-20,55,53,68,88,6400140,116366.18181818182,41
2025-08-21,60,60,62,75,4848540,80809.0,34
2025-08-22,40,39,51,59,3555150,88878.75,24
2025-08-23,57,57,68,77,4932360,86532.63157894737,30
2025-08-24,54,54,69,77,4770220,88337.4074074074,32
2025-08-25,56,55,69,81,4811550,85920.53571428571,34
2025-08-26,49,49,62,75,3817450,77907.14285714286,32
2025-08-27,45,45,55,62,3854430,85654.0,30
2025-08-28,58,58,68,82,5270640,90873.10344827586,34
2025-08-29,39,39,47,51,3905470,100140.2564102564,21
2025-08-30,50,50,53,65,4123750,82475.0,33
2025-08-31,47,47,52,64,4014610,85417.23404255319,28
2025-09-01,68,67,75,135,6813940,100205.0,42
2025-09-02,60,59,71,81,4359850,72664.16666666667,38
2025-09-03,63,62,67,95,5481810,87012.85714285714,45
2025-09-04,61,59,73,100,5408430,88662.7868852459,30
2025-09-05,52,52,59,70,4644290,89313.26923076923,33
2025-09-06,49,48,58,65,4126670,84217.75510204081,35
2025-09-07,72,72,75,91,6050190,84030.41666666667,48
2025-09-08,67,66,61,81,5726000,85462.68656716419,47
2025-09-09,71,60,81,105,8662550,122007.74647887323,47
2025-09-10,51,51,61,77,5515170,108140.58823529411,34
2025-09-11,46,45,49,57,3542790,77017.17391304347,25
2025-09-12,41,40,54,61,4392550,107135.36585365854,32
2025-09-13,34,33,39,43,3110950,91498.5294117647,22
2025-09-14,44,42,53,61,3864270,87824.31818181818,30
2025-09-15,131,128,128,192,10584300,80796.18320610687,59
2025-09-16,80,80,92,205,14865650,185820.625,50
2025-09-17,71,71,86,166,8527860,120110.7042253521,46
2025-09-18,115,115,109,172,10804850,93955.21739130435,53
2025-09-19,96,96,92,152,12383820,128998.125,46
2025-09-20,62,62,73,91,7020820,113239.03225806452,32
2025-09-21,103,102,96,146,10504820,101988.54368932039,64
2025-09-22,90,90,103,138,8464430,94049.22222222222,54
2025-09-23,133,130,139,216,10917646,82087.56390977444,68
2025-09-24,103,102,103,132,8350190,81069.80582524271,59
2025-09-25,138,138,128,170,12950950,93847.46376811594,77
2025-09-26,82,81,93,121,8431930,102828.41463414633,43
2025-09-27,68,68,65,84,5572880,81954.11764705883,36
2025-09-28,209,208,191,308,16517930,79033.15789473684,90
2025-09-29,67,67,60,88,7330350,109408.20895522388,37
2025-09-30,79,77,82,110,8117950,102758.86075949368,45
2025-10-01,256,254,188,330,14945210,58379.7265625,74
2025-10-02,118,118,112,156,8146240,69035.93220338984,46
2025-10-03,81,80,91,110,5979750,73824.07407407407,36
2025-10-04,66,66,65,80,5109800,77421.21212121213,30
2025-10-05,82,81,92,116,6668770,81326.46341463414,37
2025-10-06,71,71,74,93,5236860,73758.59154929577,25
2025-10-07,77,77,79,98,5901720,76645.71428571429,34
2025-10-08,68,68,72,105,7290710,107216.32352941176,29
2025-10-09,105,105,113,150,9657210,91973.42857142857,61
2025-10-10,96,95,94,127,7534780,78487.29166666667,50
2025-10-11,83,81,82,112,6759190,81436.02409638555,34
2025-10-12,1059,1053,438,1387,48894170,46170.132200188855,242
2025-10-13,66,64,83,90,7226830,109497.42424242424,39
2025-10-14,56,55,66,80,5730630,102332.67857142857,32
2025-10-15,67,66,70,83,6309980,94178.80597014926,43
2025-10-16,53,53,61,67,5170860,97563.39622641509,34
2025-10-17,79,77,83,92,8649066,109481.84810126582,51
2025-10-18,77,76,79,91,7629120,99079.48051948052,40
2025-10-19,86,84,97,127,9815590,114134.76744186046,46
2025-10-20,90,82,104,129,12248650,136096.11111111112,62
2025-10-21,122,121,124,170,16524340,135445.40983606558,80
2025-10-22,77,77,86,105,9431790,122490.77922077922,49
2025-10-23,82,82,100,126,11071880,135022.92682926828,51
2025-10-24,64,64,83,96,8954690,139917.03125,41
2025-10-25,44,43,54,64,5525510,125579.77272727272,27
2025-10-26,72,72,77,101,9804250,136170.13888888888,56
2025-10-27,119,117,143,187,17287170,145270.33613445377,82
2025-10-28,93,90,104,132,13893720,149394.83870967742,70
2025-10-29,89,87,95,124,10910700,122592.13483146067,57
2025-10-30,61,60,70,200,10705730,175503.77049180327,43
2025-10-31,72,72,75,103,9480610,131675.13888888888,50
2025-11-01,49,48,50,61,5235940,106855.91836734694,36
2025-11-02,75,74,78,95,9704080,129387.73333333334,55
2025-11-03,103,101,102,141,14789720,143589.5145631068,67
2025-11-04,85,81,97,113,12153050,142977.0588235294,63
2025-11-05,70,68,87,103,9116540,130236.28571428571,41
2025-11-06,56,55,65,74,5380400,96078.57142857143,37
2025-11-07,54,53,62,70,6160180,114077.4074074074,37
2025-11-08,38,38,59,63,5245440,138037.8947368421,27
2025-11-09,78,77,78,98,7910410,101415.51282051283,52
2025-11-10,97,94,95,117,11459530,118139.48453608247,63
2025-11-11,83,81,101,132,12269530,147825.6626506024,65
2025-11-12,79,75,87,136,9945700,125894.93670886075,59
2025-11-13,72,71,72,90,9283730,128940.69444444444,50
2025-11-14,76,73,85,104,10925010,143750.13157894736,60
2025-11-15,52,52,62,75,9433250,181408.65384615384,38
2025-11-16,67,66,79,100,9401170,140315.97014925373,48
2025-11-17,97,97,106,137,15591200,160734.0206185567,76
2025-11-18,101,98,97,123,13872430,137350.79207920792,76
2025-11-19,99,97,102,144,11707330,118255.85858585859,69
2025-11-20,63,63,70,84,9077670,144090.0,46
2025-11-21,222,220,162,304,31906165,143721.46396396396,119
2025-11-22,137,135,115,182,22170595,161829.16058394162,93
2025-11-23,189,186,164,247,24868590,131579.84126984127,114
2025-11-24,151,150,127,209,21502375,142399.8344370861,102
2025-11-25,163,156,145,235,24342530,149340.67484662577,98
2025-11-26,155,152,142,222,27782265,179240.4193548387,111
2025-11-27,207,205,174,326,31393870,151661.2077294686,125
2025-11-28,160,158,135,256,35217980,220112.375,119
2025-11-29,162,160,121,229,25756710,158992.03703703705,125
2025-11-30,369,365,207,489,53514610,145026.0433604336,228
2025-12-01,85,85,87,102,9125840,107362.82352941176,55
2025-12-02,78,76,70,136,11581600,148482.05128205128,61
2025-12-03,113,110,127,266,16575130,146682.5663716814,84
2025-12-04,194,190,152,333,45514780,234612.2680412371,125
2025-12-05,162,160,133,225,20011200,123525.92592592593,106
2025-12-06,134,132,116,176,22862660,170616.8656716418,100
2025-12-07,161,159,130,218,27758550,172413.35403726707,118
2025-12-08,121,121,111,158,19422640,160517.68595041323,87
2025-12-09,113,111,119,166,16121900,142671.6814159292,79
2025-12-10,84,83,87,126,13382610,159316.7857142857,57
2025-12-11,110,110,89,128,14833400,134849.0909090909,85
2025-12-12,121,113,108,163,23787720,196592.72727272726,51
2025-12-13,117,116,106,152,19606380,167575.89743589744,83
2025-12-14,149,148,151,210,23992590,161024.09395973154,103
2025-12-15,215,211,174,331,27275460,126862.6046511628,108
2025-12-16,149,148,134,189,20308700,136300.0,84
2025-12-17,124,122,123,210,23611730,190417.17741935485,67
2025-12-18,123,122,128,186,15227460,123800.48780487805,66
2025-12-19,104,102,102,134,15582570,149832.40384615384,55
2025-12-20,94,93,96,133,12611100,134160.63829787233,60
2025-12-21,128,125,139,187,17322820,135334.53125,74
2025-12-22,126,125,117,179,17240390,136828.49206349207,80
2025-12-23,141,138,128,190,14917970,105801.20567375887,76
2025-12-24,99,97,93,147,20415750,206219.69696969696,54
2025-12-25,117,116,121,162,17056810,145784.70085470084,75
2025-12-26,138,137,143,208,21703460,157271.4492753623,78
2025-12-27,104,104,105,137,13107200,126030.76923076923,64
2025-12-28,120,120,130,181,16946790,141223.25,91
2025-12-29,94,93,96,125,14033510,149292.6595744681,67
2025-12-30,115,113,99,143,13646290,118663.39130434782,82
2025-12-31,132,122,120,219,16847420,127631.9696969697,84
2026-01-01,110,108,103,143,14256810,129607.36363636363,75
2026-01-02,99,98,94,130,12880010,130101.11111111111,68
2026-01-03,69,69,72,87,8633710,125126.23188405797,50
2026-01-04,113,111,111,147,15542510,137544.33628318584,87
2026-01-05,85,85,83,106,12508440,147158.11764705883,63
2026-01-06,88,86,87,112,11570770,131486.02272727274,55
2026-01-07,90,89,95,117,13438060,149311.77777777778,62
2026-01-08,102,96,103,131,14102440,138259.21568627452,71
2026-01-09,132,131,109,189,17642380,133654.39393939395,90
2026-01-10,86,84,75,110,9546680,111007.90697674418,65
2026-01-11,104,102,97,132,14021920,134826.15384615384,72
2026-01-12,93,91,80,113,11668550,125468.27956989247,58
2026-01-13,87,87,81,113,9913710,113950.68965517242,68
2026-01-14,84,83,89,113,10725300,127682.14285714286,60
2026-01-15,72,70,78,97,7659670,106384.30555555556,48
2026-01-16,50,48,57,70,5422590,108451.8,37
2026-01-17,59,59,67,82,7619740,129148.13559322034,41
2026-01-18,79,79,80,102,12020810,152162.15189873418,60
2026-01-19,82,81,96,124,10771260,131356.82926829267,60
2026-01-20,85,85,85,102,10740810,126362.4705882353,55
2026-01-21,72,71,88,103,9881170,137238.47222222222,50
2026-01-22,97,96,98,128,11622550,119820.10309278351,54
2026-01-23,61,61,67,92,9554990,156639.18032786885,45
2026-01-24,70,67,69,92,10642720,152038.85714285713,48
2026-01-25,84,81,83,117,11177960,133070.95238095237,62
2026-01-26,78,78,72,99,10098170,129463.71794871795,51
2026-01-27,70,70,73,100,9755290,139361.2857142857,55
2026-01-28,69,69,80,93,9874500,143108.69565217392,55
2026-01-29,57,56,75,91,8813126,154616.24561403508,40
2026-01-30,146,142,148,200,14658787,100402.6506849315,77
2026-01-31,129,127,127,189,15335583,118880.48837209302,68
2026-02-01,133,132,116,182,12499461,93980.90977443609,75
2026-02-02,92,92,87,124,10452634,113615.58695652174,61
2026-02-03,76,74,84,111,9210076,121185.21052631579,42
2026-02-04,93,93,89,119,10229388,109993.41935483871,57
2026-02-05,89,88,102,132,10610299,119216.84269662922,59
2026-02-06,122,122,120,159,10162938,83302.77049180328,54
2026-02-07,68,68,88,108,9202587,135332.16176470587,53
2026-02-08,81,79,74,99,6126175,75631.79012345678,48
2026-02-09,93,92,85,120,8390676,90222.32258064517,57
2026-02-10,104,103,98,137,10246457,98523.625,65
2026-02-11,83,83,84,123,7788241,93834.22891566265,57
2026-02-12,161,159,153,234,13205434,82021.32919254659,73
2026-02-13,73,73,77,94,7615596,104323.23287671233,39
2026-02-14,286,285,210,389,17184621,60086.08741258741,94
2026-02-15,119,117,113,161,8570946,72024.75630252101,54
2026-02-16,115,113,109,150,9331523,81143.67826086956,53
2026-02-17,295,293,191,405,13613028,46145.85762711865,74
2026-02-18,187,187,146,253,13013459,69590.6898395722,81
2026-02-19,155,155,145,222,11689244,75414.47741935484,66
2026-02-20,95,94,103,124,8355420,87951.78947368421,47
2026-02-21,88,86,87,109,7015534,79721.97727272728,35
2026-02-22,774,771,323,1049,41665032,53830.79069767442,196
2026-02-23,65,63,69,85,7863199,120972.2923076923,51
2026-02-24,42,42,54,62,4750911,113116.92857142857,31
2026-02-25,49,49,60,65,5737229,117086.30612244898,35
2026-02-26,64,64,67,96,7211983,112687.234375,42
2026-02-27,45,45,57,59,5994295,133206.55555555556,32
2026-02-28,57,55,60,70,6198118,108738.91228070176,35
2026-03-01,48,47,48,59,6198872,129143.16666666667,33
2026-03-02,47,47,53,59,5645265,120112.02127659574,36
2026-03-03,44,44,52,56,5630167,127958.34090909091,33
2026-03-04,69,67,87,119,9277603,134458.01449275363,42
2026-03-05,38,36,43,55,5291408,139247.57894736843,23
2026-03-06,40,40,47,58,4669750,116743.75,23
2026-03-07,45,45,50,59,5164055,114756.77777777778,30
2026-03-08,58,57,69,83,7332362,126420.03448275862,46
2026-03-09,59,59,66,79,7374568,124992.67796610169,44
2026-03-10,48,48,63,70,6328503,131843.8125,36
2026-03-11,52,50,60,64,6198104,119194.30769230769,38
2026-03-12,61,59,63,77,6460113,105903.4918032787,33
2026-03-13,47,47,54,57,4771750,101526.59574468085,29
2026-03-14,55,54,70,77,6043641,109884.38181818182,39
2026-03-15,61,60,68,82,6682615,109551.0655737705,39
2026-03-16,50,50,60,71,6251500,125030.0,34
2026-03-17,51,49,62,71,5357760,105054.11764705883,35
2026-03-18,56,56,72,92,7348450,131222.32142857142,40
2026-03-19,51,50,57,67,5294510,103813.92156862745,34
2026-03-20,50,50,58,66,6074080,121481.6,35
2026-03-21,43,42,49,58,5888120,136933.02325581395,36
2026-03-22,52,51,66,75,4850280,93274.61538461539,37
2026-03-23,57,57,63,74,6067730,106451.40350877192,44
2026-03-24,47,46,54,61,4708810,100187.44680851063,37
2026-03-25,62,62,78,90,6787930,109482.74193548386,48
2026-03-26,59,59,77,89,7998370,135565.59322033898,43
2026-03-27,40,40,44,50,4977480,124437.0,27
2026-03-28,42,42,53,59,5144170,122480.23809523809,39
2026-03-29,48,48,62,71,5583170,116316.04166666667,41
2026-03-30,58,57,74,87,7249830,124997.06896551725,47
2026-03-31,69,67,87,102,9371490,135818.69565217392,53
2026-04-01,64,64,73,88,6880630,107509.84375,52
2026-04-02,58,57,70,419,24768950,427050.8620689655,46
2026-04-03,56,55,62,72,5586300,99755.35714285714,40
2026-04-04,43,43,52,59,4105100,95467.44186046511,33
2026-04-05,55,55,67,80,7514220,136622.18181818182,43
2026-04-06,56,56,60,71,5747090,102626.60714285714,46
2026-04-07,67,67,71,85,6448850,96251.49253731343,57
2026-04-08,62,61,74,88,6697750,108028.2258064516,55
2026-04-09,76,76,94,111,8006760,105352.1052631579,63
2026-04-10,62,61,79,89,7377280,118988.3870967742,46
2026-04-11,50,48,55,64,5203440,104068.8,38
2026-04-12,79,79,98,118,7870140,99622.02531645569,68
2026-04-13,63,60,75,89,8006700,127090.47619047618,52
2026-04-14,64,62,80,95,7509390,117334.21875,48
2026-04-15,54,54,60,70,4531310,83913.14814814815,40
2026-04-16,122,116,119,173,13151430,107798.60655737705,69
2026-04-17,59,59,80,98,8096380,137226.77966101695,39
2026-04-18,66,65,78,99,7768960,117711.51515151515,35
2026-04-19,91,90,108,134,10295960,113142.41758241758,71
2026-04-20,71,70,88,99,8479520,119429.85915492958,47
2026-04-21,83,81,95,109,8028200,96725.30120481928,59
2026-04-22,58,57,67,75,6716560,115802.75862068965,45
2026-04-23,78,76,103,150,11608730,148829.87179487178,52
2026-04-24,64,63,79,99,8115300,126801.5625,47
2026-04-25,67,65,75,86,6443000,96164.17910447762,46
2026-04-26,82,77,98,129,9076710,110691.58536585367,54
2026-04-27,85,81,102,129,8927170,105025.5294117647,56
2026-04-28,92,92,97,124,9666780,105073.69565217392,68
2026-04-29,58,58,60,73,5427750,93581.89655172414,42
2026-04-30,74,73,96,113,7724580,104386.21621621621,57
2026-05-01,161,157,141,209,11737867,72906.00621118012,74
2026-05-02,106,104,105,143,8574710,80893.49056603774,57
2026-05-03,82,82,89,118,7455690,90923.0487804878,41
2026-05-04,83,82,86,109,7042080,84844.3373493976,53
2026-05-05,290,289,187,382,16117260,55576.75862068965,113
2026-05-06,121,118,126,165,9280020,76694.38016528926,69
2026-05-07,129,128,151,202,11748770,91075.73643410853,70
2026-05-08,83,82,84,100,6318570,76127.34939759035,48
2026-05-09,76,74,78,99,5362930,70564.86842105263,43
2026-05-10,462,461,273,602,26962590,58360.58441558442,163
2026-05-11,61,59,71,79,6655380,109104.59016393442,45
2026-05-12,51,50,63,93,7062040,138471.3725490196,38
2026-05-13,65,62,80,94,6476020,99631.07692307692,46
2026-05-14,54,53,60,70,4904440,90822.96296296296,32
2026-05-15,25,25,41,46,2822650,112906.0,17
