product_code,product_name_kor,product_name,source_image_url,repeat_orders,repeat_buyers,quantity,revenue,image_url,image_source
C56YU8517010,공용 샙랜드3 WP OHI,SAPLAND III WP OMNI-HEAT INFINITY,,131,97,182,21086040,assets/product_images/C56YU8517010.jpg,excel_map+downloaded
C56YU8549010,공용 샙랜드3 처카 WP OHI,SAPLAND III CHUKKA WP OH INFINITY,,98,77,184,18917070,assets/product_images/C56YU8549010.jpg,excel_map+downloaded
C75YU0369010,공용 본레 포레스트 20L 패커블 경량 백팩,Bonre Forest 20L Packable Backpack,,57,54,302,16033910,assets/product_images/C75YU0369010.jpg,excel_map+downloaded
C64YM3583010,공용 롤링 콘 롱 다운 자켓,M's Rolling Cone Long Down Jacket,,17,17,40,14798090,assets/product_images/C64YM3583010.jpg,excel_map+downloaded
C54WE4714010,공용 하이크바운드 인터체인지 자켓,Hikebound™ II Interchange Jacket,,79,78,95,13111786,,not_found
C54YM3479010,공용 마운틴 후드 롱 다운 자켓,MT.Hood™ Long Down Jacket,,40,34,40,11964625,assets/product_images/C54YM3479010.jpg,excel_map+downloaded
C65YU0369010,공용 본레 포레스트 20L 패커블 경량 백팩,Bonre Forest 20L Packable Backpack,,47,46,257,11331650,assets/product_images/C65YU0369010.jpg,excel_map+downloaded
C64YM3571439,남성 아보카 트레일 경량 다운 자켓,M's Avoca Trail Down Jacket,,10,9,50,10680310,assets/product_images/C64YM3571439.jpg,excel_map+downloaded
C64YM3572010,남성 컬럼비아 락 다운 자켓,M's Columbia Rock Down Jacket,,21,20,21,9944780,assets/product_images/C64YM3572010.jpg,excel_map+downloaded
C54YM3472010,남성 마운틴 후드™ 다운 자켓,Ms MT.Hood™ Down Jacket,,29,29,29,9639010,assets/product_images/C54YM3472010.jpg,excel_map+downloaded
C64YM3571010,남성 아보카 트레일 경량 다운 자켓,M's Avoca Trail Down Jacket,,14,14,45,9609280,assets/product_images/C64YM3571010.jpg,excel_map+downloaded
C64YM3596010,남성 스톤 데쉬 플리스 자켓,M's Stone Dash Fleece Jacket,,27,27,57,8583220,assets/product_images/C64YM3596010.jpg,excel_map+downloaded
C66YU9626010,공용 샙랜드4 워터프루프 옴니히트,SAPLAND IV WP OMNI-HEAT INFINITY,,49,47,51,8479650,,not_found
C46YU0204010,[공식몰 단독] 공용 코브 투 뷰트™ 30L 백팩 + 파우치,Cove to Butte ™ 30 BACKPACK,,108,104,120,8300345,,not_found
C54YL3483010,여성 패스 대쉬 포레스트 다운 자켓,Ws Path Dash Forest™Ⅲ Down Jacket,,27,22,27,8090213,assets/product_images/C54YL3483010.jpg,excel_map+downloaded
C54AE3788010,남성 마블 캐니언™ 오버레이 후디 티셔츠,Marble Canyon™ Overlay Hoodie,,164,158,165,7632200,,not_found
C64YM8587439,남성 다트 포레스트 코듀로이 팬츠,M's Dart Forest Corduroy Pants,,64,60,65,7418435,assets/product_images/C64YM8587439.jpg,excel_map+downloaded
C66YU9682010,공용 샙랜드4 처카 워터프루프 옴니히트,SAPLAND IV CHUKKA WP OH INFINITY,,45,43,45,6957360,,not_found
C65BM6243278,남성 몬트레일 트리니티 MX,MONTRAIL TRINITY MX,,50,47,50,6539570,,not_found
C62WE2798010,공용 코브 비치 윈드브레이커 자켓,Cove Beach Windbreaker,,50,49,64,6465130,assets/product_images/C62WE2798010.jpg,excel_map+downloaded
C54WR9293010,여성 롱혼 릿지 리버서블 셔켓,Longhorn Ridge™ Reversible Shirt Jacket,,84,83,84,6439740,,not_found
C65BM7763278,남성 몬트레일 트리니티 AG 2,MONTRAIL TRINITY AG II,,54,54,54,6306385,,not_found
C64YM7587439,남성 다트 포레스트 코듀로이 셔츠,M's Dart Forest Corduroy Shirts,,49,48,49,6019760,assets/product_images/C64YM7587439.jpg,excel_map+downloaded
C54YM3473010,남성 클라이브 레이크 Ⅱ 다운 자켓,Ms Clive Lake™ Ⅱ Down Jacket,,19,18,19,5872450,assets/product_images/C54YM3473010.jpg,excel_map+downloaded
C43WE4686257,남성 익스플로러스 엣지™ 방수 패딩 자켓,Explorer's Edge™ Insulated Jacket,,46,46,46,5830450,,not_found
C54YM3476319,남성 샷오버 힐™ 경량 패딩 자켓,Ms Shotover Hill™ Insulation Jacket,,36,32,41,5774353,assets/product_images/C54YM3476319.jpg,excel_map+downloaded
C62FM7047317,공용 PFG 바하마 II 반팔 셔츠,Bahama II S/S Shirt,,32,32,79,5723490,assets/product_images/C62FM7047317.jpg,excel_map+downloaded
C75BI8634010,[추영우 착용] 남성 텔루릭스 타이타늄 아웃드라이 와이드,TELLURIX TITANIUM OUTDRY WIDE,,36,34,36,5706290,assets/product_images/C75BI8634010.jpg,excel_map+downloaded
C54YM3474425,남성 마운틴 후드™ 다운 파카,Ms MT.Hood™ Down Parka,,15,15,15,5659060,assets/product_images/C54YM3474425.jpg,excel_map+downloaded
C54WE4714257,공용 하이크바운드 인터체인지 자켓,Hikebound™ II Interchange Jacket,,39,39,42,5573416,,not_found
C66YU2743010,공용 옐로우테일 쇼티 워터프루프 옴니히트,YELLOWTAIL SHORTY WP OH,,51,48,53,5572180,,not_found
C65BM1935010,남성 PFG 프로 스포츠 부츠,PFG PRO SPORT BOOT,,46,45,46,5551620,assets/product_images/C65BM1935010.jpg,excel_map+downloaded
C54AE3788075,남성 마블 캐니언™ 오버레이 후디 티셔츠,Marble Canyon™ Overlay Hoodie,,122,118,122,5550270,,not_found
C75BI8634083,남성 텔루릭스 타이타늄 아웃드라이 와이드,TELLURIX TITANIUM OUTDRY WIDE,,34,34,34,5523650,assets/product_images/C75BI8634083.jpg,excel_map+downloaded
C51AE5878010,남성 와우노가 라이프 웨이트 팬츠,Wanoga™ Lightweight Pant,,86,80,89,5429730,,not_found
C65YU0369060,공용 본레 포레스트 20L 패커블 경량 백팩,Bonre Forest 20L Packable Backpack,,27,25,103,5405830,,not_found
C66YU9626286,공용 샙랜드4 워터프루프 옴니히트,SAPLAND IV WP OMNI-HEAT INFINITY,,31,31,32,5364430,,not_found
C52WE9484010,[공식몰 단독]남성 루프 트레일 바람막이 방풍 자켓,Loop Trail™ II Windbreaker,,55,52,55,5316790,,not_found
C66YU0369397,본레 포레스트 20L 패커블 경량 백팩,Bonre Forest 20L Packable Backpack,,26,25,98,5316320,assets/product_images/C66YU0369397.jpg,excel_map+downloaded
C55PU8665221,[공식몰 단독]공용 패나시아 25L 백팩,Panacea™ 25L Backpack,,15,15,94,5305770,,not_found
C64YM8587211,남성 다트 포레스트 코듀로이 팬츠,M's Dart Forest Corduroy Pants,,44,42,44,5270950,assets/product_images/C64YM8587211.jpg,excel_map+downloaded
C54YM3472443,남성 마운틴 후드™ 다운 자켓,Ms MT.Hood™ Down Jacket,,14,11,14,5173340,assets/product_images/C54YM3472443.jpg,excel_map+downloaded
C56YU4749010,공용 헨리포크 부츠 OT OHI,HENRYFORK BOOT OT OHI,,32,20,36,5001820,assets/product_images/C56YU4749010.jpg,excel_map+downloaded
C61XE5850010,공용 센트릴리엄 2.5 레이어 방수 자켓,Centrillium 2.5L Jacket,,30,30,32,4887470,assets/product_images/C61XE5850010.jpg,excel_map+downloaded
C63PM0537126,[요나스 컬렉션] 공용 레이크 투 에비뉴 그래픽 반팔 티셔츠,Lake To Avenue Graphic Ss Tee,,108,102,113,4795800,,not_found
C64YL3571160,여성 아보카 트레일 경량 다운 자켓,W's Avoca Trail Down Jacket,,10,10,22,4599810,assets/product_images/C64YL3571160.jpg,excel_map+downloaded
C54YM3472211,남성 마운틴 후드™ 다운 자켓,Ms MT.Hood™ Down Jacket,,14,14,14,4595840,assets/product_images/C54YM3472211.jpg,excel_map+downloaded
C54WE7451010,남성 실버 리프II 스트레치 인슐레이션 자켓,Silver Leaf™ Stretch Insulated II Jacket,,31,29,32,4586720,,not_found
C64AE4498461,[추영우 착용] 공용 헬베시아 II 프린티드 하프스냅 플리스 풀오버,Helvetia II Printed Half Snap Fleece,,70,67,70,4521250,assets/product_images/C64AE4498461.jpg,excel_map+downloaded
C65YM8908010,남성 이스케이프 쓰라이브 샌들,THRIVE REVIVE SHANDAL,,39,39,39,4506260,assets/product_images/C65YM8908010.jpg,excel_map+downloaded
C64YL3574027,여성 마운틴 후드 다운 자켓,W's MT.Hood Down Jacket,,9,8,10,4494520,assets/product_images/C64YL3574027.jpg,excel_map+downloaded
C66YM0696010,공용 다운 투 다크 트래퍼,Dawn-to-DarkⅡ TRAPPER,,74,72,78,4485735,assets/product_images/C66YM0696010.jpg,excel_map+downloaded
C54YM8478011,남성 마운틴 후드™ 인슐레이션 스트레이트 팬츠,M's MT.Hood™ Insulation Straight Pants,,36,36,37,4460810,assets/product_images/C54YM8478011.jpg,excel_map+downloaded
C54YM3471010,남성 스노우 타워 레이크™ 다운 자켓,Ms Snow Tower Lake™ Down Jacket,,24,23,24,4345348,assets/product_images/C54YM3471010.jpg,excel_map+downloaded
C54WR3825278,여성 드랍 릿지 II 인터체인지 자켓,Drop Ridge™ II Interchange Jacket,,22,21,22,4304850,assets/product_images/C54WR3825278.jpg,excel_map+downloaded
C62XE8841012,[추영우 착용] 공용 콜드 베이 대쉬 그래픽 반팔 티셔츠,Cold Bay Dash Short Sleeve Tee,,125,123,130,4292450,assets/product_images/C62XE8841012.jpg,excel_map+downloaded
C64YM3572287,[추영우 착용] 남성 컬럼비아 락 다운 자켓,M's Columbia Rock Down Jacket,,9,8,9,4271105,assets/product_images/C64YM3572287.jpg,excel_map+downloaded
C66BI9168091,남성 픽프릭 러쉬 아웃드라이 와이드,PEAKFREAK RUSH OUTDRY WIDE,,17,16,34,4265080,assets/product_images/C66BI9168091.jpg,excel_map+downloaded
C64YL3574010,여성 마운틴 후드 다운 자켓,W's MT.Hood Down Jacket,,9,9,9,4254110,assets/product_images/C64YL3574010.jpg,excel_map+downloaded
C51AE5164278,남성 서밋 밸리 우븐 셔츠,Summit Valley™ Woven LS Shirt,,82,79,83,4214450,,not_found
C54YM3496010,남성 하이크 보울 코브™ 플리스 자켓,Ms Hike Bowl Cove™ Fleece Jacket,,30,29,38,4184030,assets/product_images/C54YM3496010.jpg,excel_map+downloaded
C64YM3579010,공용 컬럼비아 락 롱 다운 자켓,M's Columbia Rock Long Down Jacket,,7,7,7,4155940,assets/product_images/C64YM3579010.jpg,excel_map+downloaded
C64YL3583010,여성 패스 대쉬 포레스트Ⅲ 다운 자켓,W's Path Dash ForestⅢ Down Jacket,,10,10,10,4130300,assets/product_images/C64YL3583010.jpg,excel_map+downloaded
C64YM3574010,공용 마운틴 후드 다운 자켓,MT.Hood Down Jacket,,9,9,9,4100380,assets/product_images/C64YM3574010.jpg,excel_map+downloaded
C54WR3825397,여성 드랍 릿지 II 인터체인지 자켓,Drop Ridge™ II Interchange Jacket,,20,20,20,4093326,assets/product_images/C54WR3825397.jpg,excel_map+downloaded
C54XE9996010,남성 타임 투 트레일™ 옴니히트™ 팬츠,Time to Trail™ Omni-Heat™ Pant,,39,37,42,4087385,,not_found
C54YM8496010,남성 하이크 보울 코브™ 플리스 조거 팬츠,Ms Hike Bowl Cove™ Fleece Jogger Pants,,36,35,45,4084580,assets/product_images/C54YM8496010.jpg,excel_map+downloaded
C65BM0423011,남성 쓰라이브 리바이브 클로그,THRIVE REVIVE CLOG,,98,91,101,4071270,,skipped
C66PU8665326,[공식몰 단독]공용 패나시아 25L 백팩,Panacea 25L Backpack,,3,3,72,4067300,assets/product_images/C66PU8665326.jpg,excel_map+downloaded
C62XE8841371,공용 콜드 베이 대쉬 그래픽 반팔 티셔츠,Cold Bay Dash Short Sleeve Tee,,119,117,122,4017400,assets/product_images/C62XE8841371.jpg,excel_map+downloaded
C64YM8596010,남성 스톤 데쉬 플리스 스트레이트 팬츠,M's Stone Dash Fleece Straight Pants,,30,29,31,3993520,assets/product_images/C64YM8596010.jpg,excel_map+downloaded
C55YU5270349,공용 호쏜 레인 로우 옴니테크 방수 스니커즈,HAWTHORNE™ RAIN LO OMNI-TECH™,,57,57,57,3947890,,not_found
C53AP3450010,여성 시커™ 레전드 2.0 티셔츠,Seeker™ Legend 2.0 LS Tee,,154,149,157,3945650,assets/product_images/C53AP3450010.jpg,excel_map+downloaded
C66YU0154010,공용 헤이지 저니 2 워터프루프,HAZY JOURNEY II WATERPROOF,,36,35,36,3936620,,not_found
C62XE2326010,남성 클레어몬트II 경량 바람막이 자켓,Clearmont II Jacket,,52,52,55,3852130,assets/product_images/C62XE2326010.jpg,excel_map+downloaded
C55BM2858100,남성 코노스 TRS,KONOS™ TRS,,45,45,45,3850950,,not_found
C64YM3584010,남성 블루 에비뉴 다운 자켓,M's Blue Avenue Down Jacket,,15,15,15,3845920,assets/product_images/C64YM3584010.jpg,excel_map+downloaded
C64YM3572027,남성 컬럼비아 락 다운 자켓,M's Columbia Rock Down Jacket,,8,8,8,3807215,assets/product_images/C64YM3572027.jpg,excel_map+downloaded
C63PM0537467,[요나스 컬렉션] 공용 레이크 투 에비뉴 그래픽 반팔 티셔츠,Lake To Avenue Graphic Ss Tee,,88,87,89,3784360,,skipped
C61YM7591466,공용 365 마운틴 긴팔 셔켓,365 Mountain Shirts Jacket,,33,30,33,3783000,assets/product_images/C61YM7591466.jpg,excel_map+downloaded
C56YU2743010,공용 옐로우테일 쇼티 WP OH,YELLOWTAIL™ SHORTY WP OH,,37,26,40,3776090,assets/product_images/C56YU2743010.jpg,excel_map+downloaded
C53AE9081010,남성 왈로와™ 플리스 스웨트팬츠,Wallowa™ Fleece Sweatpant,,70,68,73,3724790,,not_found
C64YL3571010,여성 아보카 트레일 경량 다운 자켓,W's Avoca Trail Down Jacket,,10,10,17,3721670,assets/product_images/C64YL3571010.jpg,excel_map+downloaded
C62XE3513492,[추영우 착용] 남성 글레시얼 비스타 그래픽 쿨링 티셔츠,Glacial Vista Graphic Tee,,82,80,82,3674100,assets/product_images/C62XE3513492.jpg,excel_map+downloaded
C64YM6576010,남성 세컨드 픽 크루,M's Second Peak Crew,,40,39,42,3669820,assets/product_images/C64YM6576010.jpg,excel_map+downloaded
C66UU4597010,공용 트리플 캐니언 24L 백팩,Triple Canyon 24L Backpack,,12,12,30,3622610,assets/product_images/C66UU4597010.jpg,excel_map+downloaded
C54YM8496211,남성 하이크 보울 코브™ 플리스 조거 팬츠,Ms Hike Bowl Cove™ Fleece Jogger Pants,,43,40,43,3611100,assets/product_images/C54YM8496211.jpg,excel_map+downloaded
C66BM4131012,남성 픽프릭 러쉬 아웃드라이 미드,PEAKFREAK RUSH MID OUTDRY,,24,23,24,3610770,assets/product_images/C66BM4131012.jpg,excel_map+downloaded
C56YU5200010,공용 호버튜버 옴니테크,HOVERTUBER OMNI-TECH,,46,40,49,3581270,assets/product_images/C56YU5200010.jpg,excel_map+downloaded
C66YM0659010,공용 트레일 투 브러쉬 부니,Trail to Brush Booney,,7,6,94,3561820,assets/product_images/C66YM0659010.jpg,excel_map+downloaded
C66YU9682286,공용 샙랜드4 처카 워터프루프 옴니히트,SAPLAND IV CHUKKA WP OH INFINITY,,24,23,24,3558440,,not_found
C63AE5846010,남성 ROC 테크 5 포켓 팬츠,ROC Tech 5 Pocket Pant,,44,41,48,3545280,,skipped
C54YM3473278,남성 클라이브 레이크 Ⅱ 다운 자켓,Ms Clive Lake™ Ⅱ Down Jacket,,11,11,11,3528150,assets/product_images/C54YM3473278.jpg,excel_map+downloaded
C65YM8908102,남성 이스케이프 쓰라이브 샌들,THRIVE REVIVE SHANDAL,,30,30,31,3522870,assets/product_images/C65YM8908102.jpg,excel_map+downloaded
C55YU5270469,공용 호쏜 레인 로우 옴니테크 방수 스니커즈,HAWTHORNE™ RAIN LO OMNI-TECH™,,63,60,63,3519260,,skipped
C64YM7587211,남성 다트 포레스트 코듀로이 셔츠,M's Dart Forest Corduroy Shirts,,28,28,28,3508920,assets/product_images/C64YM7587211.jpg,excel_map+downloaded
C65YU0657010,공용 베이스 투 스위프 쉐이드 부니,Bay to Sweep Shade Booney,,59,56,61,3494250,assets/product_images/C65YU0657010.jpg,excel_map+downloaded
C53WE4318010,남성 왈로와™ 소프트쉘 풀이밴드 팬츠,Wallowa™ Softshell Pant,,56,56,58,3463100,,not_found
C56BM6246012,남성 코노스 TRS 아웃드라이,KONOS™ TRS OUTDRY,,27,26,27,3453640,,not_found
C62AE9267010,공용 코브 비치 팬츠,Cove Beach Pant,,48,47,49,3399720,assets/product_images/C62AE9267010.jpg,excel_map+downloaded
C64XE9996010,남성 타임 투 트레일 옴니히트 팬츠,Time to Trail Omni-Heat Pant,,32,31,32,3384150,,not_found
C65BI9168091,남성 픽프릭 러쉬 아웃드라이 와이드,PEAKFREAK RUSH OUTDRY WIDE,,24,22,24,3368160,assets/product_images/C65BI9168091.jpg,excel_map+downloaded
C64YM6576160,남성 세컨드 픽 크루,M's Second Peak Crew,,37,37,37,3349410,assets/product_images/C64YM6576160.jpg,excel_map+downloaded
C72AE5094214,공용 애커 록 컨버터블 팬츠,Acker Rock Convertible Pant,,31,31,31,3336430,assets/product_images/C72AE5094214.jpg,excel_map+downloaded
C66BM6246012,남성 코노스 TRS 아웃드라이,KONOS TRS OUTDRY,,26,25,27,3329290,assets/product_images/C66BM6246012.jpg,excel_map+downloaded
C62WE2798125,공용 코브 비치 윈드브레이커 자켓,Cove Beach Windbreaker,,26,26,31,3321540,assets/product_images/C62WE2798125.jpg,excel_map+downloaded
C65BM6578278,남성 몬트레일 트리니티 FKT,MONTRAIL TRINITY FKT,,32,23,32,3308520,,skipped
C56YU0154433,[공식몰 단독] 공용 헤이지 저니 2 워터프루프 방수 스니커즈,HAZY JOURNEY II WATERPROOF,,40,39,41,3307210,assets/product_images/C56YU0154433.jpg,excel_map+downloaded
C66YU0369010,공용 본레 포레스트 20L 패커블 경량 백팩,Bonre Forest 20L Packable Backpack,,71,69,71,3297230,,not_found
C61XE5850022,[추영우 착용] 공용 센트릴리엄 2.5 레이어 방수 자켓,Centrillium Jacket,,20,20,21,3297090,assets/product_images/C61XE5850022.jpg,excel_map+downloaded
C61XE2738028,남성 글레시얼 비스타 긴팔 쿨링 셔츠,Glacial Vista Long Sleeve Shirt,,42,41,43,3274600,assets/product_images/C61XE2738028.jpg,excel_map+downloaded
C66YU4749010,공용 헨리포크 부츠 OT OHI,HENRYFORK BOOT OT OHI,,21,13,31,3247490,assets/product_images/C66YU4749010.jpg,excel_map+downloaded
C46BM6754231,남성 픽프릭2 미드 아웃드라이 레더,PEAKFREAK II MID OUTDRY LEATHER,,26,24,26,3241700,,not_found
C65BM7679202,남성 뉴튼릿지 베이스캠프,NEWTON RIDGE BC NB,,37,32,37,3208455,,not_found
C62YM6536010,[추영우 착용] 남성 스토니 레이크 OFZ ICE+ 셋업 폴로 티셔츠,M's Stony Lake OFZ ICE+ Set Up Polo,,38,36,47,3204260,assets/product_images/C62YM6536010.jpg,excel_map+downloaded
C56BM0225010,남성 패시트 75 이쿼녹스,FACET™ 75 EQUINOX™,,25,25,25,3175110,,not_found
C54YL8496010,여성 하이크 보울 코브™ 플리스 조거 팬츠,Ws Hike Bowl Cove™ Fleece Jogger Pants,,38,36,38,3174880,assets/product_images/C54YL8496010.jpg,excel_map+downloaded
C53YM3453381,남성 로스트 마운틴™ 방수 자켓,Ms Lost Mountain™ Jacket,,7,6,21,3168976,assets/product_images/C53YM3453381.jpg,excel_map+downloaded
C65BM1935063,남성 PFG 프로 스포츠 부츠,PFG PRO SPORT BOOT,,25,25,25,3167790,assets/product_images/C65BM1935063.jpg,excel_map+downloaded
C64WE5258010,남성 아틱 크레스트 경량 구스 다운자켓,Arctic Crest Down Jacket,,13,13,13,3160650,,not_found
C54YL3482010,여성 클라우드 비치 롱 다운 자켓,Ws Cloud Beach™ Long Down Jacket,,11,11,11,3151470,assets/product_images/C54YL3482010.jpg,excel_map+downloaded
C65YE4769008,남성 트랜스트레커 아웃드라이 와이드,TRANS TREKKER OUTDRY WIDE,,25,25,25,3118710,assets/product_images/C65YE4769008.jpg,excel_map+downloaded
C51AE5878027,남성 와우노가 라이프 웨이트 팬츠,Wanoga™ Lightweight Pant,,54,51,54,3118510,,not_found
C65BM6246012,남성 코노스 TRS 아웃드라이,KONOS TRS OUTDRY,,24,20,26,3106660,assets/product_images/C65BM6246012.jpg,excel_map+downloaded
C55BM0378010,남성 코노스 TRS 아웃드라이,KONOS™ TRS OUTDRY™,,23,21,25,3100710,,skipped
C55YU5270292,남성 호쏜 레인 로우 옴니테크 스니커즈,HAWTHORNE™ RAIN LO OMNI-TECH™,,41,41,41,3099260,,not_found
C44AE8545011,공용 헬베시아 플리스 베스트,Helvetia™ Vest,,78,71,82,3086550,,skipped
C66CU5879011,공용 인피니티 트레일 바라클라바,Infinity Trail Balaclava,,120,118,134,3081840,assets/product_images/C66CU5879011.jpg,excel_map+downloaded
C61YM3502494,남성 카우 마운틴 2L 방수 자켓,M's Cow Mountain 2L Jacket,,14,14,14,3077770,assets/product_images/C61YM3502494.jpg,excel_map+downloaded
C46BK4552305,여성 뉴튼릿지 플러스 와이드핏,NEWTON RIDGE™ PLUS WATERPROOF AMPED WIDE,,57,56,57,3070040,,not_found
C64XE0098010,남성 클로브 서밋 경량 패딩 + 방수 인터체인지 자켓,Clove Summit Interchange Jacket,,9,9,10,3049700,,not_found
C62YM8524010,남성 다나 코브 OFZ ICE 스트레이트 팬츠,M's Dana Cove OFZ ICE Straight Pants,,28,26,30,3045860,assets/product_images/C62YM8524010.jpg,excel_map+downloaded
C54YM3496211,남성 하이크 보울 코브™ 플리스 자켓,Ms Hike Bowl Cove™ Fleece Jacket,,29,29,29,3039790,assets/product_images/C54YM3496211.jpg,excel_map+downloaded
C75BM7473010,남성 코노스 트릴리움 ATR 트레일 러닝화,KONOS TRILLIUM ATR,,22,22,22,3032970,assets/product_images/C75BM7473010.jpg,excel_map+downloaded
C64AE5780191,공용 헬베시아 II 하프스냅 플리스 아노락,Helvetia II Half Snap Fleece,,50,49,50,3026570,assets/product_images/C64AE5780191.jpg,excel_map+downloaded
C45YU5529100,공용 호쏜 레인 로우 III,HAWTHORNE™ RAIN LO III WATERPROOF,,57,55,60,3001210,,skipped
C65BM8217091,[공식몰 단독] 남성 이스케이프 쓰라이브 타이타늄 미드 아웃드라이,ESCAPE THRIVE TITANIUM MID OUTDRY,,17,17,17,2992070,assets/product_images/C65BM8217091.jpg,excel_map+downloaded
C66YU5200010,공용 호버튜버 옴니테크,HOVERTUBER OMNI-TECH,,39,36,40,2982410,assets/product_images/C66YU5200010.jpg,excel_map+downloaded
C54YL3487010,여성 파운 피크 다운 자켓,Ws Fawn Peak™ Down Jacket,,16,15,16,2978720,assets/product_images/C54YL3487010.jpg,excel_map+downloaded
C51AR9425352,여성 바운더리스 트랙 카고 팬츠,Boundless Trek™ Cargo Pant,,60,57,60,2977230,,skipped
C46RUS001010,공용 18온스 텀블러 (530ml),18 oz SS Coffee Vacuum Bottle,,139,134,146,2965470,,skipped
C63AE8947010,남성 ROC 테크 카고 팬츠,ROC Tech Cargo Pant,,31,29,31,2934330,,skipped
C54YL3486102,여성 앤 로드 다운 자켓,Ws Anne Road™ Down Jacket,,21,20,22,2905530,assets/product_images/C54YL3486102.jpg,excel_map+downloaded
C44AE4164414,남성 아웃도어 트랙스™ 트레일 러닝 베스트,M Outdoor Tracks™ Vest,,121,117,123,2904834,,skipped
C66YM2461342,[스타워즈] 남성 엔도어 이슈 부츠,Endor Issue Boot,,10,10,10,2884380,,
C65YL0199050,여성 이스케이프 쓰라이브 울트라 아웃드라이 보아2,ESCAPE THRIVE ULTRA OUTDRY BOA II,,21,20,21,2867435,,skipped
C53WE4318084,남성 왈로와™ 소프트쉘 풀이밴드 팬츠,Wallowa™ Softshell Pant,,54,52,55,2865420,,skipped
C64YM8578010,남성 니나 트레일 인슐레이션 스트레이트 팬츠,M's Nina Trail Insulation Straight Pants,,20,20,20,2843980,assets/product_images/C64YM8578010.jpg,excel_map+downloaded
C63PM0537659,[요나스 컬렉션] 공용 레이크 투 에비뉴 그래픽 반팔 티셔츠,Lake To Avenue Graphic Ss Tee,,69,67,70,2842450,,skipped
C64YL3587010,여성 유니온 리버 다운 자켓,Union River Down Jacket,,13,10,13,2835960,assets/product_images/C64YL3587010.jpg,excel_map+downloaded
C51AM5287011,남성 랜드로머 카고 셔츠,Landroamer™ Cargo Shirt,,61,60,64,2833180,,not_found
C66YU0154023,공용 헤이지 저니 2 워터프루프,HAZY JOURNEY II WATERPROOF,,25,25,26,2831910,assets/product_images/C66YU0154023.jpg,excel_map+downloaded
C71AE8980010,남성 실버 릿지 엘리트 컨버터블 팬츠,Silver Ridge Elite Convertible Pant,,26,25,26,2815560,assets/product_images/C71AE8980010.jpg,excel_map+downloaded
C54AE5780366,남성 헬베시아 II 하프스냅 플리스 아노락,Helvetia™ II Half Snap Fleece,,55,55,56,2807340,assets/product_images/C54AE5780366.jpg,excel_map+downloaded
C66BM7922010,남성 보야져 FLX,VOYAGER FLX PCT,,28,27,28,2805070,assets/product_images/C66BM7922010.jpg,excel_map+downloaded
C53AE9081084,남성 왈로와™ 플리스 스웨트팬츠,Wallowa™ Fleece Sweatpant,,58,57,59,2788800,,skipped
C66PU8700010,공용 스트림 사코슈 백,Price Stream Sacoche,,18,18,92,2747300,,
C63AR4742010,여성 브리 폴스 코튼 립스탑 카고 팬츠,Brea Falls Cotton Ripstop Pant,,39,39,39,2745586,,skipped
C46RUS001191,공용 18온스 텀블러 (530ml),18 oz SS Coffee Vacuum Bottle,,138,134,139,2741350,,skipped
C54XM8729193,[DISNEY] 남성 미키와 친구들 하프 스냅 플리스,M CSC x Disney Mickey & Friends Half Snap Fleece,,22,22,24,2732880,,not_found
C56YE4769039,남성 트랜스트레커 아웃드라이,TRANS TREKKER™ OUTDRY,,22,20,22,2732510,,not_found
C51AR9425012,여성 바운더리스 트랙 카고 팬츠,Boundless Trek™ Cargo Pant,,55,53,56,2727770,,skipped
C54YL3486010,여성 앤 로드 다운 자켓,Ws Anne Road™ Down Jacket,,22,18,22,2725320,assets/product_images/C54YL3486010.jpg,excel_map+downloaded
C64WE0604429,남성 실버 리프 라이트 하이브리드 후디드 인슐레이션 자켓,Silver Leaf Lite Hooded Jacket,,15,14,15,2698520,,skipped
C54YL3481299,여성 체리 크레스트 다운 자켓,Ws Cherry Crest™ Down Jacket,,13,12,13,2695100,assets/product_images/C54YL3481299.jpg,excel_map+downloaded
C55YU6327452,공용 호쏜 레인 로우 방수 스니커즈,HAWTHORNE™ RAIN LO,,32,29,33,2690200,,skipped
C63YM3593010,공용 365 트랙 2L 방수자켓,365 TREK 2L Rain Jacket,,12,6,12,2680220,assets/product_images/C63YM3593010.jpg,excel_map+downloaded
C56YR0136258,여성 트랜스트레커 아웃드라이,TRANS TREKKER™ OUTDRY,,17,16,21,2670190,,not_found
C61YM7591348,공용 365 마운틴 긴팔 셔켓,M's 365 Mountain Shirts Jacket,,21,21,21,2666450,assets/product_images/C61YM7591348.jpg,excel_map+downloaded
C75YU0366010,공용 레드우드 30L 뉴 플러스 백팩,REDWOOD™30 N.PLUS BACKPACK,,24,24,24,2665990,assets/product_images/C75YU0366010.jpg,excel_map+downloaded
C54YL3496249,여성 하이크 보울 코브™ 플리스 자켓,Ws Hike Bowl Cove™ Fleece Jacket,,25,24,25,2663050,assets/product_images/C54YL3496249.jpg,excel_map+downloaded
C56YU4749352,공용 헨리포크 부츠 OT OHI,HENRYFORK BOOT OT OHI,,23,21,23,2660470,assets/product_images/C56YU4749352.jpg,excel_map+downloaded
C54AE5780191,남성 헬베시아 II 하프스냅 플리스 아노락,Helvetia™ II Half Snap Fleece,,53,53,54,2655450,assets/product_images/C54AE5780191.jpg,excel_map+downloaded
C52XO3600213,남성 블루스템 7부 팬츠,Bluestem™ Knee Pant,,70,70,71,2654280,,skipped
C64YL3586102,여성 앤 로드 다운 자켓,W's Anne Road Down Jacket,,17,15,18,2653900,assets/product_images/C64YL3586102.jpg,excel_map+downloaded
C61YM3594466,공용 365 마운틴 3L 방수자켓,365 Mountain Rain Jacket,,11,10,11,2638630,assets/product_images/C61YM3594466.jpg,excel_map+downloaded
C54YM3479211,공용 마운틴 후드™ 롱 다운 자켓,MT.Hood™ Long Down Jacket,,8,7,8,2631000,assets/product_images/C54YM3479211.jpg,excel_map+downloaded
C64XM9802225,[스타워즈] 남성 제네럴 한 솔로 트렌치 인터체인지 코트,General Han Solo Trench,,3,3,3,2630820,,
C75BM0303010,남성 코노스 스피드 트레일 ATR,KONOS SPEED TRAIL ATR,,20,18,22,2626960,,
C64YL3582010,여성 애플 리버 다운 자켓,W's Apple River Down Jacket,,12,11,12,2621860,assets/product_images/C64YL3582010.jpg,excel_map+downloaded
C53AP3450292,여성 시커™ 레전드 2.0 티셔츠,Seeker™ Legend 2.0 LS Tee,,97,95,97,2608600,assets/product_images/C53AP3450292.jpg,excel_map+downloaded
C64XM4179313,[스타워즈] 남성 엔도어 리버서블 자켓,Endor Issue Reversible Jacket,,9,9,9,2601180,assets/product_images/C64XM4179313.jpg,excel_map+downloaded
C66YM0696027,공용 다운 투 다크 트래퍼,Dawn-to-DarkⅡ TRAPPER,,44,43,47,2594500,assets/product_images/C66YM0696027.jpg,excel_map+downloaded
C54YL3481010,여성 체리 크레스트 다운 자켓,Ws Cherry Crest™ Down Jacket,,12,12,15,2586640,assets/product_images/C54YL3481010.jpg,excel_map+downloaded
C52AM4540011,남성 페인티드 피크 쇼츠,Painted Peak™ Short,,60,58,60,2573860,,skipped
C62XE2326270,남성 클레어몬트II 경량 바람막이 자켓,Clearmont II Jacket,,34,27,35,2569170,assets/product_images/C62XE2326270.jpg,excel_map+downloaded
C64YL3585010,여성 파운 피크 다운 자켓,W's Fawn Peak Down Jacket,,10,10,10,2568450,assets/product_images/C64YL3585010.jpg,excel_map+downloaded
C64AE5780010,공용 헬베시아 II 하프스냅 플리스 풀오버,Helvetia II Half Snap Fleece,,41,39,43,2542730,assets/product_images/C64AE5780010.jpg,excel_map+downloaded
C56YM0696027,공용 다운 투 다크 트래퍼,Dawn-to-Dark™Ⅱ TRAPPER,,54,52,55,2528840,,not_found
C64YM8576010,남성 혹킹 림 인슐레이션 스트레이트 팬츠,M's Hocking Rim Insulation Straight Pants,,15,15,19,2525090,assets/product_images/C64YM8576010.jpg,excel_map+downloaded
C54YL8485010,여성 코말 포크 인슐레이션 와이드 경량 패딩 팬츠,W's Comal Fork™ Insulation Wide Pants,,24,23,24,2513270,assets/product_images/C54YL8485010.jpg,excel_map+downloaded
C63PM0537125,[요나스 컬렉션] 공용 레이크 투 에비뉴 그래픽 반팔 티셔츠,Lake To Avenue Graphic Ss Tee,,66,64,67,2502480,,skipped
C65PU8664010,공용 케슬락 15L 백팩,Castle Rock 15L Backpack,,15,14,41,2486970,assets/product_images/C65PU8664010.jpg,excel_map+downloaded
C54WR3825010,여성 드랍 릿지 II 인터체인지 자켓,Drop Ridge™ II Interchange Jacket,,12,12,13,2484106,assets/product_images/C54WR3825010.jpg,excel_map+downloaded
C46BM6754010,남성 픽프릭2 미드 아웃드라이 레더,PEAKFREAK II MID OUTDRY LEATHER,,20,20,20,2482680,,not_found
C66YU0368010,공용 더글라스 패스 30L 백팩,DUGLAS PASS 30 BACKPACK,,26,23,26,2476060,assets/product_images/C66YU0368010.jpg,excel_map+downloaded
C51WE4267011,남성 페인티드 피크™ 윈드 자켓,Painted Peak™ Wind Jacket,,46,45,46,2451070,,skipped
C54AE4498464,남성 헬베시아 II 프린티드 하프스냅 플리스 아노락,Helvetia™ II Printed Half Snap Fleece,,19,15,36,2450690,,skipped
C44AE2155010,[공식몰 단독] 공용 백볼™ 리마스터드 플리스 자켓,Backbowl™ Remastered Fleece,,49,49,49,2447820,,not_found
C44AE2155460,[공식몰 단독] 공용 백볼™ 리마스터드 플리스 자켓,Backbowl™ Remastered Fleece,,39,39,40,2447050,,not_found
C55BI5371020,남성 크레스트우드 미드 워터프루프 와이드핏,CRESTWOOD™ MID WATERPROOF WIDE,,27,25,27,2439110,,not_found
C61YM3513439,남성 대쉬 투 크릭 인슐레이션 자켓,M's Dash to Creek Insulation Jacket,,14,14,14,2432040,assets/product_images/C61YM3513439.jpg,excel_map+downloaded
C56YU5200681,[공식몰 단독] 공용 호버튜버 옴니테크,HOVERTUBER OMNI-TECH,,33,30,34,2428325,assets/product_images/C56YU5200681.jpg,excel_map+downloaded
C65BI9168010,남성 픽프릭 러쉬 아웃드라이 와이드,PEAKFREAK RUSH OUTDRY WIDE,,18,15,18,2425780,assets/product_images/C65BI9168010.jpg,excel_map+downloaded
C62YM8524439,[추영우 착용] 남성 다나 코브 OFZ ICE 스트레이트 팬츠,M's Dana Cove OFZ ICE Straight Pants,,21,18,22,2420510,assets/product_images/C62YM8524439.jpg,excel_map+downloaded
C66YU0366010,공용 레드우드 30L 뉴 플러스 백팩,REDWOOD30 N.PLUS BACKPACK,,17,17,22,2418520,assets/product_images/C66YU0366010.jpg,excel_map+downloaded
C64YM8578439,남성 니나 트레일 인슐레이션 스트레이트 팬츠,M's Nina Trail Insulation Straight Pants,,17,16,17,2414660,assets/product_images/C64YM8578439.jpg,excel_map+downloaded
C64AE1334010,남성 옴니히트인피니티 베이스레이어 긴팔 티셔츠,M Omni-Heat Infinity Knit LS Crew,,37,35,43,2401480,,skipped
C52WE9484278,[공식몰 단독]남성 루프 트레일 바람막이 방풍 자켓,Loop Trail™ II Windbreaker,,25,25,25,2397062,,not_found
C65YU0371010,[공식몰 단독] 공용 애슐리 코브 30L 백팩 + 파우치,Ashley Cove 30L Backpack,,27,27,27,2392810,assets/product_images/C65YU0371010.jpg,excel_map+downloaded
C51AM5287027,남성 랜드로머 카고 셔츠,Landroamer™ Cargo Shirt,,50,45,51,2386470,,skipped
C65YU0657271,공용 베이스 투 스위프 쉐이드 부니,Bay to Sweep Shade Booney,,44,43,45,2378280,assets/product_images/C65YU0657271.jpg,excel_map+downloaded
C56YU0694010,공용 스트림 투 포크 플리스 리버서블 트래퍼,Stream to Fork™ Fleece Trapper,,62,61,63,2375830,assets/product_images/C56YU0694010.jpg,excel_map+downloaded
C66BI0652014,남성 크레스트우드 미드 워터프루프 와이드핏,CRESTWOOD MID WATERPROOF WIDE,,19,19,19,2369210,assets/product_images/C66BI0652014.jpg,excel_map+downloaded
C55YM8908010,남성 이스케이프 쓰라이브 샌들,THRIVE™ REVIVE SHANDAL,,24,19,25,2364470,,not_found
C56BI7306278,남성 벤슨 와이드핏,BENSON™ WIDE,,26,25,26,2362150,assets/product_images/C56BI7306278.jpg,excel_map+downloaded
C63XM5806342,[스타워즈] 남성 엔도어 이슈 카고 베스트,Endor Issue Cargo Vest,,10,10,10,2359880,assets/product_images/C63XM5806342.jpg,excel_map+downloaded
C65YU2555338,공용 채드윅 니트,CHADWICK KNIT,,25,25,26,2358380,assets/product_images/C65YU2555338.jpg,excel_map+downloaded
C61YL8591028,여성 365 마운틴 카고 팬츠,W’s 365 Mountain Cargo Pants,,18,15,18,2355360,,
C54XR9829010,여성 타임 투 트레일™ 옴니히트™ 팬츠,W Time to Trail™ Omni-Heat™ Pant,,26,26,26,2349470,,skipped
C54YM3484010,남성 그로스터 브룩™ 다운 자켓,Ms Gloster Brook™ Down Jacket,,10,10,11,2323822,assets/product_images/C54YM3484010.jpg,excel_map+downloaded
C65YU0366346,공용 레드우드 30L 뉴 플러스 백팩,REDWOOD30 N.PLUS BACKPACK,,20,20,20,2310680,assets/product_images/C65YU0366346.jpg,excel_map+downloaded
C62YM6524010,남성 루프 락 포인트 OFZ ICE+ 하프 집업,M's Loop Rock Point OFZ ICE+ Half Zip Up,,26,21,35,2304650,assets/product_images/C62YM6524010.jpg,excel_map+downloaded
C46BM6578063,남성 몬트레일 트리니티 FKT,MONTRAIL TRINITY FKT,,24,21,24,2304530,,skipped
C54YM3476010,남성 샷오버 힐™ 경량 패딩 자켓,Ms Shotover Hill™ Insulation Jacket,,16,16,16,2304070,assets/product_images/C54YM3476010.jpg,excel_map+downloaded
C62XE3513010,남성 글레시얼 비스타 그래픽 티셔츠,Glacial Vista Graphic Tee,,52,49,57,2300220,assets/product_images/C62XE3513010.jpg,excel_map+downloaded
C64YM3596346,남성 스톤 데쉬 플리스 자켓,M's Stone Dash Fleece Jacket,,15,15,15,2299670,assets/product_images/C64YM3596346.jpg,excel_map+downloaded
C61XE2738227,남성 글레시얼 비스타 긴팔 쿨링 셔츠,Glacial Vista Long Sleeve Shirt,,25,24,30,2298690,assets/product_images/C61XE2738227.jpg,excel_map+downloaded
C65BM7249010,남성 테라스트라이드 ARO,TERRASTRIDE ARO,,24,24,24,2298010,assets/product_images/C65BM7249010.jpg,excel_map+downloaded
C64YL3596010,여성 스톤 데쉬 플리스 자켓,W's Stone Dash Fleece Jacket,,9,9,16,2297310,,
C71XE9920010,[추영우 착용] 공용 센트릴리엄 II 3 레이어 방수 자켓,Centrillium II Jacket,,11,11,11,2290270,assets/product_images/C71XE9920010.jpg,excel_map+downloaded
C56YE4769339,남성 트랜스트레커 아웃드라이,TRANS TREKKER™ OUTDRY,,17,16,17,2285950,,not_found
C64AR5760554,여성 헬베시아 II 프린티드 하프스냅 플리스 풀오버,Helvetia II Printed Cropped Half Snap,,35,35,35,2278980,,not_found
C55YU6488063,공용 호쏜 레인 로우 알트 방수 스니커즈,HAWTHORNE™ RAIN LO ALT,,26,24,26,2273510,,not_found
C56BM6243278,남성 몬트레일 트리니티 MX,MONTRAIL™ TRINITY™ MX,,18,18,18,2262920,assets/product_images/C56BM6243278.jpg,excel_map+downloaded
C75BI8634845,[추영우 착용] 남성 텔루릭스 타이타늄 아웃드라이 와이드,TELLURIX TITANIUM OUTDRY WIDE,,14,14,14,2259500,assets/product_images/C75BI8634845.jpg,excel_map+downloaded
C46BM9621010,남성 패시트75 알파 아웃드라이,FACET 75 ALPHA OUTDRY,,18,18,18,2250920,,not_found
C54YL3483211,여성 패스 대쉬 포레스트 다운 자켓,Ws Path Dash Forest™Ⅲ Down Jacket,,8,5,8,2241498,assets/product_images/C54YL3483211.jpg,excel_map+downloaded
C56YU0694319,공용 스트림 투 포크 플리스 리버서블 트래퍼,Stream to Fork™ Fleece Trapper,,61,60,61,2240840,assets/product_images/C56YU0694319.jpg,excel_map+downloaded
C53YM6453011,남성 로스트 마운틴™ 크루,M's Lost Mountain™ Crew,,41,39,44,2239090,assets/product_images/C53YM6453011.jpg,excel_map+downloaded
C63AE8947366,남성 ROC 테크 카고 팬츠,ROC Tech Cargo Pant,,22,22,23,2236910,,
C54YL8473010,여성 먼데이 하버™ 스트레이트 팬츠,W's Monday Harbor™ Lining Stright Pants,,20,19,21,2220330,assets/product_images/C54YL8473010.jpg,excel_map+downloaded
C65YL7787010,여성 이스케이프 쓰라이브 샌들,THRIVE REVIVE SHANDAL,,22,21,22,2216870,,skipped
C51WE2636011,남성 페인티드 피크 윈드 바지,Painted Peak™ Wind Pant,,50,50,50,2209960,,skipped
C54AE5057010,남성 크리스탈리프™ 옴니히트™ 헬릭스 하프집 티셔츠,Crystal Leaf™ Omni-Heat™ Helix Half Zip,,34,34,34,2208830,assets/product_images/C54AE5057010.jpg,excel_map+downloaded
C66YU0367010,공용 레드우드 35L 백팩,REDWOOD35 BACKPACK,,12,10,17,2208020,assets/product_images/C66YU0367010.jpg,excel_map+downloaded
C54YM3483010,남성 빅토리아 루프 롱 다운 자켓,Ms Victoria Loop™ Long Down Jacket,,8,8,8,2195315,assets/product_images/C54YM3483010.jpg,excel_map+downloaded
C61XE5850432,[공식몰 단독] 남성 센트릴리엄 2.5 레이어 방수 자켓,Centrillium Jacket,,13,10,13,2194370,assets/product_images/C61XE5850432.jpg,excel_map+downloaded
C63AE5737278,남성 드라이벤처 하프집업 긴팔 티셔츠,DriVenture Half Zip,,31,31,39,2191850,,
C56YL0199050,여성 이스케이프 쓰라이브 울트라 아웃드라이 보아2,ESCAPE™ THRIVE ULTRA™ OUTDRY™ BOA II,,18,17,18,2183000,assets/product_images/C56YL0199050.jpg,excel_map+downloaded
C43WE4686010,남성 익스플로러스 엣지™ 방수 패딩 자켓,Explorer's Edge™ Insulated Jacket,,17,17,17,2177520,,skipped
C44AE8545278,공용 헬베시아 플리스 베스트,Helvetia™ Vest,,57,51,61,2176440,,skipped
C65BL6243088,여성 몬트레일 트리니티 MX,MONTRAIL TRINITY MX,,16,15,17,2169120,,skipped
C56YU5200273,[공식몰 단독] 공용 호버튜버 옴니테크,HOVERTUBER OMNI-TECH,,30,27,30,2169040,assets/product_images/C56YU5200273.jpg,excel_map+downloaded
C54YM3486010,남성 그레타 에비뉴™ 다운 자켓,Ms Greta Avenue™ Down Jacket,,15,15,16,2169010,assets/product_images/C54YM3486010.jpg,excel_map+downloaded
C62YM6535432,[그라플렉스] 공용 대쉬 투 코브 그래픽 반팔 티셔츠,[GRAFFLEX] Dash to Cove Graphic Tee,,47,45,48,2164220,,
C55YL7787010,여성 이스케이프 쓰라이브 샌들,THRIVE™ REVIVE SHANDAL,,23,17,23,2161250,,not_found
C56YU0154010,공용 헤이지 저니 2 워터프루프,HAZY JOURNEY II WATERPROOF,,20,20,21,2160550,assets/product_images/C56YU0154010.jpg,excel_map+downloaded
C64YM3584030,남성 블루 에비뉴 다운 자켓,M's Blue Avenue Down Jacket,,9,8,9,2160210,assets/product_images/C64YM3584030.jpg,excel_map+downloaded
C61XE5850227,남성 센트릴리엄 2.5 레이어 방수 자켓,Centrillium Jacket,,14,14,14,2152680,assets/product_images/C61XE5850227.jpg,excel_map+downloaded
C54AE4075010,남성 옴니히트™ 헬릭스 베이스레이어 타이츠,Omni-Heat™ Helix Baselayer Tight,,48,45,50,2152640,,skipped
C46RUS001331,공용 18온스 텀블러 (530ml),18 oz SS Coffee Vacuum Bottle,,105,105,105,2152450,,
C54WR9293224,여성 롱혼 릿지 리버서블 셔켓,Longhorn Ridge™ Reversible Shirt Jacket,,30,30,30,2150894,,skipped
C54WE5258043,남성 알틱 크레스트 경량 다운자켓,Arctic Crest™ Down Jacket,,6,5,11,2148130,,skipped
C54WR6910100,여성 알틱 크레스트 경량 후드 다운자켓,Arctic Crest™ Down Hooded Jacket,,8,6,11,2141630,,
C56YL1117247,여성 플라토 벤쳐 워터프루프 보아,PLATEAU VENTURE WP BOA,,24,21,24,2132310,assets/product_images/C56YL1117247.jpg,excel_map+downloaded
C62XE8841243,공용 콜드 베이 대쉬 그래픽 티셔츠,Cold Bay Dash Short Sleeve Tee,,64,63,64,2124560,assets/product_images/C62XE8841243.jpg,excel_map+downloaded
C44AE8545012,남성 헬베시아™ 플리스 베스트,Helvetia™ Vest,,7,1,40,2120000,,
C66YM9725MUL,남성 컬럼비아 미드 패턴 양말 5종,M's Columbia Mid Length Pattern Socks 5 Pack,,70,70,94,2119800,,
C54AE5780861,[공식몰 단독] 남성 헬베시아 II 하프스냅 플리스 아노락,Helvetia™ II Half Snap Fleece,,43,43,43,2117170,assets/product_images/C54AE5780861.jpg,excel_map+downloaded
C54WR9860010,여성 로로 패스 인터체인지 자켓,Lolo Pass™ Interchange Jacket,,9,8,10,2116020,assets/product_images/C54WR9860010.jpg,excel_map+downloaded
C46UU0138010,[공식몰 단독] 뉴튼릿지 65L 백팩,Newton Ridge™ 65L Backpack,,16,16,16,2107068,,skipped
C65YU2555214,공용 채드윅 니트,CHADWICK KNIT,,24,24,25,2102900,assets/product_images/C65YU2555214.jpg,excel_map+downloaded
C63AE5846464,남성 ROC 테크 5 포켓 팬츠,ROC Tech 5 Pocket Pant,,27,27,27,2095090,,
C55BL2858082,여성 코노스 TRS,KONOS™ TRS,,25,25,25,2094210,,skipped
C64AR2484010,여성 옴니히트인피니티 베이스레이어 긴팔 티셔츠,Omni-Heat Infinity Knit LS Crew,,32,30,36,2092930,,skipped
C71AE8947010,남성 ROC 테크 카고 팬츠,ROC Tech Cargo Pant,,23,22,24,2087310,,
C63YM3593351,[추영우 착용] 공용 365 트랙 2L 방수자켓,365 TREK 2L Rain Jacket,,9,7,9,2079640,,
C62YM6537191,[추영우 착용] 남성 코브 투 애비뉴 옴니프리즈 제로 아이스 플러스 크루 티셔츠,M's Cove to Avenue OFZ ICE+ Crew,,43,43,43,2069340,assets/product_images/C62YM6537191.jpg,excel_map+downloaded
C56YM0696010,공용 다운 투 다크 트래퍼,Dawn-to-Dark™Ⅱ TRAPPER,,41,41,43,2064890,,not_found
C64WE9101010,남성 하이 캐스케이드 인터체인지 리버서블 봄버 자켓,High Cascades Interchange Rvsbl Bomber,,7,7,7,2061960,assets/product_images/C64WE9101010.jpg,excel_map+downloaded
C54YM8482011,남성 밸리 투 패스™ 카고 테이퍼드 팬츠,M's Valley to Pass™ Cargo Tapered Pants,,21,21,21,2052180,assets/product_images/C54YM8482011.jpg,excel_map+downloaded
C64YM1584010,남성 콘 힐 인슐레이션 베스트,M's Cone Hill Insulation Vest,,19,17,19,2050210,,
C64XM5107100,[DISNEY] 남성 디즈니 하프 스냅 플리스 티셔츠,M ColumbiaㅣDISNEY Half Snap,,18,18,18,2050060,,skipped
C56YU4947247,공용 스노우피아 처카 옴니테크,SNOWPIA™ CHUKKA OMNI-TECH™,,23,23,23,2049390,assets/product_images/C56YU4947247.jpg,excel_map+downloaded
C52XE8841370,남성 콜드 베이 대쉬 숏 반팔 라운드 티셔츠,Cold Bay Dash™ Short Sleeve Tee,,58,58,58,2049310,,skipped
C53AJ2739010,남성 시커™ 미드웨이트 티셔츠,Seeker™ Midweight LS Tee,,49,48,50,2043040,,
C54YM8478010,남성 마운틴 후드™ 인슐레이션 스트레이트 팬츠,M's MT.Hood™ Insulation Straight Pants,,15,15,16,2041720,assets/product_images/C54YM8478010.jpg,excel_map+downloaded
C64WR9847010,[공식몰 단독] 여성 어메이즈 퍼프 후디드 다운자켓,Amaze Puff Hooded Jacket,,10,10,10,2035760,,not_found
C63YM6565439,남성 제리 코브 크루 티셔츠,M's Jerry Cove Crew,,35,32,40,2030670,,
C64AE4498349,공용 헬베시아 II 프린티드 하프스냅 플리스 풀오버,Helvetia II Printed Half Snap Fleece,,29,29,29,2027420,assets/product_images/C64AE4498349.jpg,excel_map+downloaded
C63XM8484254,[스타워즈] 남성 엔도어 이슈 카고 자켓,Endor Issue Cargo Jacket,,7,6,7,2020630,assets/product_images/C63XM8484254.jpg,excel_map+downloaded
C75BI9168096,남성 픽프릭 러쉬 아웃드라이 와이드,PEAKFREAK RUSH OUTDRY WIDE,,14,12,15,2014440,,
C54AE0596010,남성 세콰이아 그로브™ 플리스 자켓,Sequoia Grove™ Full Zip Fleece,,38,34,38,2011390,,skipped
C62YM8532010,남성 스토니 레이크 OFZ 아이스 플러스 테이퍼드 팬츠,M's Stony Lake OFZ ICE+ Tapered Pants,,21,21,21,1986040,,
C56BI5371241,남성 크레스트우드 미드 워터프루프 와이드핏,CRESTWOOD MID WATERPROOF,,22,21,22,1983295,assets/product_images/C56BI5371241.jpg,excel_map+downloaded
C54YL8485381,여성 코말 포크 인슐레이션 와이드 경량 패딩 팬츠,W's Comal Fork™ Insulation Wide Pants,,19,19,19,1978280,assets/product_images/C54YL8485381.jpg,excel_map+downloaded
C54XL5603193,[DISNEY] 여성 미키와 친구들 하프 스냅 플리스,W CSC X Disney Mickey & Friends Half Snap Fleece,,16,15,17,1975210,,not_found
C46BK4552286,여성 뉴튼릿지 플러스 와이드핏,NEWTON RIDGE™ PLUS WATERPROOF AMPED WIDE,,29,25,36,1974480,,not_found
C65YU0366010,공용 레드우드 30L 뉴 플러스 백팩,REDWOOD30 N.PLUS BACKPACK,,18,17,18,1968890,assets/product_images/C65YU0366010.jpg,excel_map+downloaded
C62XE1652243,공용 리드 아일랜드 쇼츠,Reed Island Short,,52,50,53,1968150,assets/product_images/C62XE1652243.jpg,excel_map+downloaded
C54WE4714681,공용 하이크바운드 인터체인지 자켓,Hikebound™ II Interchange Jacket,,14,14,14,1957030,,not_found
C64XR9829010,여성 타임 투 트레일 옴니히트 팬츠,W Time to Trail Heat Pant,,20,19,22,1951440,,skipped
C62PM0700010,[BLACK LABEL] 남성 더글러스 볼 팬츠,Douglas Ball Pant,,16,13,16,1948530,,
C56YL0199105,여성 이스케이프 쓰라이브 울트라 아웃드라이 보아2,ESCAPE™ THRIVE ULTRA™ OUTDRY™ BOA II,,15,12,15,1948460,assets/product_images/C56YL0199105.jpg,excel_map+downloaded
C75YE6448010,남성 트랜스 트레일 워터프루프,TRANS TRAIL WATERPROOF,,15,15,15,1946240,assets/product_images/C75YE6448010.jpg,excel_map+downloaded
C55YU6322212,공용 헤이지 저니 워터프루프,HAZY JOURNEY™ WATERPROOF,,16,16,16,1939420,,not_found
C75BK8634083,여성 텔루릭스 타이타늄 아웃드라이 와이드,TELLURIX TITANIUM OUTDRY WIDE,,11,11,12,1938760,assets/product_images/C75BK8634083.jpg,excel_map+downloaded
C61YM6506439,남성 캐니 코브 크루,M's Caney Cove Crew,,34,33,34,1936670,,
C52XE8841126,남성 콜드 베이 대쉬 숏 반팔 라운드 티셔츠,Cold Bay Dash™ Short Sleeve Tee,,56,55,58,1932500,,skipped
C63FM3447464,남성 PFG 바하마 엘리트 긴팔 셔츠,Bahama Elite LS Shirt,,20,19,20,1931150,,
C54WR3825607,여성 드랍 릿지 II 인터체인지 자켓,Drop Ridge™ II Interchange Jacket,,10,10,10,1926293,assets/product_images/C54WR3825607.jpg,excel_map+downloaded
C53YM6453464,남성 로스트 마운틴™ 크루,M's Lost Mountain™ Crew,,34,34,34,1924200,,
C72AE5094011,공용 애커 록 컨버터블 팬츠,Acker Rock Convertible Pant,,17,17,18,1922880,assets/product_images/C72AE5094011.jpg,excel_map+downloaded
C52XE4919010,남성 아덴 폴즈 팬츠,Arden Falls™ Pant,,30,30,30,1920980,,skipped
C66YU0154191,공용 헤이지 저니 2 워터프루프,HAZY JOURNEY II WATERPROOF,,16,15,17,1916550,assets/product_images/C66YU0154191.jpg,excel_map+downloaded
C53YM8451211,남성 모이에 패스™ 테이퍼드 팬츠,Ms Moyie Pass™ Tapered Pants,,20,20,20,1913380,,
C54AR7330010,여성 헬베시아 II 크롭 하프스냅 플리스 아노락,Helvetia™ II Cropped Half Snap Fleece,,40,39,40,1911180,assets/product_images/C54AR7330010.jpg,excel_map+downloaded
C54YM3486381,남성 그레타 에비뉴™ 다운 자켓,Ms Greta Avenue™ Down Jacket,,13,13,13,1910230,assets/product_images/C54YM3486381.jpg,excel_map+downloaded
C66YU0428010,공용 호버튜버 II 워터프루프,HOVERTUBER II WATERPROOF,,25,25,25,1908000,,skipped
C46YU9929010,공용 스트림 투 락 스패츠,STREAM TO ROCK™ Gaiter,,68,66,73,1907030,,
C56PU8729719,공용 그레이트 스모키 가든 2 WAY 토트백,Great Smoky Garden™ 2Way Tote,,10,8,38,1900330,,
C65BL0341278,여성 픽프릭 러쉬 샌달,PEAKFREAK RUSH SHANDAL,,20,18,20,1899770,assets/product_images/C65BL0341278.jpg,excel_map+downloaded
C46BK4552008,여성 뉴튼릿지 플러스 와이드핏,NEWTON RIDGE™ PLUS WATERPROOF AMPED WIDE,,32,28,33,1895400,,not_found
C71YM3502494,남성 카우 마운틴 2L 방수 자켓,M's Cow Mountain 2L Jacket,,8,8,8,1892730,,
C62AE5806010,남성 샤프 캐니언 팬츠,Sharpe Canyon Pant,,18,18,26,1888510,,
C54YM3471397,남성 스노우 타워 레이크™ 다운 자켓,Ms Snow Tower Lake™ Down Jacket,,10,10,10,1882803,assets/product_images/C54YM3471397.jpg,excel_map+downloaded
C54XM3477010,[스타워즈] 공용 베이더 컨버터블 자켓,VADER™ Convertible Jacket,,8,8,8,1873710,assets/product_images/C54XM3477010.jpg,excel_map+downloaded
C61XE2738490,남성 글레시얼 비스타 긴팔 쿨링 셔츠,Glacial Vista Long Sleeve Shirt,,24,23,24,1868740,,
C65YU8771010,[공식몰 단독] 여성 루디 리프 숏 레인부츠,RUDDY LEAF SHORT II,,34,32,35,1867760,,
C62AE5806397,남성 샤프 캐니언 팬츠,Sharpe Canyon Pant,,20,20,23,1865240,,
C55BM8043010,남성 쓰라이브 리바이브 슬라이드,THRIVE™ REVIVE,,44,39,45,1858590,,skipped
C56YU5200191,공용 호버튜버 옴니테크,HOVERTUBER OMNI-TECH,,26,26,26,1858110,assets/product_images/C56YU5200191.jpg,excel_map+downloaded
C66YE4769010,남성 트랜스트레커 아웃드라이,TRANS TREKKER OUTDRY WIDE,,15,15,15,1857170,assets/product_images/C66YE4769010.jpg,excel_map+downloaded
C62YM3533010,남성 선 레이크 경량 바람막이 패커블 자켓,M's Sun Lake Jacket,,14,13,18,1856690,,
C62XE1652010,공용 리드 아일랜드 쇼츠,Reed Island Short,,55,55,55,1854050,,
C55YU5270010,공용 호쏜 레인 로우 옴니테크,HAWTHORNE™ RAIN LO OMNI-TECH™,,21,20,21,1843970,,not_found
C65YE6448010,남성 트랜스 트레일 워터프루프,TRANS TRAIL WATERPROOF,,14,14,14,1843510,assets/product_images/C65YE6448010.jpg,excel_map+downloaded
C61YM6513011,남성 콘 투 파크 크루,M's Cone to Park Crew,,42,41,43,1843050,,
C62YM6596024,공용 엔조이 365 그래픽 반팔 라운드티,Enjoy 365 Graphic SS Crew,,27,27,34,1842150,,
C54AE5344084,남성 왈로와™ 셔켓,Wallowa™ Shirt Jacket,,26,26,26,1838990,,
C55YU0662010,공용 폴스 투 마운틴 방수 부니,Falls to Mountain™ Booney,,56,53,58,1837810,,
C54YL3487105,여성 파운 피크 다운 자켓,Ws Fawn Peak™ Down Jacket,,10,10,10,1835080,assets/product_images/C54YL3487105.jpg,excel_map+downloaded
C54YM3474010,남성 마운틴 후드™ 다운 파카,Ms MT.Hood™ Down Parka,,6,6,6,1834910,assets/product_images/C54YM3474010.jpg,excel_map+downloaded
C56PU8729010,공용 그레이트 스모키 가든 2 WAY 토트백,Great Smoky Garden™ 2Way Tote,,20,20,31,1834090,,
C52AE8827278,[공식몰 단독]남성 노스 패시지 그래픽 반팔 티셔츠,North Passage™ II Graphic SS Tee,,74,73,74,1828280,,skipped
C54WE6671397,공용 캐스케이드 인터체인지 자켓,Cascade Peak™ VI Interchange Jacket,,8,8,8,1825610,assets/product_images/C54WE6671397.jpg,excel_map+downloaded
C54YM8487010,남성 로터리 릿지™ 라이닝 조거 팬츠,Ms Lottery Ridge™ Lining Jogger Pants,,17,16,17,1824010,assets/product_images/C54YM8487010.jpg,excel_map+downloaded
C53YM6465011,남성 제드 레이크™ 크루,M's Jed Lake™ Crew,,32,32,32,1820300,,
C61YM8502160,남성 카우 마운틴 카고 스트레이트 팬츠,M's Cow Mountain Cargo Straight Pants,,20,20,21,1817380,,
C52XE4476010,남성 제로 아이스 시에로-쿨 폴로 반팔 티셔츠,Zero Ice Cirro-Cool™ Polo,,41,38,41,1812170,,skipped
C52XE8841011,남성 콜드 베이 대쉬 숏 반팔 라운드 티셔츠,Cold Bay Dash™ Short Sleeve Tee,,48,46,49,1806610,,skipped
C62AE9267625,공용 코브 비치 팬츠,Cove Beach Pant,,25,25,25,1805850,,
C65BI5371241,남성 크레스트우드 미드 워터프루프 와이드핏,CRESTWOOD MID WATERPROOF,,18,18,18,1799430,,not_found
C62XE1652464,공용 리드 아일랜드 쇼츠,Reed Island Short,,48,48,49,1793140,,
C65YU0369257,공용 본레 포레스트 20L 패커블 경량 백팩,Bonre Forest 20L Packable Backpack,,12,11,35,1791030,,
C62FM7047162,공용 PFG 바하마 반팔 셔츠,Bahama II S/S Shirt,,26,26,26,1788320,assets/product_images/C62FM7047162.jpg,excel_map+downloaded
C65BL7763278,여성 몬트레일 트리니티 AG 2,MONTRAIL TRINITY AG II,,15,14,17,1781090,,skipped
C54AE4498366,남성 헬베시아 II 프린티드 하프스냅 플리스 아노락,Helvetia™ II Printed Half Snap Fleece,,28,28,28,1780620,assets/product_images/C54AE4498366.jpg,excel_map+downloaded
C66BI9168010,남성 픽프릭 러쉬 아웃드라이 와이드,PEAKFREAK RUSH OUTDRY WIDE,,12,12,12,1780200,assets/product_images/C66BI9168010.jpg,excel_map+downloaded
C62YL8532397,여성 스토니 레이크 OFZI+ 쿨링 경량 팬츠,W's Stony Lake OFZI+ Pants,,19,19,19,1780160,,
C75BM7473803,남성 코노스 트릴리움 ATR 트레일 러닝화,KONOS TRILLIUM ATR,,13,13,13,1777570,,
C55BM8650021,남성 PFG 프로 스포츠,PFG PRO SPORT™,,18,17,18,1774605,,skipped
C65BI7306010,남성 벤슨 와이드핏,BENSON WIDE,,21,21,21,1771090,,skipped
C52FM7047019,공용 PFG 바하마II 반팔 셔츠,Bahama™ II S/S Shirt,,24,23,31,1768840,,skipped
C63AE5737010,남성 드라이벤처 하프집업 긴팔 티셔츠,DriVenture Half Zip,,24,23,30,1768089,,
C56CM4726010,남성 파우더 라이트™ 글러브,M Powder Lite™ II Glove,,40,37,42,1765520,,
C66YE6448010,남성 트랜스 트레일 워터프루프,TRANS TRAIL WATERPROOF,,14,14,14,1763490,assets/product_images/C66YE6448010.jpg,excel_map+downloaded
C54WE8837010,남성 발리스틱 릿지 인슐레이션 셔켓,Ballistic Ridge™ II Shirt Jacket,,20,19,22,1760750,assets/product_images/C54WE8837010.jpg,excel_map+downloaded
C56YU2743271,공용 옐로우테일 쇼티 WP OH,YELLOWTAIL™ SHORTY WP OH,,19,18,20,1760030,assets/product_images/C56YU2743271.jpg,excel_map+downloaded
C54AE5884010,남성 옴니히트™ 헬릭스 베이스레이어 크루넥 티셔츠,Omni-Heat™ Helix Baselayer Crew,,42,41,45,1756960,,skipped
C54YM3489299,남성 밸리 투 패스™ 헤비 다운 자켓,Ms Valley to Pass™ Down Jacket,,7,6,7,1756250,assets/product_images/C54YM3489299.jpg,excel_map+downloaded
C64YL3583035,여성 패스 대쉬 포레스트Ⅲ 다운 자켓,W's Path Dash ForestⅢ Down Jacket,,4,4,4,1752270,assets/product_images/C64YL3583035.jpg,excel_map+downloaded
C62YL3533125,여성 선 레이크 경량 바람막이 자켓,W's Sun Lake Jacket,,19,19,19,1748710,,
C52AE5590278,남성 타이타늄 서크 리버 라운드 티셔츠,Cirque River™ LS Crew,,45,42,45,1746830,,
C54XY4893193,[DISNEY] 키즈 미키와 친구들 하프 스냅 플리스,Y CSC X Disney Mickey & Friends Half Snap Fleece,,22,19,25,1743660,,not_found
C75BM0303338,남성 코노스 스피드 트레일 ATR,KONOS SPEED TRAIL ATR,,12,12,13,1741390,,
C54YM3489435,남성 밸리 투 패스™ 헤비 다운 자켓,Ms Valley to Pass™ Down Jacket,,7,7,7,1741346,,
C54WE8837366,남성 발리스틱 릿지 인슐레이션 셔켓,Ballistic Ridge™ II Shirt Jacket,,19,19,19,1731860,,skipped
C62YM6532346,남성 피나클 투 애비뉴 OFZ 아이스 폴로,M's Pinnacle to Avenue OFZ ICE Polo,,23,21,23,1723330,,
C54FO3151011,남성 PFG 언차티드™ 인슐레이션 아노락,PFG Unted™ Insulated Anorak,,23,23,23,1721040,,
C56YU2743327,공용 옐로우테일 쇼티 WP OH,YELLOWTAIL™ SHORTY WP OH,,17,14,17,1719230,assets/product_images/C56YU2743327.jpg,excel_map+downloaded
C54YL8496249,여성 하이크 보울 코브™ 플리스 조거 팬츠,Ws Hike Bowl Cove™ Fleece Jogger Pants,,21,20,21,1718850,,
C54AR7407010,여성 익스플로레이션 시커™ 패딩 스커트,Exploration Seeker™ Skirt,,20,19,20,1718420,,skipped
C71AE8980397,남성 실버 릿지 엘리트 컨버터블 팬츠,Silver Ridge Elite Convertible Pant,,15,15,15,1710850,,
C52AE9642027,남성 아이스 레이크 라운드 반팔 티셔츠,Ice Lake™ II SS Tee,,51,51,51,1710000,,skipped
C54YL3473010,여성 앤 스트림™ 다운 자켓,Ws Anne Stream™ Down Jacket,,6,5,6,1708370,assets/product_images/C54YL3473010.jpg,excel_map+downloaded
C61YM8506010,남성 캐니 코브 조거 팬츠,M's Caney Cove Jogger Pants,,20,20,21,1705280,,
C62YM6536160,남성 스토니 레이크 OFZ 아이스플러스 셋업 폴로,M's Stony Lake OFZ ICE+ Set Up Polo,,22,20,24,1702370,,
C63YM6553011,남성 베이스 트레일 하프 스냅,M's Bays Trail Half Snap,,18,18,23,1700070,,
C64WE4925779,남성 하이 캐스케이드 셔츠 자켓,High Cascades Shirt Jacket,,15,15,15,1699790,,
C66XU7272383,[스타워즈] 공용 엔도어 이슈 카고 백팩,Endor Issue Cargo Backpack,,10,10,10,1698720,,
C55BM0378082,남성 코노스 TRS 아웃드라이,KONOS™ TRS OUTDRY™,,11,11,14,1695620,,skipped
C52AE5590010,남성 타이타늄 서크 리버 라운드 티셔츠,Cirque River™ LS Crew,,40,38,41,1692160,,skipped
C45BM6243010,남성 몬트레일 트리니티 MX,MONTRAIL™ TRINITY™ MX,,13,13,13,1692125,,skipped
C66YM9726MUL,남성 컬럼비아 미드 컬러 양말 5종,M's Columbia Mid Length Mix Socks 5 Pack,,71,71,75,1691870,,
C54XM8691010,[STAR WARS] 공용 베이더 3L 인터체인지 자켓,VADER™ 3L Interchange Jacket,,3,3,3,1690000,assets/product_images/C54XM8691010.jpg,excel_map+downloaded
C55PU5670010,[공식몰 단독]공용 티핀힐 폴더블 부니,Tiffin Hill™ Foldable Booney,,42,38,44,1689570,,skipped
C71AE4498227,[공식몰 단독] 공용 헬베시아 II 프린티드 하프스냅 플리스 풀오버,Helvetia II Printed Half Snap Fleece,,24,23,24,1688640,assets/product_images/C71AE4498227.jpg,excel_map+downloaded
C64WE4925278,남성 하이 캐스케이드 셔츠 자켓,High Cascades Shirt Jacket,,14,14,14,1687410,,
C75BI9168010,남성 픽프릭 러쉬 아웃드라이 와이드,PEAKFREAK RUSH OUTDRY WIDE,,11,10,11,1683220,,
C54AR7330348,여성 헬베시아 II 크롭 하프스냅 플리스 아노락,Helvetia™ II Cropped Half Snap Fleece,,34,33,34,1681430,assets/product_images/C54AR7330348.jpg,excel_map+downloaded
C66YE4769012,남성 트랜스트레커 아웃드라이,TRANS TREKKER OUTDRY WIDE,,13,13,13,1680130,,
C75BM1935010,남성 PFG 프로 스포츠 레인 부츠,PFG PRO SPORT BOOT,,12,12,12,1677400,assets/product_images/C75BM1935010.jpg,excel_map+downloaded
C64FO8530011,[공식몰 단독] 남성 PFG 언차티드 인슐레이션 아노락,PFG Uncharted II Insulated Anorak,,9,9,13,1675300,,
C64XE9996397,남성 타임 투 트레일 옴니히트 팬츠,Time to Trail Omni-Heat Pant,,16,16,16,1673330,,
C62YL3533310,여성 선 레이크 경량 바람막이 자켓,W's Sun Lake Jacket,,9,9,17,1666090,,
C64YM8582011,남성 커렌트 코브 테이퍼드 팬츠,M's Current Cove Tapered Pants,,15,15,15,1665390,,
C65BM0341010,남성 픽프릭 러쉬 샌달,PEAKFREAK RUSH SHANDAL,,19,18,20,1665080,assets/product_images/C65BM0341010.jpg,excel_map+downloaded
C66BI5718089,남성 뉴튼 완다 와이드 미드,NEWTON WANDER WIDE,,16,16,16,1662520,assets/product_images/C66BI5718089.jpg,excel_map+downloaded
C62YM8527271,남성 카스 트레일 OFZ ICE+ 셋업 팬츠,M's Cass Trail OFZ ICE+ Set Up Straight Pants,,17,17,17,1661400,,
C52WE9484349,[공식몰 단독]남성 루프 트레일 바람막이 방풍 자켓,Loop Trail™ II Windbreaker,,18,18,18,1658504,,skipped
C51YM3402082,남성 힐 투 마운틴™ II 2L 방수 자켓,Ms Hill to Mountain™ II 2L Jacket,,9,9,9,1655300,,skipped
C63YM3556395,[추영우 착용] 남성 리 하이크 바람막이 자켓,M's Lee Hike Jacket,,11,10,11,1654280,,
C56UU4597352,공용 트리플캐니언™ 백팩,Triple Canyon™ 24L Backpack,,17,17,17,1649190,assets/product_images/C56UU4597352.jpg,excel_map+downloaded
C61YM3594335,공용 365 마운틴 3L 방수자켓,365 Mountain Rain Jacket,,8,6,8,1648650,,
C66YU4947010,공용 스노우피아 처카 옴니테크 부츠,SNOWPIA CHUKKA OMNI-TECH,,17,16,20,1647710,assets/product_images/C66YU4947010.jpg,excel_map+downloaded
C54PM0374010,[BLACK LABEL] 남성 마룬 레이크 폴스™ 자켓,Maroon Lake Falls™ Jacket,,13,13,13,1646854,,
C75YU0369060,공용 본레 포레스트 20L 패커블 경량 백팩,Bonre Forest 20L Packable Backpack,,31,26,36,1644830,assets/product_images/C75YU0369060.jpg,excel_map+downloaded
C54YL6483010,여성 리버 투 스윕 터틀넥,W's River to Sweep™ Turtleneck,,32,30,33,1643870,,
C56YM0696231,공용 다운 투 다크 트래퍼,Dawn-to-Dark™Ⅱ TRAPPER,,34,33,34,1643640,,not_found
C55BM0378012,남성 코노스 TRS 아웃드라이,KONOS™ TRS OUTDRY™,,13,13,13,1640180,,not_found
C63PM0537466,[요나스 컬렉션] 공용 레이크 투 에비뉴 그래픽 반팔 티셔츠,Lake To Avenue Graphic Ss Tee,,41,40,42,1637240,,
C42FM7047774,공용 바하마™ II 반팔 셔츠,Bahama™ II S/S Shirt,,11,8,35,1635330,,
C55YU0618010,공용 베이 스위프 아일 버킷,Bay Sweep Isle™ Bucket,,64,62,66,1635100,,skipped
C64YL3597010,여성 어드벤처365 경량 구스 다운 자켓,W’s Adventure 365 LW Down Jacket,,8,7,8,1630500,assets/product_images/C64YL3597010.jpg,excel_map+downloaded
C51AP9561100,여성 시커 레전드 쿨링 티셔츠,W Seeker Legend™ LS Tee,,46,44,46,1628380,,
C54AE5057278,남성 크리스탈리프™ 옴니히트™ 헬릭스 하프집 티셔츠,Crystal Leaf™ Omni-Heat™ Helix Half Zip,,27,27,27,1627940,,skipped
C65PU8664191,공용 케슬락 15L 백팩,Castle Rock 15L Backpack,,3,3,26,1624200,,
C51AE4190010,남성 블랙메사 테이퍼드핏 팬츠,Black Mesa™ Tapered Pant,,28,28,29,1623300,,skipped
C56YE4769010,남성 트랜스트레커 아웃드라이,TRANS TREKKER™ OUTDRY,,12,12,12,1619270,,skipped
C64XR9092010,여성 미스티 트리즈 II 인터체인지 자켓,Misty Trees II Interchange Jacket,,6,5,6,1618630,,skipped
C56BI5371240,남성 크레스트우드 미드 워터프루프 와이드핏,CRESTWOOD MID WATERPROOF,,16,16,16,1618320,assets/product_images/C56BI5371240.jpg,excel_map+downloaded
C54XE9996028,남성 타임 투 트레일™ 옴니히트™ 팬츠,Time to Trail™ Omni-Heat™ Pant,,18,18,18,1618080,,skipped
C54PM0411010,[BLACK LABEL] 남성 리틀 그레이 릿지™ 자켓,Little Grey Ridge™ Jacket,,11,11,11,1616640,,
C72XE9956010,[공식몰 단독] 공용 선라이즈 스트레이트 OFZ 그래픽 반팔 티셔츠,Sunrise Strait OFZ Graphic Tee,,29,28,32,1615430,,
C52XE8841252,남성 콜드 베이 대쉬 숏 반팔 라운드 티셔츠,Cold Bay Dash™ Short Sleeve Tee,,46,46,46,1615320,,skipped
C62YM6535100,[그라플렉스] 공용 대쉬 투 코브 그래픽 반팔 티셔츠,[GRAFFLEX] Dash to Cove Graphic Tee,,35,33,35,1612510,,
C66PU8712010,공용 페퍼락 23L 백팩,Pepper Rock 23L Backpack,,30,30,30,1612430,,skipped
C66CU2691010,공용 포인트 파크 플리스 글러브,Point Park Fleece Glove,,65,64,65,1612100,,
C75YM5970395,남성 쓰라이브 리바이브 맥스 브리즈 메쉬 샌들,THRIVE REVIVE MX BREEZE,,13,13,13,1610870,,
C56YM2343010,[STAR WARS] 공용 베이더 부츠,VADER™ BOOT,,6,6,6,1608100,,
C64YL1581010,여성 카멜 포인트 인슐레이션 베스트,W's Carmel Point Insulation Vest,,14,11,14,1606575,,
C66XU3409383,[스타워즈] 공용 엔도어 이슈 보틀 슬링백,Endor Issue Bottle Sling,,18,18,18,1602640,,
C46BM0412255,[공식몰 단독]남성 랜드로머 캠퍼,LANDROAMER CAMPER,,23,23,23,1597150,,skipped
C66UU3561010,공용 트레일 트레블러 28L 백팩,Trail Traveler 28L Rucksack,,26,24,26,1596270,,
C75YM5970010,남성 쓰라이브 리바이브 맥스 브리즈 메쉬 샌들,THRIVE REVIVE MX BREEZE,,14,13,14,1588400,,
C63YM6565160,[추영우 착용] 남성 제리 코브 크루 티셔츠,M's Jerry Cove Crew,,35,34,35,1587149,,
C55BM8043278,남성 쓰라이브 리바이브 슬라이드,THRIVE™ REVIVE,,36,31,40,1584860,,
C66BM7334100,남성 자와 워터프루프,JAAWAA Waterproof Shoe,,14,13,14,1583330,,
C46RMS252AS1,남성 노르딕페어아일 보온양말 2팩,MEN S NORDIC FAIR ISLE MEDIUM WEIGHT THERMAL,,189,175,291,1579950,,
C54YL8473211,여성 먼데이 하버™ 스트레이트 팬츠,Ws Monday Harbor™ Lining Stright Pants,,15,14,15,1576740,assets/product_images/C54YL8473211.jpg,excel_map+downloaded
C66CU5224010,공용 잭 그릭 트래퍼 햇,Jack Creek Trapper Hat,,42,39,42,1575960,,skipped
C64XL8880100,[DISNEY] 여성 디즈니 하프 스냅 플리스 티셔츠,W ColumbiaㅣDISNEY Half Snap,,14,14,14,1573500,,not_found
C62YM8595010,남성 엔조이365 스트레치 팬츠,M’s Enjoy 365 Stretched Pants,,16,12,17,1567950,,
C64XL8880454,[DISNEY] 여성 디즈니 하프 스냅 플리스 티셔츠,W ColumbiaㅣDISNEY Half Snap,,14,14,14,1563620,,skipped
C64WE0604010,남성 실버 리프 라이트 하이브리드 후디드 인슐레이션 경량 패딩 자켓,Silver Leaf Lite Hooded Jacket,,9,9,9,1562960,,
C53FM2027010,남성 PFG 터미널 태클™ II 팬츠,Terminal Tackle™ II Pant,,26,25,26,1560720,,
C54WE2476225,남성 스트릿 트래커 2.0 인터체인지 자켓,Street Trekker™ 2.0 Interchange Jacket,,4,4,4,1559600,,skipped
C55DE3668102,남성 트랜스트레커,TRANS TREKKER™ WIDE,,14,14,14,1555800,,skipped
C64YM3588313,[추영우 착용] 남성 톤토 돔 디터쳐블 다운 자켓,M's Tonto Dome Detachable Down Jacket,,6,4,6,1555280,assets/product_images/C64YM3588313.jpg,excel_map+downloaded
C54AR3793278,여성 클라우드 포인트™ 스냅 플리스 자켓,Cloud Point™ Snap Fleece,,23,22,23,1550410,,skipped
C54WM3476191,공용 파우더케그 인터체인지 봄버 자켓,Powderkeg™ II Remastered Interchange,,7,7,7,1549600,,not_found
C65PU8732010,공용 그레이트 스모키 가든 바디백,Great Smoky Garden Body bag,,9,9,34,1541340,,
C56CM3865010,남성 피크 퍼슈트™ 장갑,Mens Peak Pursuit™ Glove,,19,19,19,1538040,,
C64AE4498491,[공식몰 단독] 공용 헬베시아 II 프린티드 하프스냅 플리스 풀오버,Helvetia II Printed Half Snap Fleece,,21,21,21,1533590,,skipped
C54YM8476319,남성 샷오버 힐™ 인슐레이션 팬츠,Ms Shotover Hill™ Insulation Straight Pants,,11,10,12,1531930,,
C54YM3483366,남성 빅토리아 루프 롱 다운 자켓,Ms Victoria Loop™ Long Down Jacket,,6,6,6,1523665,assets/product_images/C54YM3483366.jpg,excel_map+downloaded
C62AR5491010,여성 엘러베이티드 뷰 파라슈트 카고 팬츠,Elevated View Parachute Pant,,23,23,23,1522960,,
C62YM6532439,남성 피나클 투 애비뉴 OFZ 아이스 폴로,M's Pinnacle to Avenue OFZ ICE Polo,,20,20,20,1521470,,
C55YU0618271,공용 베이 스위프 아일 버킷,Bay Sweep Isle™ Bucket,,58,55,58,1518740,,
C53YM3453010,남성 로스트 마운틴™ 방수 자켓,Ms Lost Mountain™ Jacket,,9,8,9,1517116,assets/product_images/C53YM3453010.jpg,excel_map+downloaded
C66BM4131247,[추영우 착용] 남성 픽프릭 러쉬 아웃드라이 미드,PEAKFREAK RUSH MID OUTDRY,,10,9,10,1516520,assets/product_images/C66BM4131247.jpg,excel_map+downloaded
C72FM8467019,[공식몰 단독] 남성 PFG 쉐도우캐스터 OFZ 바라클라바 후디 티셔츠,Shadowcaster Zero Hoodie,,13,12,14,1511570,,
C53PM0379010,[BLACK LABEL] 남성 투무 헤이츠™ 셔츠,Tumu Heights™ Shirt,,18,17,18,1510740,,
C61YM3513011,남성 대쉬 투 크릭 인슐레이션 자켓,M's Dash to Creek Insulation Jacket,,10,10,10,1510380,assets/product_images/C61YM3513011.jpg,excel_map+downloaded
C62FO6044214,남성 PFG 와일드 캐스트 캠프 셔츠,Wild Cast Camp Shirt,,26,26,26,1507460,,
C52YM3434464,남성 레이크 카날 자켓,M's Lake Canal™ Jacket,,17,16,17,1501770,,
C64AR4888010,여성 옴니히트인피니티 베이스레이어 타이즈,Omni-Heat Infinity Tight,,22,21,26,1500260,,
C64YM3574027,[추영우 착용] 남성 마운틴 후드 다운 자켓,M's MT.Hood Down Jacket,,4,4,4,1499420,assets/product_images/C64YM3574027.jpg,excel_map+downloaded
C65PU8722010,공용 타이거 브룩 20L 트래블 백팩,Tyger Brook20+L Travel Backpack,,11,11,11,1497350,,
C75YU0369257,공용 본레 포레스트 20L 패커블 경량 백팩,Bonre Forest 20L Packable Backpack,,21,20,29,1495660,,
C62AR5491397,여성 엘러베이티드 뷰 파라슈트 팬츠,Elevated View Parachute Pant,,22,22,22,1493080,,
C62FM7047638,공용 PFG 바하마 반팔 셔츠,Bahama II S/S Shirt,,21,21,21,1492090,,
C54FO9344316,남성 PFG 언차티드™ 플리스 자켓,PFG Unted™ Fleece Full Zip,,24,21,25,1491420,,
C54YM3489043,남성 밸리 투 패스™ 헤비 다운 자켓,Ms Valley to Pass™ Down Jacket,,6,6,6,1487900,assets/product_images/C54YM3489043.jpg,excel_map+downloaded
C53YM8451010,남성 모이에 패스™ 테이퍼드 팬츠,M's Moyie Pass™ Tapered Pants,,17,17,17,1487550,,
C64AE4498429,[공식몰 단독] 공용 헬베시아 II 프린티드 하프스냅 플리스 풀오버,Helvetia II Printed Half Snap Fleece,,20,20,21,1486930,,
C62YM4536010,[추영우 착용] 남성 스토니 레이크 OFZ 아이스플러스 셋업 팬츠,M's Stony Lake OFZ ICE+ Set Up Pants,,20,19,21,1486530,,
C71XE9920278,공용 센트릴리엄 II 3 레이어 방수 자켓,Centrillium II Jacket,,8,8,8,1484650,,
C75BI0652089,남성 크레스트우드 미드 워터프루프 와이드핏,CRESTWOOD MID WATERPROOF WIDE,,13,13,13,1483930,assets/product_images/C75BI0652089.jpg,excel_map+downloaded
C64WR6910461,여성 아틱 크레스트 경량 후드 구스 다운자켓,Arctic Crest Down Hooded Jacket,,7,6,7,1482700,,skipped
C61AR0356272,여성 실버릿지 3.0 긴팔 셔츠,Silver Ridge 3.0 LS,,18,17,21,1479990,,
C72AE5094375,공용 애커 록 컨버터블 팬츠,Acker Rock Convertible Pant,,13,13,13,1477390,,
C64WR9847278,[공식몰 단독] 여성 어메이즈 퍼프 후디드 다운자켓,Amaze Puff Hooded Jacket,,8,7,8,1474500,,skipped
C71XE2738028,남성 글레시얼 비스타 냉감 긴팔 셔츠,Glacial Vista™ Long Sleeve Shirt,,19,19,19,1472720,,
C61YM8502010,남성 카우 마운틴 카고 스트레이트 팬츠,M's Cow Mountain Cargo Straight Pants,,17,16,17,1470620,,
C64WR3825278,여성 드랍 릿지 II 인터체인지 자켓,Drop Ridge II Interchange Jacket,,8,8,8,1467430,assets/product_images/C64WR3825278.jpg,excel_map+downloaded
C54PM0372010,남성 스파이어 투 돔™ 다운 자켓,Spire to Dome™ Down Jacket,,6,3,6,1467000,assets/product_images/C54PM0372010.jpg,excel_map+downloaded
C53FM6882011,남성 PFG 언차티드™ 팬츠,PFG Unted™ Pant,,22,19,27,1466090,,
