product_code,product_name_kor,product_name,source_image_url,second_orders,second_buyers,quantity,revenue,second_purchase_rate,image_url,image_source
C54WE4714010,공용 하이크바운드 인터체인지 자켓,Hikebound™ II Interchange Jacket,,45,45,46,6576043,0.001147871336377318,assets/product_images/C54WE4714010.jpg,styleship_cdn_pattern+downloaded
C56YU8517010,공용 샙랜드3 WP OHI,SAPLAND III WP OMNI-HEAT INFINITY,,47,47,47,6164010,0.00119888784021631,assets/product_images/C56YU8517010.jpg,excel_map+downloaded
C56YU8549010,공용 샙랜드3 처카 WP OHI,SAPLAND III CHUKKA WP OH INFINITY,,42,42,43,5244135,0.0010713465806188303,assets/product_images/C56YU8549010.jpg,excel_map+downloaded
C65YU0369010,공용 본레 포레스트 20L 패커블 경량 백팩,Bonre Forest 20L Packable Backpack,,17,17,91,4915180,0.0004336402826314313,assets/product_images/C65YU0369010.jpg,excel_map+downloaded
C54YM3472010,남성 마운틴 후드™ 다운 자켓,Ms MT.Hood™ Down Jacket,,14,14,14,4754830,0.0003571155268729434,assets/product_images/C54YM3472010.jpg,excel_map+downloaded
C46YU0204010,[공식몰 단독] 공용 코브 투 뷰트™ 30L 백팩 + 파우치,Cove to Butte ™ 30 BACKPACK,,64,64,69,4674635,0.0016325281228477412,assets/product_images/C46YU0204010.jpg,styleship_cdn_pattern+downloaded
C65YU0369060,공용 본레 포레스트 20L 패커블 경량 백팩,Bonre Forest 20L Packable Backpack,,6,6,80,4425560,0.00015304951151697574,assets/product_images/C65YU0369060.jpg,styleship_cdn_pattern+downloaded
C64YM3572010,남성 컬럼비아 락 다운 자켓,M's Columbia Rock Down Jacket,,7,7,7,3941940,0.0001785577634364717,assets/product_images/C64YM3572010.jpg,excel_map+downloaded
C54YM3479010,공용 마운틴 후드 롱 다운 자켓,MT.Hood™ Long Down Jacket,,11,11,11,3669120,0.00028059077111445554,assets/product_images/C54YM3479010.jpg,excel_map+downloaded
C66YU9626010,공용 샙랜드4 워터프루프 옴니히트,SAPLAND IV WP OMNI-HEAT INFINITY,,16,16,18,3199700,0.0004081320307119353,assets/product_images/C66YU9626010.jpg,styleship_cdn_pattern+downloaded
C66YM0659010,공용 트레일 투 브러쉬 부니,Trail to Brush Booney,,2,2,80,3160500,5.101650383899191e-05,assets/product_images/C66YM0659010.jpg,excel_map+downloaded
C54WR9293010,여성 롱혼 릿지 리버서블 셔켓,Longhorn Ridge™ Reversible Shirt Jacket,,40,40,40,3023406,0.0010203300767798382,assets/product_images/C54WR9293010.jpg,styleship_cdn_pattern+downloaded
C51AE5878010,남성 와우노가 라이프 웨이트 팬츠,Wanoga™ Lightweight Pant,,47,47,48,2991040,0.00119888784021631,assets/product_images/C51AE5878010.jpg,styleship_cdn_pattern+downloaded
C66YU9682010,공용 샙랜드4 처카 워터프루프 옴니히트,SAPLAND IV CHUKKA WP OH INFINITY,,19,19,19,2949260,0.00048465678647042316,assets/product_images/C66YU9682010.jpg,styleship_cdn_pattern+downloaded
C54AE3788010,남성 마블 캐니언™ 오버레이 후디 티셔츠,Marble Canyon™ Overlay Hoodie,,62,62,62,2915460,0.0015815116190087493,assets/product_images/C54AE3788010.jpg,styleship_cdn_pattern+downloaded
C54WE4714257,공용 하이크바운드 인터체인지 자켓,Hikebound™ II Interchange Jacket,,21,21,21,2910153,0.0005356732903094151,assets/product_images/C54WE4714257.jpg,styleship_cdn_pattern+downloaded
C65BM7763278,남성 몬트레일 트리니티 AG 2,MONTRAIL TRINITY AG II,,23,23,23,2788235,0.000586689794148407,assets/product_images/C65BM7763278.jpg,styleship_cdn_pattern+downloaded
C66YU9626286,공용 샙랜드4 워터프루프 옴니히트,SAPLAND IV WP OMNI-HEAT INFINITY,,15,15,15,2647620,0.00038262377879243935,assets/product_images/C66YU9626286.jpg,styleship_cdn_pattern+downloaded
C66PU8700010,공용 스트림 사코슈 백,Price Stream Sacoche,,12,12,86,2606260,0.0003060990230339515,https://assetscdn49.styleship.com/assets/columbia/data/ProductImages/a/4/C66PU8700010.jpg,styleship_cdn_pattern
C65BM6243278,남성 몬트레일 트리니티 MX,MONTRAIL TRINITY MX,,19,19,19,2494970,0.00048465678647042316,assets/product_images/C65BM6243278.jpg,styleship_cdn_pattern+downloaded
C52WE9484010,[공식몰 단독]남성 루프 트레일 바람막이 방풍 자켓,Loop Trail™ II Windbreaker,,25,25,25,2447805,0.0006377062979873989,assets/product_images/C52WE9484010.jpg,styleship_cdn_pattern+downloaded
C54YM3473010,남성 클라이브 레이크 Ⅱ 다운 자켓,Ms Clive Lake™ Ⅱ Down Jacket,,7,7,7,2399490,0.0001785577634364717,assets/product_images/C54YM3473010.jpg,excel_map+downloaded
C54YM8478011,남성 마운틴 후드™ 인슐레이션 스트레이트 팬츠,M's MT.Hood™ Insulation Straight Pants,,18,18,18,2262630,0.0004591485345509272,assets/product_images/C54YM8478011.jpg,excel_map+downloaded
C66YM0696010,공용 다운 투 다크 트래퍼,Dawn-to-DarkⅡ TRAPPER,,36,36,39,2256465,0.0009182970691018544,assets/product_images/C66YM0696010.jpg,excel_map+downloaded
C64YM3584010,남성 블루 에비뉴 다운 자켓,M's Blue Avenue Down Jacket,,8,8,8,2240470,0.00020406601535596764,assets/product_images/C64YM3584010.jpg,excel_map+downloaded
C65BM1935010,남성 PFG 프로 스포츠 부츠,PFG PRO SPORT BOOT,,18,18,18,2227960,0.0004591485345509272,assets/product_images/C65BM1935010.jpg,excel_map+downloaded
C54WR3825278,여성 드랍 릿지 II 인터체인지 자켓,Drop Ridge™ II Interchange Jacket,,11,11,11,2217030,0.00028059077111445554,assets/product_images/C54WR3825278.jpg,excel_map+downloaded
C64YM7587439,남성 다트 포레스트 코듀로이 셔츠,M's Dart Forest Corduroy Shirts,,17,17,17,2193230,0.0004336402826314313,assets/product_images/C64YM7587439.jpg,excel_map+downloaded
C54YM3474425,남성 마운틴 후드™ 다운 파카,Ms MT.Hood™ Down Parka,,5,5,5,2180970,0.00012754125959747977,assets/product_images/C54YM3474425.jpg,excel_map+downloaded
C54AE3788075,남성 마블 캐니언™ 오버레이 후디 티셔츠,Marble Canyon™ Overlay Hoodie,,46,46,46,2135220,0.001173379588296814,assets/product_images/C54AE3788075.jpg,styleship_cdn_pattern+downloaded
C54YM3476319,남성 샷오버 힐™ 경량 패딩 자켓,Ms Shotover Hill™ Insulation Jacket,,11,11,15,2125953,0.00028059077111445554,assets/product_images/C54YM3476319.jpg,excel_map+downloaded
C54WE7451010,남성 실버 리프II 스트레치 인슐레이션 자켓,Silver Leaf™ Stretch Insulated II Jacket,,14,14,14,2121660,0.0003571155268729434,assets/product_images/C54WE7451010.jpg,styleship_cdn_pattern+downloaded
C54YM3473278,남성 클라이브 레이크 Ⅱ 다운 자켓,Ms Clive Lake™ Ⅱ Down Jacket,,6,6,6,2116350,0.00015304951151697574,assets/product_images/C54YM3473278.jpg,excel_map+downloaded
C65YM8908010,남성 이스케이프 쓰라이브 샌들,THRIVE REVIVE SHANDAL,,17,17,17,2101610,0.0004336402826314313,assets/product_images/C65YM8908010.jpg,excel_map+downloaded
C75BI8634010,[추영우 착용] 남성 텔루릭스 타이타늄 아웃드라이 와이드,TELLURIX TITANIUM OUTDRY WIDE,,12,12,12,2080870,0.0003060990230339515,assets/product_images/C75BI8634010.jpg,excel_map+downloaded
C64AE4498461,[추영우 착용] 공용 헬베시아 II 프린티드 하프스냅 플리스 풀오버,Helvetia II Printed Half Snap Fleece,,29,29,29,1999850,0.0007397393056653828,assets/product_images/C64AE4498461.jpg,excel_map+downloaded
C62XE8841012,[추영우 착용] 공용 콜드 베이 대쉬 그래픽 반팔 티셔츠,Cold Bay Dash Short Sleeve Tee,,56,56,57,1999710,0.0014284621074917736,assets/product_images/C62XE8841012.jpg,excel_map+downloaded
C56YU4749010,공용 헨리포크 부츠 OT OHI,HENRYFORK BOOT OT OHI,,10,10,14,1987950,0.00025508251919495955,assets/product_images/C56YU4749010.jpg,excel_map+downloaded
C66YU2743010,공용 옐로우테일 쇼티 워터프루프 옴니히트,YELLOWTAIL SHORTY WP OH,,17,17,17,1972560,0.0004336402826314313,assets/product_images/C66YU2743010.jpg,styleship_cdn_pattern+downloaded
C54YM3471010,남성 스노우 타워 레이크™ 다운 자켓,Ms Snow Tower Lake™ Down Jacket,,11,11,11,1949772,0.00028059077111445554,assets/product_images/C54YM3471010.jpg,excel_map+downloaded
C53AP3450010,여성 시커™ 레전드 2.0 티셔츠,Seeker™ Legend 2.0 LS Tee,,73,73,74,1933610,0.0018621023901232048,assets/product_images/C53AP3450010.jpg,excel_map+downloaded
C64YM3579010,공용 컬럼비아 락 롱 다운 자켓,M's Columbia Rock Long Down Jacket,,3,3,3,1925360,7.652475575848787e-05,assets/product_images/C64YM3579010.jpg,excel_map+downloaded
C61XE5850010,공용 센트릴리엄 2.5 레이어 방수 자켓,Centrillium 2.5L Jacket,,12,12,12,1899100,0.0003060990230339515,assets/product_images/C61XE5850010.jpg,excel_map+downloaded
C62XE3513492,[추영우 착용] 남성 글레시얼 비스타 그래픽 쿨링 티셔츠,Glacial Vista Graphic Tee,,41,41,41,1860810,0.0010458383286993341,assets/product_images/C62XE3513492.jpg,excel_map+downloaded
C46BK4552305,여성 뉴튼릿지 플러스 와이드핏,NEWTON RIDGE™ PLUS WATERPROOF AMPED WIDE,,34,34,34,1845990,0.0008672805652628626,assets/product_images/C46BK4552305.jpg,styleship_cdn_pattern+downloaded
C64YM3583010,공용 롤링 콘 롱 다운 자켓,M's Rolling Cone Long Down Jacket,,5,5,5,1836280,0.00012754125959747977,assets/product_images/C64YM3583010.jpg,excel_map+downloaded
C43WE4686257,남성 익스플로러스 엣지™ 방수 패딩 자켓,Explorer's Edge™ Insulated Jacket,,14,14,14,1802200,0.0003571155268729434,assets/product_images/C43WE4686257.jpg,styleship_cdn_pattern+downloaded
C55YU5270349,공용 호쏜 레인 로우 옴니테크 방수 스니커즈,HAWTHORNE™ RAIN LO OMNI-TECH™,,25,25,25,1765030,0.0006377062979873989,assets/product_images/C55YU5270349.jpg,styleship_cdn_pattern+downloaded
C54WR3825397,여성 드랍 릿지 II 인터체인지 자켓,Drop Ridge™ II Interchange Jacket,,8,8,8,1761140,0.00020406601535596764,assets/product_images/C54WR3825397.jpg,excel_map+downloaded
C65BM8217091,[공식몰 단독] 남성 이스케이프 쓰라이브 타이타늄 미드 아웃드라이,ESCAPE THRIVE TITANIUM MID OUTDRY,,10,10,10,1749990,0.00025508251919495955,assets/product_images/C65BM8217091.jpg,excel_map+downloaded
C64YM8596010,남성 스톤 데쉬 플리스 스트레이트 팬츠,M's Stone Dash Fleece Straight Pants,,12,12,13,1738750,0.0003060990230339515,assets/product_images/C64YM8596010.jpg,excel_map+downloaded
C56YU5200010,공용 호버튜버 옴니테크,HOVERTUBER OMNI-TECH,,22,22,24,1737275,0.0005611815422289111,assets/product_images/C56YU5200010.jpg,excel_map+downloaded
C61YM3502494,남성 카우 마운틴 2L 방수 자켓,M's Cow Mountain 2L Jacket,,7,7,7,1707610,0.0001785577634364717,assets/product_images/C61YM3502494.jpg,excel_map+downloaded
C44AE2155460,[공식몰 단독] 공용 백볼™ 리마스터드 플리스 자켓,Backbowl™ Remastered Fleece,,26,26,27,1702250,0.0006632145499068948,assets/product_images/C44AE2155460.jpg,styleship_cdn_pattern+downloaded
C64YL3574010,여성 마운틴 후드 다운 자켓,W's MT.Hood Down Jacket,,3,3,3,1695200,7.652475575848787e-05,assets/product_images/C64YL3574010.jpg,excel_map+downloaded
C54YM3472211,남성 마운틴 후드™ 다운 자켓,Ms MT.Hood™ Down Jacket,,5,5,5,1686760,0.00012754125959747977,assets/product_images/C54YM3472211.jpg,excel_map+downloaded
C64YM8587439,남성 다트 포레스트 코듀로이 팬츠,M's Dart Forest Corduroy Pants,,15,15,15,1678415,0.00038262377879243935,assets/product_images/C64YM8587439.jpg,excel_map+downloaded
C75BM1935010,남성 PFG 프로 스포츠 레인 부츠,PFG PRO SPORT BOOT,,12,12,12,1674360,0.0003060990230339515,assets/product_images/C75BM1935010.jpg,excel_map+downloaded
C56BM6246012,남성 코노스 TRS 아웃드라이,KONOS™ TRS OUTDRY,,12,12,12,1609240,0.0003060990230339515,assets/product_images/C56BM6246012.jpg,styleship_cdn_pattern+downloaded
C54YM3472443,남성 마운틴 후드™ 다운 자켓,Ms MT.Hood™ Down Jacket,,4,4,4,1600210,0.00010203300767798382,assets/product_images/C54YM3472443.jpg,excel_map+downloaded
C66YU0154010,공용 헤이지 저니 2 워터프루프,HAZY JOURNEY II WATERPROOF,,14,14,14,1596750,0.0003571155268729434,assets/product_images/C66YU0154010.jpg,styleship_cdn_pattern+downloaded
C54WR3825607,여성 드랍 릿지 II 인터체인지 자켓,Drop Ridge™ II Interchange Jacket,,8,8,8,1595943,0.00020406601535596764,assets/product_images/C54WR3825607.jpg,excel_map+downloaded
C55BI5371020,남성 크레스트우드 미드 워터프루프 와이드핏,CRESTWOOD™ MID WATERPROOF WIDE,,17,17,17,1591220,0.0004336402826314313,assets/product_images/C55BI5371020.jpg,styleship_cdn_pattern+downloaded
C64YM3572027,남성 컬럼비아 락 다운 자켓,M's Columbia Rock Down Jacket,,3,3,3,1583150,7.652475575848787e-05,assets/product_images/C64YM3572027.jpg,excel_map+downloaded
C53AE9081010,남성 왈로와™ 플리스 스웨트팬츠,Wallowa™ Fleece Sweatpant,,30,30,30,1574490,0.0007652475575848787,assets/product_images/C53AE9081010.jpg,styleship_cdn_pattern+downloaded
C61YM7591466,공용 365 마운틴 긴팔 셔켓,365 Mountain Shirts Jacket,,12,12,12,1570630,0.0003060990230339515,assets/product_images/C61YM7591466.jpg,excel_map+downloaded
C61YM7591348,공용 365 마운틴 긴팔 셔켓,M's 365 Mountain Shirts Jacket,,11,11,11,1559080,0.00028059077111445554,assets/product_images/C61YM7591348.jpg,excel_map+downloaded
C56YU0154433,[공식몰 단독] 공용 헤이지 저니 2 워터프루프 방수 스니커즈,HAZY JOURNEY II WATERPROOF,,18,18,19,1553990,0.0004591485345509272,assets/product_images/C56YU0154433.jpg,excel_map+downloaded
C54YL3487010,여성 파운 피크 다운 자켓,Ws Fawn Peak™ Down Jacket,,8,8,8,1550820,0.00020406601535596764,assets/product_images/C54YL3487010.jpg,excel_map+downloaded
C71XE9920010,[추영우 착용] 공용 센트릴리엄 II 3 레이어 방수 자켓,Centrillium II Jacket,,7,7,7,1515070,0.0001785577634364717,assets/product_images/C71XE9920010.jpg,excel_map+downloaded
C61XE2738028,남성 글레시얼 비스타 긴팔 쿨링 셔츠,Glacial Vista Long Sleeve Shirt,,20,20,20,1507980,0.0005101650383899191,assets/product_images/C61XE2738028.jpg,excel_map+downloaded
C46BM6754231,남성 픽프릭2 미드 아웃드라이 레더,PEAKFREAK II MID OUTDRY LEATHER,,12,12,12,1500990,0.0003060990230339515,assets/product_images/C46BM6754231.jpg,styleship_cdn_pattern+downloaded
C62YM6536010,[추영우 착용] 남성 스토니 레이크 OFZ ICE+ 셋업 폴로 티셔츠,M's Stony Lake OFZ ICE+ Set Up Polo,,14,14,22,1499510,0.0003571155268729434,assets/product_images/C62YM6536010.jpg,excel_map+downloaded
C46BM9621010,남성 패시트75 알파 아웃드라이,FACET 75 ALPHA OUTDRY,,12,12,12,1487490,0.0003060990230339515,assets/product_images/C46BM9621010.jpg,styleship_cdn_pattern+downloaded
C52WE9484278,[공식몰 단독]남성 루프 트레일 바람막이 방풍 자켓,Loop Trail™ II Windbreaker,,15,15,15,1485553,0.00038262377879243935,assets/product_images/C52WE9484278.jpg,styleship_cdn_pattern+downloaded
C44AE8545011,공용 헬베시아 플리스 베스트,Helvetia™ Vest,,38,38,40,1471900,0.0009693135729408463,assets/product_images/C44AE8545011.jpg,styleship_cdn_pattern+downloaded
C54AE5780191,남성 헬베시아 II 하프스냅 플리스 아노락,Helvetia™ II Half Snap Fleece,,29,29,29,1471750,0.0007397393056653828,assets/product_images/C54AE5780191.jpg,excel_map+downloaded
C51AM5287011,남성 랜드로머 카고 셔츠,Landroamer™ Cargo Shirt,,29,29,31,1459800,0.0007397393056653828,assets/product_images/C51AM5287011.jpg,styleship_cdn_pattern+downloaded
C64XE9996010,남성 타임 투 트레일 옴니히트 팬츠,Time to Trail Omni-Heat Pant,,14,14,14,1454800,0.0003571155268729434,assets/product_images/C64XE9996010.jpg,styleship_cdn_pattern+downloaded
C63PM0537467,[요나스 컬렉션] 공용 레이크 투 에비뉴 그래픽 반팔 티셔츠,Lake To Avenue Graphic Ss Tee,,33,33,33,1450160,0.0008417723133433666,assets/product_images/C63PM0537467.jpg,styleship_cdn_pattern+downloaded
C63XM5806342,[스타워즈] 남성 엔도어 이슈 카고 베스트,Endor Issue Cargo Vest,,6,6,6,1415190,0.00015304951151697574,assets/product_images/C63XM5806342.jpg,excel_map+downloaded
C56YU4749352,공용 헨리포크 부츠 OT OHI,HENRYFORK BOOT OT OHI,,11,11,11,1413480,0.00028059077111445554,assets/product_images/C56YU4749352.jpg,excel_map+downloaded
C66YU0369010,공용 본레 포레스트 20L 패커블 경량 백팩,Bonre Forest 20L Packable Backpack,,29,29,29,1396470,0.0007397393056653828,assets/product_images/C66YU0369010.jpg,styleship_cdn_pattern+downloaded
C56BM6243278,남성 몬트레일 트리니티 MX,MONTRAIL™ TRINITY™ MX,,11,11,11,1390590,0.00028059077111445554,assets/product_images/C56BM6243278.jpg,excel_map+downloaded
C51AE5164278,남성 서밋 밸리 우븐 셔츠,Summit Valley™ Woven LS Shirt,,27,27,27,1387760,0.0006887228018263909,assets/product_images/C51AE5164278.jpg,styleship_cdn_pattern+downloaded
C54XE9996010,남성 타임 투 트레일™ 옴니히트™ 팬츠,Time to Trail™ Omni-Heat™ Pant,,12,12,13,1386760,0.0003060990230339515,assets/product_images/C54XE9996010.jpg,styleship_cdn_pattern+downloaded
C56YM0696027,공용 다운 투 다크 트래퍼,Dawn-to-Dark™Ⅱ TRAPPER,,30,30,30,1380730,0.0007652475575848787,assets/product_images/C56YM0696027.jpg,styleship_cdn_pattern+downloaded
C64YM6576010,남성 세컨드 픽 크루,M's Second Peak Crew,,16,16,17,1379180,0.0004081320307119353,assets/product_images/C64YM6576010.jpg,excel_map+downloaded
C54YM3479211,공용 마운틴 후드™ 롱 다운 자켓,MT.Hood™ Long Down Jacket,,4,4,4,1368300,0.00010203300767798382,assets/product_images/C54YM3479211.jpg,excel_map+downloaded
C65BI9168091,남성 픽프릭 러쉬 아웃드라이 와이드,PEAKFREAK RUSH OUTDRY WIDE,,8,8,8,1366180,0.00020406601535596764,assets/product_images/C65BI9168091.jpg,excel_map+downloaded
C54AE5780366,남성 헬베시아 II 하프스냅 플리스 아노락,Helvetia™ II Half Snap Fleece,,27,27,28,1358390,0.0006887228018263909,assets/product_images/C54AE5780366.jpg,excel_map+downloaded
C53WE4318010,남성 왈로와™ 소프트쉘 풀이밴드 팬츠,Wallowa™ Softshell Pant,,21,21,22,1358230,0.0005356732903094151,assets/product_images/C53WE4318010.jpg,styleship_cdn_pattern+downloaded
C56BI7306278,남성 벤슨 와이드핏,BENSON™ WIDE,,14,14,14,1353410,0.0003571155268729434,assets/product_images/C56BI7306278.jpg,excel_map+downloaded
C46BM6754010,남성 픽프릭2 미드 아웃드라이 레더,PEAKFREAK II MID OUTDRY LEATHER,,11,11,11,1346980,0.00028059077111445554,assets/product_images/C46BM6754010.jpg,styleship_cdn_pattern+downloaded
C63PM0537126,[요나스 컬렉션] 공용 레이크 투 에비뉴 그래픽 반팔 티셔츠,Lake To Avenue Graphic Ss Tee,,31,31,31,1342180,0.0007907558095043746,assets/product_images/C63PM0537126.jpg,styleship_cdn_pattern+downloaded
C64XL8880454,[DISNEY] 여성 디즈니 하프 스냅 플리스 티셔츠,W ColumbiaㅣDISNEY Half Snap,,12,12,12,1338310,0.0003060990230339515,assets/product_images/C64XL8880454.jpg,styleship_cdn_pattern+downloaded
C62XE8841371,공용 콜드 베이 대쉬 그래픽 반팔 티셔츠,Cold Bay Dash Short Sleeve Tee,,40,40,41,1337650,0.0010203300767798382,assets/product_images/C62XE8841371.jpg,excel_map+downloaded
C54XM8729193,[DISNEY] 남성 미키와 친구들 하프 스냅 플리스,M CSC x Disney Mickey & Friends Half Snap Fleece,,12,12,12,1336800,0.0003060990230339515,assets/product_images/C54XM8729193.jpg,styleship_cdn_pattern+downloaded
C75BI8634083,남성 텔루릭스 타이타늄 아웃드라이 와이드,TELLURIX TITANIUM OUTDRY WIDE,,8,8,8,1331580,0.00020406601535596764,assets/product_images/C75BI8634083.jpg,excel_map+downloaded
C65YU0371010,[공식몰 단독] 공용 애슐리 코브 30L 백팩 + 파우치,Ashley Cove 30L Backpack,,15,15,15,1325800,0.00038262377879243935,assets/product_images/C65YU0371010.jpg,excel_map+downloaded
C56YU0154010,공용 헤이지 저니 2 워터프루프,HAZY JOURNEY II WATERPROOF,,11,11,11,1317210,0.00028059077111445554,assets/product_images/C56YU0154010.jpg,excel_map+downloaded
C52XE4919010,남성 아덴 폴즈 팬츠,Arden Falls™ Pant,,21,21,21,1315020,0.0005356732903094151,assets/product_images/C52XE4919010.jpg,styleship_cdn_pattern+downloaded
C54YM3484010,남성 그로스터 브룩™ 다운 자켓,Ms Gloster Brook™ Down Jacket,,5,5,6,1308106,0.00012754125959747977,assets/product_images/C54YM3484010.jpg,excel_map+downloaded
C51AR9425352,여성 바운더리스 트랙 카고 팬츠,Boundless Trek™ Cargo Pant,,25,25,25,1302100,0.0006377062979873989,assets/product_images/C51AR9425352.jpg,styleship_cdn_pattern+downloaded
C64YM3596010,남성 스톤 데쉬 플리스 자켓,M's Stone Dash Fleece Jacket,,8,8,8,1300290,0.00020406601535596764,assets/product_images/C64YM3596010.jpg,excel_map+downloaded
C56YU5200681,[공식몰 단독] 공용 호버튜버 옴니테크,HOVERTUBER OMNI-TECH,,18,18,18,1298975,0.0004591485345509272,assets/product_images/C56YU5200681.jpg,excel_map+downloaded
C66YM0696027,공용 다운 투 다크 트래퍼,Dawn-to-DarkⅡ TRAPPER,,22,22,23,1295490,0.0005611815422289111,assets/product_images/C66YM0696027.jpg,excel_map+downloaded
C56YU5200273,[공식몰 단독] 공용 호버튜버 옴니테크,HOVERTUBER OMNI-TECH,,18,18,18,1285680,0.0004591485345509272,assets/product_images/C56YU5200273.jpg,excel_map+downloaded
C65YU0657010,공용 베이스 투 스위프 쉐이드 부니,Bay to Sweep Shade Booney,,21,21,22,1276440,0.0005356732903094151,assets/product_images/C65YU0657010.jpg,excel_map+downloaded
C46RUS001010,공용 18온스 텀블러 (530ml),18 oz SS Coffee Vacuum Bottle,,68,68,68,1270020,0.0017345611305257251,assets/product_images/C46RUS001010.jpg,styleship_cdn_pattern+downloaded
C64XM5107100,[DISNEY] 남성 디즈니 하프 스냅 플리스 티셔츠,M ColumbiaㅣDISNEY Half Snap,,11,11,11,1257570,0.00028059077111445554,assets/product_images/C64XM5107100.jpg,styleship_cdn_pattern+downloaded
C51AM5287027,남성 랜드로머 카고 셔츠,Landroamer™ Cargo Shirt,,26,26,27,1255800,0.0006632145499068948,assets/product_images/C51AM5287027.jpg,styleship_cdn_pattern+downloaded
C66BI5718089,남성 뉴튼 완다 와이드 미드,NEWTON WANDER WIDE,,12,12,12,1251770,0.0003060990230339515,assets/product_images/C66BI5718089.jpg,excel_map+downloaded
C64XL8880100,[DISNEY] 여성 디즈니 하프 스냅 플리스 티셔츠,W ColumbiaㅣDISNEY Half Snap,,11,11,11,1244930,0.00028059077111445554,assets/product_images/C64XL8880100.jpg,styleship_cdn_pattern+downloaded
C66CU5879011,공용 인피니티 트레일 바라클라바,Infinity Trail Balaclava,,45,45,52,1241230,0.001147871336377318,assets/product_images/C66CU5879011.jpg,excel_map+downloaded
C54YL3482010,여성 클라우드 비치 롱 다운 자켓,Ws Cloud Beach™ Long Down Jacket,,4,4,4,1236910,0.00010203300767798382,assets/product_images/C54YL3482010.jpg,excel_map+downloaded
C75YU0366010,공용 레드우드 30L 뉴 플러스 백팩,REDWOOD™30 N.PLUS BACKPACK,,11,11,11,1229130,0.00028059077111445554,assets/product_images/C75YU0366010.jpg,excel_map+downloaded
C64FO8530011,[공식몰 단독] 남성 PFG 언차티드 인슐레이션 아노락,PFG Uncharted II Insulated Anorak,,5,5,9,1220880,0.00012754125959747977,https://assetscdn49.styleship.com/assets/columbia/data/ProductImages/a/4/C64FO8530011.jpg,styleship_cdn_pattern
C52XE8841126,남성 콜드 베이 대쉬 숏 반팔 라운드 티셔츠,Cold Bay Dash™ Short Sleeve Tee,,33,33,34,1219800,0.0008417723133433666,assets/product_images/C52XE8841126.jpg,styleship_cdn_pattern+downloaded
C54YL3486102,여성 앤 로드 다운 자켓,Ws Anne Road™ Down Jacket,,8,8,8,1217260,0.00020406601535596764,assets/product_images/C54YL3486102.jpg,excel_map+downloaded
C62XE2326010,남성 클레어몬트II 경량 바람막이 자켓,Clearmont II Jacket,,17,17,17,1213480,0.0004336402826314313,assets/product_images/C62XE2326010.jpg,excel_map+downloaded
C56BI5371241,남성 크레스트우드 미드 워터프루프 와이드핏,CRESTWOOD MID WATERPROOF,,13,13,13,1211975,0.0003316072749534474,assets/product_images/C56BI5371241.jpg,excel_map+downloaded
C45YU5529100,공용 호쏜 레인 로우 III,HAWTHORNE™ RAIN LO III WATERPROOF,,21,21,23,1211270,0.0005356732903094151,assets/product_images/C45YU5529100.jpg,styleship_cdn_pattern+downloaded
C61WE0804262,남성 리즌 노 샤인 아웃드라이 방수 자켓,Reign No Shine Jacket,,5,5,5,1209260,0.00012754125959747977,https://assetscdn49.styleship.com/assets/columbia/data/ProductImages/a/4/C61WE0804262.jpg,styleship_cdn_pattern
C54YL3496249,여성 하이크 보울 코브™ 플리스 자켓,Ws Hike Bowl Cove™ Fleece Jacket,,11,11,11,1208580,0.00028059077111445554,assets/product_images/C54YL3496249.jpg,excel_map+downloaded
C56YE4769339,남성 트랜스트레커 아웃드라이,TRANS TREKKER™ OUTDRY,,8,8,8,1206520,0.00020406601535596764,assets/product_images/C56YE4769339.jpg,styleship_cdn_pattern+downloaded
C64AE5780191,공용 헬베시아 II 하프스냅 플리스 아노락,Helvetia II Half Snap Fleece,,18,18,18,1183470,0.0004591485345509272,assets/product_images/C64AE5780191.jpg,excel_map+downloaded
C56BM0225010,남성 패시트 75 이쿼녹스,FACET™ 75 EQUINOX™,,9,9,9,1176070,0.0002295742672754636,assets/product_images/C56BM0225010.jpg,styleship_cdn_pattern+downloaded
C51AE5878027,남성 와우노가 라이프 웨이트 팬츠,Wanoga™ Lightweight Pant,,20,20,20,1175790,0.0005101650383899191,assets/product_images/C51AE5878027.jpg,styleship_cdn_pattern+downloaded
C66YM2461342,[스타워즈] 남성 엔도어 이슈 부츠,Endor Issue Boot,,4,4,4,1170830,0.00010203300767798382,https://assetscdn49.styleship.com/assets/columbia/data/ProductImages/a/4/C66YM2461342.jpg,styleship_cdn_pattern
C54YM8496010,남성 하이크 보울 코브™ 플리스 조거 팬츠,Ms Hike Bowl Cove™ Fleece Jogger Pants,,13,13,13,1168520,0.0003316072749534474,assets/product_images/C54YM8496010.jpg,excel_map+downloaded
C65YM8908102,남성 이스케이프 쓰라이브 샌들,THRIVE REVIVE SHANDAL,,10,10,10,1161010,0.00025508251919495955,assets/product_images/C65YM8908102.jpg,excel_map+downloaded
C75YU0369010,공용 본레 포레스트 20L 패커블 경량 백팩,Bonre Forest 20L Packable Backpack,,25,25,26,1160680,0.0006377062979873989,assets/product_images/C75YU0369010.jpg,excel_map+downloaded
C66YU0368010,공용 더글라스 패스 30L 백팩,DUGLAS PASS 30 BACKPACK,,11,11,11,1157450,0.00028059077111445554,assets/product_images/C66YU0368010.jpg,excel_map+downloaded
C44AE4164414,남성 아웃도어 트랙스™ 트레일 러닝 베스트,M Outdoor Tracks™ Vest,,51,51,51,1155865,0.0013009208478942937,assets/product_images/C44AE4164414.jpg,styleship_cdn_pattern+downloaded
C55YU6322212,공용 헤이지 저니 워터프루프,HAZY JOURNEY™ WATERPROOF,,9,9,9,1153080,0.0002295742672754636,assets/product_images/C55YU6322212.jpg,styleship_cdn_pattern+downloaded
C66YU9682286,공용 샙랜드4 처카 워터프루프 옴니히트,SAPLAND IV CHUKKA WP OH INFINITY,,7,7,7,1146560,0.0001785577634364717,assets/product_images/C66YU9682286.jpg,styleship_cdn_pattern+downloaded
C65YU0657271,공용 베이스 투 스위프 쉐이드 부니,Bay to Sweep Shade Booney,,20,20,20,1143550,0.0005101650383899191,assets/product_images/C65YU0657271.jpg,excel_map+downloaded
C66YU4749010,공용 헨리포크 부츠 OT OHI,HENRYFORK BOOT OT OHI,,6,6,11,1139090,0.00015304951151697574,assets/product_images/C66YU4749010.jpg,excel_map+downloaded
C65BM7679202,남성 뉴튼릿지 베이스캠프,NEWTON RIDGE BC NB,,13,13,13,1136165,0.0003316072749534474,assets/product_images/C65BM7679202.jpg,styleship_cdn_pattern+downloaded
C46RUS001191,공용 18온스 텀블러 (530ml),18 oz SS Coffee Vacuum Bottle,,62,62,62,1134140,0.0015815116190087493,assets/product_images/C46RUS001191.jpg,styleship_cdn_pattern+downloaded
C56YE4769039,남성 트랜스트레커 아웃드라이,TRANS TREKKER™ OUTDRY,,8,8,8,1123110,0.00020406601535596764,assets/product_images/C56YE4769039.jpg,styleship_cdn_pattern+downloaded
C51WE4267011,남성 페인티드 피크™ 윈드 자켓,Painted Peak™ Wind Jacket,,20,20,20,1122980,0.0005101650383899191,assets/product_images/C51WE4267011.jpg,styleship_cdn_pattern+downloaded
C51AR9425012,여성 바운더리스 트랙 카고 팬츠,Boundless Trek™ Cargo Pant,,23,23,23,1116910,0.000586689794148407,assets/product_images/C51AR9425012.jpg,styleship_cdn_pattern+downloaded
C64YM3596346,남성 스톤 데쉬 플리스 자켓,M's Stone Dash Fleece Jacket,,7,7,7,1113850,0.0001785577634364717,assets/product_images/C64YM3596346.jpg,excel_map+downloaded
C54YM3486381,남성 그레타 에비뉴™ 다운 자켓,Ms Greta Avenue™ Down Jacket,,7,7,7,1107020,0.0001785577634364717,assets/product_images/C54YM3486381.jpg,excel_map+downloaded
C44AR9004415,여성 헬베시아™ 후디,Helvetia™ Hoodie,,24,24,25,1104200,0.000612198046067903,https://assetscdn49.styleship.com/assets/columbia/data/ProductImages/a/4/C44AR9004415.jpg,styleship_cdn_pattern
C56YU5200191,공용 호버튜버 옴니테크,HOVERTUBER OMNI-TECH,,15,15,15,1100110,0.00038262377879243935,assets/product_images/C56YU5200191.jpg,excel_map+downloaded
C56YU2743271,공용 옐로우테일 쇼티 WP OH,YELLOWTAIL™ SHORTY WP OH,,12,12,12,1095080,0.0003060990230339515,assets/product_images/C56YU2743271.jpg,excel_map+downloaded
C53AJ2739010,남성 시커™ 미드웨이트 티셔츠,Seeker™ Midweight LS Tee,,26,26,27,1093080,0.0006632145499068948,https://assetscdn49.styleship.com/assets/columbia/data/ProductImages/a/4/C53AJ2739010.jpg,styleship_cdn_pattern
C62YM8524010,남성 다나 코브 OFZ ICE 스트레이트 팬츠,M's Dana Cove OFZ ICE Straight Pants,,9,9,11,1089130,0.0002295742672754636,assets/product_images/C62YM8524010.jpg,excel_map+downloaded
C63PM0537125,[요나스 컬렉션] 공용 레이크 투 에비뉴 그래픽 반팔 티셔츠,Lake To Avenue Graphic Ss Tee,,28,28,29,1085270,0.0007142310537458868,assets/product_images/C63PM0537125.jpg,styleship_cdn_pattern+downloaded
C64YL3583010,여성 패스 대쉬 포레스트Ⅲ 다운 자켓,W's Path Dash ForestⅢ Down Jacket,,2,2,2,1084750,5.101650383899191e-05,assets/product_images/C64YL3583010.jpg,excel_map+downloaded
C52XE4476010,남성 제로 아이스 시에로-쿨 폴로 반팔 티셔츠,Zero Ice Cirro-Cool™ Polo,,22,22,22,1083260,0.0005611815422289111,assets/product_images/C52XE4476010.jpg,styleship_cdn_pattern+downloaded
C63AE5737278,남성 드라이벤처 하프집업 긴팔 티셔츠,DriVenture Half Zip,,10,10,18,1082320,0.00025508251919495955,https://assetscdn49.styleship.com/assets/columbia/data/ProductImages/a/4/C63AE5737278.jpg,styleship_cdn_pattern
C64YL3585010,여성 파운 피크 다운 자켓,W's Fawn Peak Down Jacket,,4,4,4,1077930,0.00010203300767798382,assets/product_images/C64YL3585010.jpg,excel_map+downloaded
C53AE9081084,남성 왈로와™ 플리스 스웨트팬츠,Wallowa™ Fleece Sweatpant,,23,23,23,1077800,0.000586689794148407,assets/product_images/C53AE9081084.jpg,styleship_cdn_pattern+downloaded
C53WE4318084,남성 왈로와™ 소프트쉘 풀이밴드 팬츠,Wallowa™ Softshell Pant,,22,22,22,1075230,0.0005611815422289111,assets/product_images/C53WE4318084.jpg,styleship_cdn_pattern+downloaded
C64YM3571010,남성 아보카 트레일 경량 다운 자켓,M's Avoca Trail Down Jacket,,5,5,5,1073360,0.00012754125959747977,assets/product_images/C64YM3571010.jpg,excel_map+downloaded
C54YM3496010,남성 하이크 보울 코브™ 플리스 자켓,Ms Hike Bowl Cove™ Fleece Jacket,,9,9,9,1072320,0.0002295742672754636,assets/product_images/C54YM3496010.jpg,excel_map+downloaded
C64AR5760554,여성 헬베시아 II 프린티드 하프스냅 플리스 풀오버,Helvetia II Printed Cropped Half Snap,,16,16,16,1070690,0.0004081320307119353,assets/product_images/C64AR5760554.jpg,styleship_cdn_pattern+downloaded
C66YU5200010,공용 호버튜버 옴니테크,HOVERTUBER OMNI-TECH,,15,15,15,1068510,0.00038262377879243935,assets/product_images/C66YU5200010.jpg,excel_map+downloaded
C54AR7330348,여성 헬베시아 II 크롭 하프스냅 플리스 아노락,Helvetia™ II Cropped Half Snap Fleece,,20,20,20,1068350,0.0005101650383899191,assets/product_images/C54AR7330348.jpg,excel_map+downloaded
C54AE5057010,남성 크리스탈리프™ 옴니히트™ 헬릭스 하프집 티셔츠,Crystal Leaf™ Omni-Heat™ Helix Half Zip,,15,15,15,1064220,0.00038262377879243935,assets/product_images/C54AE5057010.jpg,excel_map+downloaded
C52XE8841011,남성 콜드 베이 대쉬 숏 반팔 라운드 티셔츠,Cold Bay Dash™ Short Sleeve Tee,,27,27,27,1060240,0.0006887228018263909,assets/product_images/C52XE8841011.jpg,styleship_cdn_pattern+downloaded
C62YM6537191,[추영우 착용] 남성 코브 투 애비뉴 옴니프리즈 제로 아이스 플러스 크루 티셔츠,M's Cove to Avenue OFZ ICE+ Crew,,21,21,21,1057600,0.0005356732903094151,assets/product_images/C62YM6537191.jpg,excel_map+downloaded
C66BI9168091,남성 픽프릭 러쉬 아웃드라이 와이드,PEAKFREAK RUSH OUTDRY WIDE,,7,7,7,1057330,0.0001785577634364717,assets/product_images/C66BI9168091.jpg,excel_map+downloaded
C46BK4552286,여성 뉴튼릿지 플러스 와이드핏,NEWTON RIDGE™ PLUS WATERPROOF AMPED WIDE,,14,14,19,1053890,0.0003571155268729434,assets/product_images/C46BK4552286.jpg,styleship_cdn_pattern+downloaded
C54XL5603193,[DISNEY] 여성 미키와 친구들 하프 스냅 플리스,W CSC X Disney Mickey & Friends Half Snap Fleece,,8,8,9,1052860,0.00020406601535596764,assets/product_images/C54XL5603193.jpg,styleship_cdn_pattern+downloaded
C65BL0341278,여성 픽프릭 러쉬 샌달,PEAKFREAK RUSH SHANDAL,,9,9,9,1041480,0.0002295742672754636,assets/product_images/C65BL0341278.jpg,excel_map+downloaded
C55BM0378012,남성 코노스 TRS 아웃드라이,KONOS™ TRS OUTDRY™,,7,7,7,1040460,0.0001785577634364717,assets/product_images/C55BM0378012.jpg,styleship_cdn_pattern+downloaded
C63AR4742010,여성 브리 폴스 코튼 립스탑 카고 팬츠,Brea Falls Cotton Ripstop Pant,,14,14,14,1039016,0.0003571155268729434,assets/product_images/C63AR4742010.jpg,styleship_cdn_pattern+downloaded
C61XE5850227,남성 센트릴리엄 2.5 레이어 방수 자켓,Centrillium Jacket,,6,6,6,1037650,0.00015304951151697574,assets/product_images/C61XE5850227.jpg,excel_map+downloaded
C55YU5270469,공용 호쏜 레인 로우 옴니테크 방수 스니커즈,HAWTHORNE™ RAIN LO OMNI-TECH™,,18,18,18,1035650,0.0004591485345509272,assets/product_images/C55YU5270469.jpg,styleship_cdn_pattern+downloaded
C54YM3476010,남성 샷오버 힐™ 경량 패딩 자켓,Ms Shotover Hill™ Insulation Jacket,,7,7,7,1033180,0.0001785577634364717,assets/product_images/C54YM3476010.jpg,excel_map+downloaded
C55BM0378010,남성 코노스 TRS 아웃드라이,KONOS™ TRS OUTDRY™,,7,7,7,1031340,0.0001785577634364717,assets/product_images/C55BM0378010.jpg,styleship_cdn_pattern+downloaded
C54XM3477010,[스타워즈] 공용 베이더 컨버터블 자켓,VADER™ Convertible Jacket,,4,4,4,1028810,0.00010203300767798382,assets/product_images/C54XM3477010.jpg,excel_map+downloaded
C65YU2555338,공용 채드윅 니트,CHADWICK KNIT,,11,11,11,1024540,0.00028059077111445554,assets/product_images/C65YU2555338.jpg,excel_map+downloaded
C64XE0098010,남성 클로브 서밋 경량 패딩 + 방수 인터체인지 자켓,Clove Summit Interchange Jacket,,3,3,3,1017120,7.652475575848787e-05,assets/product_images/C64XE0098010.jpg,styleship_cdn_pattern+downloaded
C62WE2798010,공용 코브 비치 윈드브레이커 자켓,Cove Beach Windbreaker,,11,11,11,1015560,0.00028059077111445554,assets/product_images/C62WE2798010.jpg,excel_map+downloaded
C51AE4190010,남성 블랙메사 테이퍼드핏 팬츠,Black Mesa™ Tapered Pant,,17,17,18,1015210,0.0004336402826314313,assets/product_images/C51AE4190010.jpg,styleship_cdn_pattern+downloaded
C66BM6246012,남성 코노스 TRS 아웃드라이,KONOS TRS OUTDRY,,8,8,8,1014400,0.00020406601535596764,assets/product_images/C66BM6246012.jpg,excel_map+downloaded
C52XE4919347,남성 아덴 폴즈 팬츠,Arden Falls™ Pant,,16,16,16,1011970,0.0004081320307119353,assets/product_images/C52XE4919347.jpg,styleship_cdn_pattern+downloaded
C61YM3594466,공용 365 마운틴 3L 방수자켓,365 Mountain Rain Jacket,,4,4,4,1011150,0.00010203300767798382,assets/product_images/C61YM3594466.jpg,excel_map+downloaded
C44AE2155010,[공식몰 단독] 공용 백볼™ 리마스터드 플리스 자켓,Backbowl™ Remastered Fleece,,21,21,21,1010090,0.0005356732903094151,assets/product_images/C44AE2155010.jpg,styleship_cdn_pattern+downloaded
C55YU5270292,남성 호쏜 레인 로우 옴니테크 스니커즈,HAWTHORNE™ RAIN LO OMNI-TECH™,,13,13,13,1009410,0.0003316072749534474,assets/product_images/C55YU5270292.jpg,styleship_cdn_pattern+downloaded
C54YL8485010,여성 코말 포크 인슐레이션 와이드 경량 패딩 팬츠,W's Comal Fork™ Insulation Wide Pants,,9,9,9,1008240,0.0002295742672754636,assets/product_images/C54YL8485010.jpg,excel_map+downloaded
C62AR5491397,여성 엘러베이티드 뷰 파라슈트 팬츠,Elevated View Parachute Pant,,14,14,14,1006660,0.0003571155268729434,https://assetscdn49.styleship.com/assets/columbia/data/ProductImages/a/4/C62AR5491397.jpg,styleship_cdn_pattern
C65YL7787010,여성 이스케이프 쓰라이브 샌들,THRIVE REVIVE SHANDAL,,9,9,9,1001740,0.0002295742672754636,assets/product_images/C65YL7787010.jpg,styleship_cdn_pattern+downloaded
C56YM0696010,공용 다운 투 다크 트래퍼,Dawn-to-Dark™Ⅱ TRAPPER,,20,20,21,996200,0.0005101650383899191,assets/product_images/C56YM0696010.jpg,styleship_cdn_pattern+downloaded
C64YM8587211,남성 다트 포레스트 코듀로이 팬츠,M's Dart Forest Corduroy Pants,,8,8,8,995430,0.00020406601535596764,assets/product_images/C64YM8587211.jpg,excel_map+downloaded
C62AE9267010,공용 코브 비치 팬츠,Cove Beach Pant,,14,14,14,993620,0.0003571155268729434,assets/product_images/C62AE9267010.jpg,excel_map+downloaded
C75BM7473010,[추영우 착용] 남성 코노스 트릴리움 ATR 트레일 러닝화,KONOS TRILLIUM ATR,,7,7,7,992480,0.0001785577634364717,assets/product_images/C75BM7473010.jpg,excel_map+downloaded
C64YL3587010,여성 유니온 리버 다운 자켓,Union River Down Jacket,,4,4,4,990830,0.00010203300767798382,assets/product_images/C64YL3587010.jpg,excel_map+downloaded
C61YM3502160,남성 카우 마운틴 2L 방수 자켓,M's Cow Mountain 2L Jacket,,4,4,4,989730,0.00010203300767798382,https://assetscdn49.styleship.com/assets/columbia/data/ProductImages/a/4/C61YM3502160.jpg,styleship_cdn_pattern
C66BI0652014,남성 크레스트우드 미드 워터프루프 와이드핏,CRESTWOOD MID WATERPROOF WIDE,,8,8,8,988300,0.00020406601535596764,assets/product_images/C66BI0652014.jpg,excel_map+downloaded
C54AE5780861,[공식몰 단독] 남성 헬베시아 II 하프스냅 플리스 아노락,Helvetia™ II Half Snap Fleece,,21,21,21,988190,0.0005356732903094151,assets/product_images/C54AE5780861.jpg,excel_map+downloaded
C62XE3513010,남성 글레시얼 비스타 그래픽 티셔츠,Glacial Vista Graphic Tee,,22,22,22,987940,0.0005611815422289111,assets/product_images/C62XE3513010.jpg,excel_map+downloaded
C66BM7922010,남성 보야져 FLX,VOYAGER FLX PCT,,10,10,10,987210,0.00025508251919495955,assets/product_images/C66BM7922010.jpg,excel_map+downloaded
C64AE4498429,[공식몰 단독] 공용 헬베시아 II 프린티드 하프스냅 플리스 풀오버,Helvetia II Printed Half Snap Fleece,,13,13,13,986310,0.0003316072749534474,https://assetscdn49.styleship.com/assets/columbia/data/ProductImages/a/4/C64AE4498429.jpg,styleship_cdn_pattern
C54WR3825010,여성 드랍 릿지 II 인터체인지 자켓,Drop Ridge™ II Interchange Jacket,,5,5,5,985576,0.00012754125959747977,assets/product_images/C54WR3825010.jpg,excel_map+downloaded
C52AE8827278,[공식몰 단독]남성 노스 패시지 그래픽 반팔 티셔츠,North Passage™ II Graphic SS Tee,,36,36,36,985420,0.0009182970691018544,assets/product_images/C52AE8827278.jpg,styleship_cdn_pattern+downloaded
C65BM6578278,남성 몬트레일 트리니티 FKT,MONTRAIL TRINITY FKT,,9,9,9,984860,0.0002295742672754636,assets/product_images/C65BM6578278.jpg,styleship_cdn_pattern+downloaded
C54YL8496010,여성 하이크 보울 코브™ 플리스 조거 팬츠,Ws Hike Bowl Cove™ Fleece Jogger Pants,,12,12,12,982760,0.0003060990230339515,assets/product_images/C54YL8496010.jpg,excel_map+downloaded
C64AE4498349,공용 헬베시아 II 프린티드 하프스냅 플리스 풀오버,Helvetia II Printed Half Snap Fleece,,13,13,13,979490,0.0003316072749534474,assets/product_images/C64AE4498349.jpg,excel_map+downloaded
C56YU2743010,공용 옐로우테일 쇼티 WP OH,YELLOWTAIL™ SHORTY WP OH,,8,8,10,979240,0.00020406601535596764,assets/product_images/C56YU2743010.jpg,excel_map+downloaded
C54WR9293224,여성 롱혼 릿지 리버서블 셔켓,Longhorn Ridge™ Reversible Shirt Jacket,,14,14,14,978450,0.0003571155268729434,assets/product_images/C54WR9293224.jpg,styleship_cdn_pattern+downloaded
C54YM3486010,남성 그레타 에비뉴™ 다운 자켓,Ms Greta Avenue™ Down Jacket,,5,5,6,975220,0.00012754125959747977,assets/product_images/C54YM3486010.jpg,excel_map+downloaded
C54WM3476010,공용 파우더케그 인터체인지 봄버 자켓,Powderkeg™ II Remastered Interchange,,4,4,4,974730,0.00010203300767798382,assets/product_images/C54WM3476010.jpg,styleship_cdn_pattern+downloaded
C52AM4540011,남성 페인티드 피크 쇼츠,Painted Peak™ Short,,21,21,21,974300,0.0005356732903094151,assets/product_images/C52AM4540011.jpg,styleship_cdn_pattern+downloaded
C55YU6327452,공용 호쏜 레인 로우 방수 스니커즈,HAWTHORNE™ RAIN LO,,10,10,10,967860,0.00025508251919495955,assets/product_images/C55YU6327452.jpg,styleship_cdn_pattern+downloaded
C64YM3572287,[추영우 착용] 남성 컬럼비아 락 다운 자켓,M's Columbia Rock Down Jacket,,2,2,2,963280,5.101650383899191e-05,assets/product_images/C64YM3572287.jpg,excel_map+downloaded
C66YU0428010,공용 호버튜버 II 워터프루프,HOVERTUBER II WATERPROOF,,13,13,13,962950,0.0003316072749534474,assets/product_images/C66YU0428010.jpg,styleship_cdn_pattern+downloaded
C56YL0199105,여성 이스케이프 쓰라이브 울트라 아웃드라이 보아2,ESCAPE™ THRIVE ULTRA™ OUTDRY™ BOA II,,7,7,7,960490,0.0001785577634364717,assets/product_images/C56YL0199105.jpg,excel_map+downloaded
C65BI5371241,남성 크레스트우드 미드 워터프루프 와이드핏,CRESTWOOD MID WATERPROOF,,10,10,10,959940,0.00025508251919495955,assets/product_images/C65BI5371241.jpg,styleship_cdn_pattern+downloaded
C63YM3593010,공용 365 트랙 2L 방수자켓,365 TREK 2L Rain Jacket,,3,3,3,958520,7.652475575848787e-05,assets/product_images/C63YM3593010.jpg,excel_map+downloaded
C56YU0694010,공용 스트림 투 포크 플리스 리버서블 트래퍼,Stream to Fork™ Fleece Trapper,,24,24,25,955360,0.000612198046067903,assets/product_images/C56YU0694010.jpg,excel_map+downloaded
C61XE5850022,[추영우 착용] 공용 센트릴리엄 2.5 레이어 방수 자켓,Centrillium Jacket,,6,6,6,954110,0.00015304951151697574,assets/product_images/C61XE5850022.jpg,excel_map+downloaded
C54WE8837366,남성 발리스틱 릿지 인슐레이션 셔켓,Ballistic Ridge™ II Shirt Jacket,,10,10,10,952360,0.00025508251919495955,assets/product_images/C54WE8837366.jpg,styleship_cdn_pattern+downloaded
C65BM0423011,남성 쓰라이브 리바이브 클로그,THRIVE REVIVE CLOG,,22,22,22,948750,0.0005611815422289111,assets/product_images/C65BM0423011.jpg,styleship_cdn_pattern+downloaded
C56YU0694319,공용 스트림 투 포크 플리스 리버서블 트래퍼,Stream to Fork™ Fleece Trapper,,24,24,24,946900,0.000612198046067903,assets/product_images/C56YU0694319.jpg,excel_map+downloaded
C54AE4498366,남성 헬베시아 II 프린티드 하프스냅 플리스 아노락,Helvetia™ II Printed Half Snap Fleece,,14,14,14,944200,0.0003571155268729434,assets/product_images/C54AE4498366.jpg,excel_map+downloaded
C62AE5806010,남성 샤프 캐니언 팬츠,Sharpe Canyon Pant,,6,6,14,942800,0.00015304951151697574,https://assetscdn49.styleship.com/assets/columbia/data/ProductImages/a/4/C62AE5806010.jpg,styleship_cdn_pattern
C54YL3471010,여성 스노우 타워 레이크™ 다운 자켓,Ws Snow Tower Lake™ Down Jacket,,5,5,5,940810,0.00012754125959747977,assets/product_images/C54YL3471010.jpg,excel_map+downloaded
C65YE4769008,남성 트랜스트레커 아웃드라이 와이드,TRANS TREKKER OUTDRY WIDE,,7,7,7,939740,0.0001785577634364717,assets/product_images/C65YE4769008.jpg,excel_map+downloaded
C52PM3894010,남성 아이스버그 가든™ 팬츠,Iceberg Garden™ Pant,,5,5,7,937500,0.00012754125959747977,https://assetscdn49.styleship.com/assets/columbia/data/ProductImages/a/4/C52PM3894010.jpg,styleship_cdn_pattern
C54YM3471397,남성 스노우 타워 레이크™ 다운 자켓,Ms Snow Tower Lake™ Down Jacket,,5,5,5,933840,0.00012754125959747977,assets/product_images/C54YM3471397.jpg,excel_map+downloaded
C52AE5590010,남성 타이타늄 서크 리버 라운드 티셔츠,Cirque River™ LS Crew,,20,20,20,932010,0.0005101650383899191,assets/product_images/C52AE5590010.jpg,styleship_cdn_pattern+downloaded
C64YM3574010,공용 마운틴 후드 다운 자켓,MT.Hood Down Jacket,,2,2,2,928500,5.101650383899191e-05,assets/product_images/C64YM3574010.jpg,excel_map+downloaded
C64AE5780010,공용 헬베시아 II 하프스냅 플리스 풀오버,Helvetia II Half Snap Fleece,,14,14,14,921570,0.0003571155268729434,assets/product_images/C64AE5780010.jpg,excel_map+downloaded
C64YL3582010,여성 애플 리버 다운 자켓,W's Apple River Down Jacket,,4,4,4,919010,0.00010203300767798382,assets/product_images/C64YL3582010.jpg,excel_map+downloaded
C53YM3453381,남성 로스트 마운틴™ 방수 자켓,Ms Lost Mountain™ Jacket,,3,3,6,917970,7.652475575848787e-05,assets/product_images/C53YM3453381.jpg,excel_map+downloaded
C56YU4947247,공용 스노우피아 처카 옴니테크,SNOWPIA™ CHUKKA OMNI-TECH™,,10,10,10,917090,0.00025508251919495955,assets/product_images/C56YU4947247.jpg,excel_map+downloaded
C55YU0662010,공용 폴스 투 마운틴 방수 부니,Falls to Mountain™ Booney,,27,27,27,914180,0.0006887228018263909,https://assetscdn49.styleship.com/assets/columbia/data/ProductImages/a/4/C55YU0662010.jpg,styleship_cdn_pattern
C62YM6596024,공용 엔조이 365 그래픽 반팔 라운드티,Enjoy 365 Graphic SS Crew,,13,13,13,913990,0.0003316072749534474,https://assetscdn49.styleship.com/assets/columbia/data/ProductImages/a/4/C62YM6596024.jpg,styleship_cdn_pattern
C64YL3586102,여성 앤 로드 다운 자켓,W's Anne Road Down Jacket,,5,5,5,912740,0.00012754125959747977,assets/product_images/C64YL3586102.jpg,excel_map+downloaded
C64YM6576160,남성 세컨드 픽 크루,M's Second Peak Crew,,11,11,11,911590,0.00028059077111445554,assets/product_images/C64YM6576160.jpg,excel_map+downloaded
C64YM8578010,남성 니나 트레일 인슐레이션 스트레이트 팬츠,M's Nina Trail Insulation Straight Pants,,6,6,6,910120,0.00015304951151697574,assets/product_images/C64YM8578010.jpg,excel_map+downloaded
C55YU6488063,공용 호쏜 레인 로우 알트 방수 스니커즈,HAWTHORNE™ RAIN LO ALT,,10,10,10,906750,0.00025508251919495955,assets/product_images/C55YU6488063.jpg,styleship_cdn_pattern+downloaded
C65BM1935063,남성 PFG 프로 스포츠 부츠,PFG PRO SPORT BOOT,,7,7,7,905920,0.0001785577634364717,assets/product_images/C65BM1935063.jpg,excel_map+downloaded
C63AE5737010,남성 드라이벤처 하프집업 긴팔 티셔츠,DriVenture Half Zip,,10,10,15,904030,0.00025508251919495955,https://assetscdn49.styleship.com/assets/columbia/data/ProductImages/a/4/C63AE5737010.jpg,styleship_cdn_pattern
C54YL8473010,여성 먼데이 하버™ 스트레이트 팬츠,W's Monday Harbor™ Lining Stright Pants,,9,9,9,904020,0.0002295742672754636,assets/product_images/C54YL8473010.jpg,excel_map+downloaded
C52XE8841370,남성 콜드 베이 대쉬 숏 반팔 라운드 티셔츠,Cold Bay Dash™ Short Sleeve Tee,,24,24,24,902080,0.000612198046067903,assets/product_images/C52XE8841370.jpg,styleship_cdn_pattern+downloaded
C63AE8947010,남성 ROC 테크 카고 팬츠,ROC Tech Cargo Pant,,9,9,9,899510,0.0002295742672754636,assets/product_images/C63AE8947010.jpg,styleship_cdn_pattern+downloaded
C53AP3450292,여성 시커™ 레전드 2.0 티셔츠,Seeker™ Legend 2.0 LS Tee,,36,36,36,897480,0.0009182970691018544,assets/product_images/C53AP3450292.jpg,excel_map+downloaded
C52XE8841252,남성 콜드 베이 대쉬 숏 반팔 라운드 티셔츠,Cold Bay Dash™ Short Sleeve Tee,,25,25,25,897380,0.0006377062979873989,assets/product_images/C52XE8841252.jpg,styleship_cdn_pattern+downloaded
C46BM6578063,남성 몬트레일 트리니티 FKT,MONTRAIL TRINITY FKT,,9,9,9,896560,0.0002295742672754636,assets/product_images/C46BM6578063.jpg,styleship_cdn_pattern+downloaded
C54XM6724010,[스타워즈] 공용 베이더 파카,VADER™ Parka,,2,2,2,893900,5.101650383899191e-05,assets/product_images/C54XM6724010.jpg,excel_map+downloaded
C46RUS001331,공용 18온스 텀블러 (530ml),18 oz SS Coffee Vacuum Bottle,,43,43,43,889020,0.0010968548325383262,https://assetscdn49.styleship.com/assets/columbia/data/ProductImages/a/4/C46RUS001331.jpg,styleship_cdn_pattern
C75YM5970395,남성 쓰라이브 리바이브 맥스 브리즈 메쉬 샌들,THRIVE REVIVE MX BREEZE,,7,7,7,888990,0.0001785577634364717,https://assetscdn49.styleship.com/assets/columbia/data/ProductImages/a/4/C75YM5970395.jpg,styleship_cdn_pattern
C63XM8484254,[스타워즈] 남성 엔도어 이슈 카고 자켓,Endor Issue Cargo Jacket,,3,3,3,888550,7.652475575848787e-05,assets/product_images/C63XM8484254.jpg,excel_map+downloaded
C56BI7306206,남성 벤슨 와이드,BENSON™ WIDE,,8,8,8,887140,0.00020406601535596764,assets/product_images/C56BI7306206.jpg,styleship_cdn_pattern+downloaded
C62FM7047461,공용 PFG 바하마 반팔 셔츠,Bahama II S/S Shirt,,12,12,12,884450,0.0003060990230339515,https://assetscdn49.styleship.com/assets/columbia/data/ProductImages/a/4/C62FM7047461.jpg,styleship_cdn_pattern
C54YL3483010,여성 패스 대쉬 포레스트 다운 자켓,Ws Path Dash Forest™Ⅲ Down Jacket,,2,2,2,884000,5.101650383899191e-05,assets/product_images/C54YL3483010.jpg,excel_map+downloaded
C66PU8712010,공용 페퍼락 23L 백팩,Pepper Rock 23L Backpack,,16,16,16,882800,0.0004081320307119353,assets/product_images/C66PU8712010.jpg,styleship_cdn_pattern+downloaded
C56BK5371397,여성 크레스트우드 미드 워터프루프 와이드핏,CRESTWOOD™ MID WATERPROOF WIDE,,9,9,9,881610,0.0002295742672754636,assets/product_images/C56BK5371397.jpg,excel_map+downloaded
C44AE8545278,공용 헬베시아 플리스 베스트,Helvetia™ Vest,,25,25,26,879300,0.0006377062979873989,assets/product_images/C44AE8545278.jpg,styleship_cdn_pattern+downloaded
C55YU5270010,공용 호쏜 레인 로우 옴니테크,HAWTHORNE™ RAIN LO OMNI-TECH™,,9,9,9,875600,0.0002295742672754636,assets/product_images/C55YU5270010.jpg,styleship_cdn_pattern+downloaded
C54YL3481010,여성 체리 크레스트 다운 자켓,Ws Cherry Crest™ Down Jacket,,5,5,5,872100,0.00012754125959747977,assets/product_images/C54YL3481010.jpg,excel_map+downloaded
C54AE0596010,남성 세콰이아 그로브™ 플리스 자켓,Sequoia Grove™ Full Zip Fleece,,17,17,17,868150,0.0004336402826314313,assets/product_images/C54AE0596010.jpg,styleship_cdn_pattern+downloaded
C64XM9802225,[스타워즈] 남성 제네럴 한 솔로 트렌치 인터체인지 코트,General Han Solo Trench,,1,1,1,867360,2.5508251919495956e-05,https://assetscdn49.styleship.com/assets/columbia/data/ProductImages/a/4/C64XM9802225.jpg,styleship_cdn_pattern
C53FM2027010,남성 PFG 터미널 태클™ II 팬츠,Terminal Tackle™ II Pant,,13,13,13,865380,0.0003316072749534474,https://assetscdn49.styleship.com/assets/columbia/data/ProductImages/a/4/C53FM2027010.jpg,styleship_cdn_pattern
C55BM2858100,남성 코노스 TRS,KONOS™ TRS,,12,12,12,865015,0.0003060990230339515,assets/product_images/C55BM2858100.jpg,styleship_cdn_pattern+downloaded
C63PM0537659,[요나스 컬렉션] 공용 레이크 투 에비뉴 그래픽 반팔 티셔츠,Lake To Avenue Graphic Ss Tee,,21,21,21,861130,0.0005356732903094151,assets/product_images/C63PM0537659.jpg,styleship_cdn_pattern+downloaded
C62YL8527271,여성 카스 트레일 OFZ ICE+ 셋업 팬츠,W's Cass Trail OFZ ICE+ Set Up Straight Pants,,2,2,13,860760,5.101650383899191e-05,https://assetscdn49.styleship.com/assets/columbia/data/ProductImages/a/4/C62YL8527271.jpg,styleship_cdn_pattern
C64YL3571160,여성 아보카 트레일 경량 다운 자켓,W's Avoca Trail Down Jacket,,4,4,4,860320,0.00010203300767798382,assets/product_images/C64YL3571160.jpg,excel_map+downloaded
C55BM8043010,남성 쓰라이브 리바이브 슬라이드,THRIVE™ REVIVE,,21,21,21,858930,0.0005356732903094151,assets/product_images/C55BM8043010.jpg,styleship_cdn_pattern+downloaded
C56PU8731010,공용 그레이트 스모키 가든 숄더백,Great Smoky Garden™ Shoulder,,20,20,21,857260,0.0005101650383899191,https://assetscdn49.styleship.com/assets/columbia/data/ProductImages/a/4/C56PU8731010.jpg,styleship_cdn_pattern
C52XM5671347,남성 써머드라이 워터 쇼츠,Summerdry™ II Short,,27,27,29,855770,0.0006887228018263909,https://assetscdn49.styleship.com/assets/columbia/data/ProductImages/a/4/C52XM5671347.jpg,styleship_cdn_pattern
C62YL3533310,여성 선 레이크 경량 바람막이 자켓,W's Sun Lake Jacket,,2,2,10,853930,5.101650383899191e-05,https://assetscdn49.styleship.com/assets/columbia/data/ProductImages/a/4/C62YL3533310.jpg,styleship_cdn_pattern
C65BI9168010,남성 픽프릭 러쉬 아웃드라이 와이드,PEAKFREAK RUSH OUTDRY WIDE,,5,5,5,853290,0.00012754125959747977,assets/product_images/C65BI9168010.jpg,excel_map+downloaded
C53YM6465011,남성 제드 레이크™ 크루,M's Jed Lake™ Crew,,16,16,16,849630,0.0004081320307119353,https://assetscdn49.styleship.com/assets/columbia/data/ProductImages/a/4/C53YM6465011.jpg,styleship_cdn_pattern
C56YM0696231,공용 다운 투 다크 트래퍼,Dawn-to-Dark™Ⅱ TRAPPER,,18,18,18,848850,0.0004591485345509272,assets/product_images/C56YM0696231.jpg,styleship_cdn_pattern+downloaded
C66BI5718373,남성 뉴튼 완다 와이드 미드,NEWTON WANDER WIDE,,8,8,8,847500,0.00020406601535596764,assets/product_images/C66BI5718373.jpg,styleship_cdn_pattern+downloaded
C62YL6532472,여성 찰스 레이크 OFZI 하프 집업,W's Charles Lake OFZI Half Zip Up,,4,4,15,846250,0.00010203300767798382,https://assetscdn49.styleship.com/assets/columbia/data/ProductImages/a/4/C62YL6532472.jpg,styleship_cdn_pattern
C52YM8424048,남성 클린치 레이크™ OFZ ICE+ 팬츠,Ms Clinch Lake™ OFZ ICE+ Pants,,7,7,7,845990,0.0001785577634364717,https://assetscdn49.styleship.com/assets/columbia/data/ProductImages/a/4/C52YM8424048.jpg,styleship_cdn_pattern
C62AE5806397,남성 샤프 캐니언 팬츠,Sharpe Canyon Pant,,8,8,11,845760,0.00020406601535596764,https://assetscdn49.styleship.com/assets/columbia/data/ProductImages/a/4/C62AE5806397.jpg,styleship_cdn_pattern
C53YM6453011,남성 로스트 마운틴™ 크루,M's Lost Mountain™ Crew,,15,15,15,844730,0.00038262377879243935,assets/product_images/C53YM6453011.jpg,excel_map+downloaded
C66BM4131012,남성 픽프릭 러쉬 아웃드라이 미드,PEAKFREAK RUSH MID OUTDRY,,5,5,5,831510,0.00012754125959747977,assets/product_images/C66BM4131012.jpg,excel_map+downloaded
C54YM8487010,남성 로터리 릿지™ 라이닝 조거 팬츠,Ms Lottery Ridge™ Lining Jogger Pants,,8,8,8,829090,0.00020406601535596764,assets/product_images/C54YM8487010.jpg,excel_map+downloaded
C64XR9829010,여성 타임 투 트레일 옴니히트 팬츠,W Time to Trail Heat Pant,,8,8,9,824400,0.00020406601535596764,assets/product_images/C64XR9829010.jpg,styleship_cdn_pattern+downloaded
C65BM6246012,남성 코노스 TRS 아웃드라이,KONOS TRS OUTDRY,,6,6,6,824140,0.00015304951151697574,assets/product_images/C65BM6246012.jpg,excel_map+downloaded
C71WE7462010,남성 소우덴 프로 3L 방수 자켓,Saudan Pro 3L Shell,,2,2,2,820950,5.101650383899191e-05,https://assetscdn49.styleship.com/assets/columbia/data/ProductImages/a/4/C71WE7462010.jpg,styleship_cdn_pattern
C62AR5491010,여성 엘러베이티드 뷰 파라슈트 카고 팬츠,Elevated View Parachute Pant,,12,12,12,820890,0.0003060990230339515,https://assetscdn49.styleship.com/assets/columbia/data/ProductImages/a/4/C62AR5491010.jpg,styleship_cdn_pattern
C63AE8947366,남성 ROC 테크 카고 팬츠,ROC Tech Cargo Pant,,8,8,8,816110,0.00020406601535596764,https://assetscdn49.styleship.com/assets/columbia/data/ProductImages/a/4/C63AE8947366.jpg,styleship_cdn_pattern
C64YL3597125,여성 어드벤처365 경량 구스 다운 자켓,W’s Adventure 365 LW Down Jacket,,3,3,3,811570,7.652475575848787e-05,https://assetscdn49.styleship.com/assets/columbia/data/ProductImages/a/4/C64YL3597125.jpg,styleship_cdn_pattern
C51WE2636011,남성 페인티드 피크 윈드 바지,Painted Peak™ Wind Pant,,19,19,19,808200,0.00048465678647042316,assets/product_images/C51WE2636011.jpg,styleship_cdn_pattern+downloaded
C64YL3574027,여성 마운틴 후드 다운 자켓,W's MT.Hood Down Jacket,,2,2,2,807940,5.101650383899191e-05,assets/product_images/C64YL3574027.jpg,excel_map+downloaded
C75BI9168010,남성 픽프릭 러쉬 아웃드라이 와이드,PEAKFREAK RUSH OUTDRY WIDE,,5,5,5,807150,0.00012754125959747977,https://assetscdn49.styleship.com/assets/columbia/data/ProductImages/a/4/C75BI9168010.jpg,styleship_cdn_pattern
C66CU2691010,공용 포인트 파크 플리스 글러브,Point Park Fleece Glove,,33,33,33,806510,0.0008417723133433666,https://assetscdn49.styleship.com/assets/columbia/data/ProductImages/a/4/C66CU2691010.jpg,styleship_cdn_pattern
C64AR2484010,여성 옴니히트인피니티 베이스레이어 긴팔 티셔츠,Omni-Heat Infinity Knit LS Crew,,13,13,13,804220,0.0003316072749534474,assets/product_images/C64AR2484010.jpg,styleship_cdn_pattern+downloaded
C66BI9168010,남성 픽프릭 러쉬 아웃드라이 와이드,PEAKFREAK RUSH OUTDRY WIDE,,5,5,5,803450,0.00012754125959747977,assets/product_images/C66BI9168010.jpg,excel_map+downloaded
C64YM8597010,남성 어드벤처 365 인슐레이티드 팬츠,M’s Adventure 365 Insulated Pants,,4,4,4,798300,0.00010203300767798382,https://assetscdn49.styleship.com/assets/columbia/data/ProductImages/a/4/C64YM8597010.jpg,styleship_cdn_pattern
C62XE8841243,공용 콜드 베이 대쉬 그래픽 티셔츠,Cold Bay Dash Short Sleeve Tee,,23,23,23,798130,0.000586689794148407,assets/product_images/C62XE8841243.jpg,excel_map+downloaded
C63YM3556011,남성 리 하이크 바람막이 자켓,M's Lee Hike Jacket,,4,4,5,796190,0.00010203300767798382,https://assetscdn49.styleship.com/assets/columbia/data/ProductImages/a/4/C63YM3556011.jpg,styleship_cdn_pattern
C55YU0618010,공용 베이 스위프 아일 버킷,Bay Sweep Isle™ Bucket,,29,29,30,793760,0.0007397393056653828,assets/product_images/C55YU0618010.jpg,styleship_cdn_pattern+downloaded
C61WE5801464,남성 헤더 캐논 II 스트레치 자켓,Heather Canyon II Jacket,,9,9,12,793110,0.0002295742672754636,https://assetscdn49.styleship.com/assets/columbia/data/ProductImages/a/4/C61WE5801464.jpg,styleship_cdn_pattern
C72XE9962027,남성 라이트 캐논 소프트쉘 자켓,Light Canyon Soft Shell Jacket,,3,3,6,791770,7.652475575848787e-05,https://assetscdn49.styleship.com/assets/columbia/data/ProductImages/a/4/C72XE9962027.jpg,styleship_cdn_pattern
C64AE4498491,[공식몰 단독] 공용 헬베시아 II 프린티드 하프스냅 플리스 풀오버,Helvetia II Printed Half Snap Fleece,,11,11,11,791630,0.00028059077111445554,assets/product_images/C64AE4498491.jpg,styleship_cdn_pattern+downloaded
C75BM0303338,[추영우 착용] 남성 코노스 스피드 트레일 ATR,KONOS SPEED TRAIL ATR,,4,4,5,788710,0.00010203300767798382,https://assetscdn49.styleship.com/assets/columbia/data/ProductImages/a/4/C75BM0303338.jpg,styleship_cdn_pattern
C55DE3668102,남성 트랜스트레커,TRANS TREKKER™ WIDE,,6,6,6,787890,0.00015304951151697574,assets/product_images/C55DE3668102.jpg,styleship_cdn_pattern+downloaded
C65YU0366346,공용 레드우드 30L 뉴 플러스 백팩,REDWOOD30 N.PLUS BACKPACK,,6,6,6,787800,0.00015304951151697574,assets/product_images/C65YU0366346.jpg,excel_map+downloaded
C52AE9642027,남성 아이스 레이크 라운드 반팔 티셔츠,Ice Lake™ II SS Tee,,22,22,22,784490,0.0005611815422289111,assets/product_images/C52AE9642027.jpg,styleship_cdn_pattern+downloaded
C54AR7330010,여성 헬베시아 II 크롭 하프스냅 플리스 아노락,Helvetia™ II Cropped Half Snap Fleece,,17,17,17,783940,0.0004336402826314313,assets/product_images/C54AR7330010.jpg,excel_map+downloaded
C64WE5258010,남성 아틱 크레스트 경량 구스 다운자켓,Arctic Crest Down Jacket,,3,3,3,778250,7.652475575848787e-05,assets/product_images/C64WE5258010.jpg,styleship_cdn_pattern+downloaded
C66YU0154023,공용 헤이지 저니 2 워터프루프,HAZY JOURNEY II WATERPROOF,,6,6,7,771880,0.00015304951151697574,assets/product_images/C66YU0154023.jpg,excel_map+downloaded
C55YM8908010,남성 이스케이프 쓰라이브 샌들,THRIVE™ REVIVE SHANDAL,,6,6,6,771250,0.00015304951151697574,assets/product_images/C55YM8908010.jpg,styleship_cdn_pattern+downloaded
C65BL7763278,여성 몬트레일 트리니티 AG 2,MONTRAIL TRINITY AG II,,7,7,7,771100,0.0001785577634364717,assets/product_images/C65BL7763278.jpg,styleship_cdn_pattern+downloaded
C61XE2738490,남성 글레시얼 비스타 긴팔 쿨링 셔츠,Glacial Vista Long Sleeve Shirt,,10,10,10,767600,0.00025508251919495955,https://assetscdn49.styleship.com/assets/columbia/data/ProductImages/a/4/C61XE2738490.jpg,styleship_cdn_pattern
C54AE5941010,공용 왈로와™ 파노라마 리버서블 경량 인슐레이션 자켓,Wallowa™ Panorama™ Reversible Jacket,,8,8,8,766220,0.00020406601535596764,https://assetscdn49.styleship.com/assets/columbia/data/ProductImages/a/4/C54AE5941010.jpg,styleship_cdn_pattern
C54YM3489435,남성 밸리 투 패스™ 헤비 다운 자켓,Ms Valley to Pass™ Down Jacket,,3,3,3,761460,7.652475575848787e-05,https://assetscdn49.styleship.com/assets/columbia/data/ProductImages/a/4/C54YM3489435.jpg,styleship_cdn_pattern
C52YM6422397,남성 피나클 투 에비뉴™ OFZ Ice 폴로,Ms Pinnacle to Avenue™ OFZ Ice Polo,,9,9,9,760680,0.0002295742672754636,assets/product_images/C52YM6422397.jpg,styleship_cdn_pattern+downloaded
C54YM8482011,남성 밸리 투 패스™ 카고 테이퍼드 팬츠,M's Valley to Pass™ Cargo Tapered Pants,,8,8,8,760530,0.00020406601535596764,assets/product_images/C54YM8482011.jpg,excel_map+downloaded
C62YM6524010,남성 루프 락 포인트 OFZ ICE+ 하프 집업,M's Loop Rock Point OFZ ICE+ Half Zip Up,,8,8,12,759790,0.00020406601535596764,assets/product_images/C62YM6524010.jpg,excel_map+downloaded
C64AE1334010,남성 옴니히트인피니티 베이스레이어 긴팔 티셔츠,M Omni-Heat Infinity Knit LS Crew,,12,12,13,757220,0.0003060990230339515,assets/product_images/C64AE1334010.jpg,styleship_cdn_pattern+downloaded
C54YM8496211,남성 하이크 보울 코브™ 플리스 조거 팬츠,Ms Hike Bowl Cove™ Fleece Jogger Pants,,9,9,9,755750,0.0002295742672754636,assets/product_images/C54YM8496211.jpg,excel_map+downloaded
C72AE5094214,공용 애커 록 컨버터블 팬츠,Acker Rock Convertible Pant,,7,7,7,755610,0.0001785577634364717,assets/product_images/C72AE5094214.jpg,excel_map+downloaded
C55BL2858082,여성 코노스 TRS,KONOS™ TRS,,9,9,9,755450,0.0002295742672754636,assets/product_images/C55BL2858082.jpg,styleship_cdn_pattern+downloaded
C55YL7787010,여성 이스케이프 쓰라이브 샌들,THRIVE™ REVIVE SHANDAL,,6,6,6,755050,0.00015304951151697574,assets/product_images/C55YL7787010.jpg,styleship_cdn_pattern+downloaded
C61YM3513439,남성 대쉬 투 크릭 인슐레이션 자켓,M's Dash to Creek Insulation Jacket,,4,4,4,752440,0.00010203300767798382,assets/product_images/C61YM3513439.jpg,excel_map+downloaded
C53YM8451010,남성 모이에 패스™ 테이퍼드 팬츠,M's Moyie Pass™ Tapered Pants,,8,8,8,750930,0.00020406601535596764,https://assetscdn49.styleship.com/assets/columbia/data/ProductImages/a/4/C53YM8451010.jpg,styleship_cdn_pattern
C43WE4686010,남성 익스플로러스 엣지™ 방수 패딩 자켓,Explorer's Edge™ Insulated Jacket,,6,6,6,750920,0.00015304951151697574,assets/product_images/C43WE4686010.jpg,styleship_cdn_pattern+downloaded
C63YM6553011,남성 베이스 트레일 하프 스냅,M's Bays Trail Half Snap,,5,5,10,750070,0.00012754125959747977,https://assetscdn49.styleship.com/assets/columbia/data/ProductImages/a/4/C63YM6553011.jpg,styleship_cdn_pattern
C54YL8485381,여성 코말 포크 인슐레이션 와이드 경량 패딩 팬츠,W's Comal Fork™ Insulation Wide Pants,,7,7,7,749900,0.0001785577634364717,assets/product_images/C54YL8485381.jpg,excel_map+downloaded
C75BK8634083,여성 텔루릭스 타이타늄 아웃드라이 와이드,TELLURIX TITANIUM OUTDRY WIDE,,4,4,4,749740,0.00010203300767798382,assets/product_images/C75BK8634083.jpg,excel_map+downloaded
C66YE6448010,남성 트랜스 트레일 워터프루프,TRANS TRAIL WATERPROOF,,6,6,6,748860,0.00015304951151697574,assets/product_images/C66YE6448010.jpg,excel_map+downloaded
C52XM5671010,남성 써머드라이 워터 쇼츠,Summerdry™ II Short,,27,27,27,744630,0.0006887228018263909,assets/product_images/C52XM5671010.jpg,styleship_cdn_pattern+downloaded
C53YM8451211,남성 모이에 패스™ 테이퍼드 팬츠,Ms Moyie Pass™ Tapered Pants,,8,8,8,743660,0.00020406601535596764,https://assetscdn49.styleship.com/assets/columbia/data/ProductImages/a/4/C53YM8451211.jpg,styleship_cdn_pattern
C51YL6403010,여성 포레스트 투 패스 크루,Ws Forest to Pass™ Crew,,17,17,17,742690,0.0004336402826314313,https://assetscdn49.styleship.com/assets/columbia/data/ProductImages/a/4/C51YL6403010.jpg,styleship_cdn_pattern
C62YM3533010,남성 선 레이크 경량 바람막이 패커블 자켓,M's Sun Lake Jacket,,6,6,6,737460,0.00015304951151697574,https://assetscdn49.styleship.com/assets/columbia/data/ProductImages/a/4/C62YM3533010.jpg,styleship_cdn_pattern
C55BM8043278,남성 쓰라이브 리바이브 슬라이드,THRIVE™ REVIVE,,14,14,18,737090,0.0003571155268729434,https://assetscdn49.styleship.com/assets/columbia/data/ProductImages/a/4/C55BM8043278.jpg,styleship_cdn_pattern
C65YU0367010,공용 레드우드 35L 백팩,REDWOOD35 BACKPACK,,5,5,5,736330,0.00012754125959747977,assets/product_images/C65YU0367010.jpg,excel_map+downloaded
C62FM7047162,공용 PFG 바하마 반팔 셔츠,Bahama II S/S Shirt,,10,10,10,735830,0.00025508251919495955,assets/product_images/C62FM7047162.jpg,excel_map+downloaded
C55PU5670257,[공식몰 단독]공용 티핀힐 폴더블 부니,Tiffin Hill™ Foldable Booney,,18,18,18,735420,0.0004591485345509272,https://assetscdn49.styleship.com/assets/columbia/data/ProductImages/a/4/C55PU5670257.jpg,styleship_cdn_pattern
C62WE2798125,공용 코브 비치 윈드브레이커 자켓,Cove Beach Windbreaker,,7,7,7,735370,0.0001785577634364717,assets/product_images/C62WE2798125.jpg,excel_map+downloaded
C54YL3487105,여성 파운 피크 다운 자켓,Ws Fawn Peak™ Down Jacket,,4,4,4,735290,0.00010203300767798382,assets/product_images/C54YL3487105.jpg,excel_map+downloaded
C52PM0295469,PFG 바하마™II 데님 반팔 셔츠,Bahama™ II Denim S/S Shirt,,7,7,7,732210,0.0001785577634364717,assets/product_images/C52PM0295469.jpg,styleship_cdn_pattern+downloaded
C64XR9092010,여성 미스티 트리즈 II 인터체인지 자켓,Misty Trees II Interchange Jacket,,2,2,2,732190,5.101650383899191e-05,assets/product_images/C64XR9092010.jpg,styleship_cdn_pattern+downloaded
C54AE5057278,남성 크리스탈리프™ 옴니히트™ 헬릭스 하프집 티셔츠,Crystal Leaf™ Omni-Heat™ Helix Half Zip,,12,12,12,731890,0.0003060990230339515,assets/product_images/C54AE5057278.jpg,styleship_cdn_pattern+downloaded
C63AE5846010,남성 ROC 테크 5 포켓 팬츠,ROC Tech 5 Pocket Pant,,11,11,11,731170,0.00028059077111445554,assets/product_images/C63AE5846010.jpg,styleship_cdn_pattern+downloaded
C62FM7047317,공용 PFG 바하마 II 반팔 셔츠,Bahama II S/S Shirt,,10,10,10,728390,0.00025508251919495955,assets/product_images/C62FM7047317.jpg,excel_map+downloaded
C56BM7763278,남성 몬트레일 트리니티 AG 2,MONTRAIL™ TRINITY™ AG II,,6,6,6,728240,0.00015304951151697574,https://assetscdn49.styleship.com/assets/columbia/data/ProductImages/a/4/C56BM7763278.jpg,styleship_cdn_pattern
C51WE3507010,남성 앰플리 드라이™ 방수 2.5L 자켓,Ampli-Dry™ II Shell,,5,5,5,727670,0.00012754125959747977,assets/product_images/C51WE3507010.jpg,styleship_cdn_pattern+downloaded
C51YM3402082,남성 힐 투 마운틴™ II 2L 방수 자켓,Ms Hill to Mountain™ II 2L Jacket,,4,4,4,725650,0.00010203300767798382,assets/product_images/C51YM3402082.jpg,styleship_cdn_pattern+downloaded
C56CL4474010,여성 부가부™ 인터체인지 장갑,Womens Bugaboo™ Interchange Glove,,12,12,12,723580,0.0003060990230339515,https://assetscdn49.styleship.com/assets/columbia/data/ProductImages/a/4/C56CL4474010.jpg,styleship_cdn_pattern
C43YM8356397,남성 롤링코브 Ⅲ 셋업 조거 팬츠,Ms Rolling Cove™ Ⅲ Pants,,11,11,11,723410,0.00028059077111445554,https://assetscdn49.styleship.com/assets/columbia/data/ProductImages/a/4/C43YM8356397.jpg,styleship_cdn_pattern
C62YM6532439,남성 피나클 투 애비뉴 OFZ 아이스 폴로,M's Pinnacle to Avenue OFZ ICE Polo,,9,9,9,721670,0.0002295742672754636,https://assetscdn49.styleship.com/assets/columbia/data/ProductImages/a/4/C62YM6532439.jpg,styleship_cdn_pattern
C55YU6322273,공용 헤이지 저니 워터프루프,HAZY JOURNEY™ WATERPROOF,,6,6,6,721360,0.00015304951151697574,https://assetscdn49.styleship.com/assets/columbia/data/ProductImages/a/4/C55YU6322273.jpg,styleship_cdn_pattern
C52AE9642011,남성 아이스 레이크 라운드 반팔 티셔츠,Ice Lake™ II SS Tee,,18,18,18,720710,0.0004591485345509272,assets/product_images/C52AE9642011.jpg,styleship_cdn_pattern+downloaded
C63AE5846464,남성 ROC 테크 5 포켓 팬츠,ROC Tech 5 Pocket Pant,,9,9,9,719140,0.0002295742672754636,https://assetscdn49.styleship.com/assets/columbia/data/ProductImages/a/4/C63AE5846464.jpg,styleship_cdn_pattern
C64WR3825010,여성 드랍 릿지 II 인터체인지 자켓,Drop Ridge II Interchange Jacket,,4,4,4,719030,0.00010203300767798382,https://assetscdn49.styleship.com/assets/columbia/data/ProductImages/a/4/C64WR3825010.jpg,styleship_cdn_pattern
C54WE8837010,남성 발리스틱 릿지 인슐레이션 셔켓,Ballistic Ridge™ II Shirt Jacket,,8,8,8,715980,0.00020406601535596764,assets/product_images/C54WE8837010.jpg,excel_map+downloaded
C54YL6483010,여성 리버 투 스윕 터틀넥,W's River to Sweep™ Turtleneck,,14,14,15,714410,0.0003571155268729434,https://assetscdn49.styleship.com/assets/columbia/data/ProductImages/a/4/C54YL6483010.jpg,styleship_cdn_pattern
C53YM6453464,남성 로스트 마운틴™ 크루,M's Lost Mountain™ Crew,,12,12,12,711640,0.0003060990230339515,https://assetscdn49.styleship.com/assets/columbia/data/ProductImages/a/4/C53YM6453464.jpg,styleship_cdn_pattern
C64WE9101010,남성 하이 캐스케이드 인터체인지 리버서블 봄버 자켓,High Cascades Interchange Rvsbl Bomber,,2,2,2,710900,5.101650383899191e-05,assets/product_images/C64WE9101010.jpg,excel_map+downloaded
C65BM7249010,남성 테라스트라이드 ARO,TERRASTRIDE ARO,,8,8,8,710520,0.00020406601535596764,assets/product_images/C65BM7249010.jpg,excel_map+downloaded
C54AE0596278,남성 세콰이아 그로브™ 플리스 자켓,Sequoia Grove™ Full Zip Fleece,,14,14,14,709870,0.0003571155268729434,https://assetscdn49.styleship.com/assets/columbia/data/ProductImages/a/4/C54AE0596278.jpg,styleship_cdn_pattern
C62XE1652464,공용 리드 아일랜드 쇼츠,Reed Island Short,,20,20,21,707140,0.0005101650383899191,https://assetscdn49.styleship.com/assets/columbia/data/ProductImages/a/4/C62XE1652464.jpg,styleship_cdn_pattern
C56CM4726010,남성 파우더 라이트™ 글러브,M Powder Lite™ II Glove,,17,17,17,707080,0.0004336402826314313,https://assetscdn49.styleship.com/assets/columbia/data/ProductImages/a/4/C56CM4726010.jpg,styleship_cdn_pattern
C71AE8947010,남성 ROC 테크 카고 팬츠,ROC Tech Cargo Pant,,8,8,8,706770,0.00020406601535596764,https://assetscdn49.styleship.com/assets/columbia/data/ProductImages/a/4/C71AE8947010.jpg,styleship_cdn_pattern
C56YU2743327,공용 옐로우테일 쇼티 WP OH,YELLOWTAIL™ SHORTY WP OH,,7,7,7,706070,0.0001785577634364717,assets/product_images/C56YU2743327.jpg,excel_map+downloaded
C63FM3447011,남성 PFG 바하마 엘리트 긴팔 셔츠,Bahama Elite LS Shirt,,7,7,7,705830,0.0001785577634364717,https://assetscdn49.styleship.com/assets/columbia/data/ProductImages/a/4/C63FM3447011.jpg,styleship_cdn_pattern
C54WE2476010,남성 스트릿 트래커 2.0 인터체인지 자켓,Street Trekker™ 2.0 Interchange Jacket,,2,2,2,705440,5.101650383899191e-05,assets/product_images/C54WE2476010.jpg,styleship_cdn_pattern+downloaded
C52XO3600213,남성 블루스템 7부 팬츠,Bluestem™ Knee Pant,,17,17,17,703740,0.0004336402826314313,assets/product_images/C52XO3600213.jpg,styleship_cdn_pattern+downloaded
C56BL7763278,여성 몬트레일 트리니티 AG 2,MONTRAIL™ TRINITY™ AG II,,5,5,6,703420,0.00012754125959747977,https://assetscdn49.styleship.com/assets/columbia/data/ProductImages/a/4/C56BL7763278.jpg,styleship_cdn_pattern
C64YM8582011,남성 커렌트 코브 테이퍼드 팬츠,M's Current Cove Tapered Pants,,6,6,6,703300,0.00015304951151697574,https://assetscdn49.styleship.com/assets/columbia/data/ProductImages/a/4/C64YM8582011.jpg,styleship_cdn_pattern
C71YM3502494,남성 카우 마운틴 2L 방수 자켓,M's Cow Mountain 2L Jacket,,3,3,3,703230,7.652475575848787e-05,https://assetscdn49.styleship.com/assets/columbia/data/ProductImages/a/4/C71YM3502494.jpg,styleship_cdn_pattern
C65BL7922125,여성 보야져 FLX,VOYAGER FLX PCT,,5,5,6,698950,0.00012754125959747977,https://assetscdn49.styleship.com/assets/columbia/data/ProductImages/a/4/C65BL7922125.jpg,styleship_cdn_pattern
C55YU0618271,공용 베이 스위프 아일 버킷,Bay Sweep Isle™ Bucket,,27,27,27,698750,0.0006887228018263909,https://assetscdn49.styleship.com/assets/columbia/data/ProductImages/a/4/C55YU0618271.jpg,styleship_cdn_pattern
C52WE9484349,[공식몰 단독]남성 루프 트레일 바람막이 방풍 자켓,Loop Trail™ II Windbreaker,,7,7,7,697684,0.0001785577634364717,assets/product_images/C52WE9484349.jpg,styleship_cdn_pattern+downloaded
C66YU0154191,공용 헤이지 저니 2 워터프루프,HAZY JOURNEY II WATERPROOF,,6,6,6,695700,0.00015304951151697574,assets/product_images/C66YU0154191.jpg,excel_map+downloaded
C65BL6243088,여성 몬트레일 트리니티 MX,MONTRAIL TRINITY MX,,5,5,5,695590,0.00012754125959747977,assets/product_images/C65BL6243088.jpg,styleship_cdn_pattern+downloaded
C56CM4734278,남성 부가부™ 인터체인지 장갑,Mens Bugaboo™ Interchange Glove,,12,12,12,690690,0.0003060990230339515,https://assetscdn49.styleship.com/assets/columbia/data/ProductImages/a/4/C56CM4734278.jpg,styleship_cdn_pattern
C55YM8908271,[공식몰 단독] 남성 쓰라이브 리바이브 샌들,THRIVE™ REVIVE SHANDAL,,6,6,6,689880,0.00015304951151697574,assets/product_images/C55YM8908271.jpg,styleship_cdn_pattern+downloaded
C61YL8591028,여성 365 마운틴 카고 팬츠,W’s 365 Mountain Cargo Pants,,5,5,5,688040,0.00012754125959747977,https://assetscdn49.styleship.com/assets/columbia/data/ProductImages/a/4/C61YL8591028.jpg,styleship_cdn_pattern
C66UU3561010,공용 트레일 트레블러 28L 백팩,Trail Traveler 28L Rucksack,,12,12,12,687710,0.0003060990230339515,https://assetscdn49.styleship.com/assets/columbia/data/ProductImages/a/4/C66UU3561010.jpg,styleship_cdn_pattern
C55DR3668278,여성 트랜스트레커,TRANS TREKKER™ WIDE,,5,5,6,685380,0.00012754125959747977,assets/product_images/C55DR3668278.jpg,styleship_cdn_pattern+downloaded
C45YL5489102,여성 픽프릭2 아웃드라이 보아,PEAKFREAK™ II OUTDRY™ BOA,,5,5,7,685320,0.00012754125959747977,assets/product_images/C45YL5489102.jpg,styleship_cdn_pattern+downloaded
C65YU2555214,공용 채드윅 니트,CHADWICK KNIT,,7,7,7,681800,0.0001785577634364717,assets/product_images/C65YU2555214.jpg,excel_map+downloaded
C51YM6411019,남성 브룩 투 피크 후디,M's Brook to Peak™ Hoodie,,14,14,14,680860,0.0003571155268729434,https://assetscdn49.styleship.com/assets/columbia/data/ProductImages/a/4/C51YM6411019.jpg,styleship_cdn_pattern
C54AE5884010,남성 옴니히트™ 헬릭스 베이스레이어 크루넥 티셔츠,Omni-Heat™ Helix Baselayer Crew,,16,16,17,675870,0.0004081320307119353,assets/product_images/C54AE5884010.jpg,styleship_cdn_pattern+downloaded
C75BI8634845,[추영우 착용] 남성 텔루릭스 타이타늄 아웃드라이 와이드,TELLURIX TITANIUM OUTDRY WIDE,,4,4,4,675720,0.00010203300767798382,assets/product_images/C75BI8634845.jpg,excel_map+downloaded
C54YL3481299,여성 체리 크레스트 다운 자켓,Ws Cherry Crest™ Down Jacket,,3,3,3,675330,7.652475575848787e-05,assets/product_images/C54YL3481299.jpg,excel_map+downloaded
C71YL3590200,여성 365 마운틴 II 3L 방수자켓,W's 365 Mountain II Rain Jacket,,2,2,2,675290,5.101650383899191e-05,https://assetscdn49.styleship.com/assets/columbia/data/ProductImages/a/4/C71YL3590200.jpg,styleship_cdn_pattern
C55YM1086011,남성 플라토 벤쳐 워터프루프 보아,PLATEAU VENTURE WP BOA,,6,6,6,674700,0.00015304951151697574,assets/product_images/C55YM1086011.jpg,styleship_cdn_pattern+downloaded
C46BK4552008,여성 뉴튼릿지 플러스 와이드핏,NEWTON RIDGE™ PLUS WATERPROOF AMPED WIDE,,13,13,13,674410,0.0003316072749534474,assets/product_images/C46BK4552008.jpg,styleship_cdn_pattern+downloaded
C54WE4714681,공용 하이크바운드 인터체인지 자켓,Hikebound™ II Interchange Jacket,,5,5,5,674040,0.00012754125959747977,assets/product_images/C54WE4714681.jpg,styleship_cdn_pattern+downloaded
C66YE4769010,남성 트랜스트레커 아웃드라이,TRANS TREKKER OUTDRY WIDE,,5,5,5,673870,0.00012754125959747977,assets/product_images/C66YE4769010.jpg,excel_map+downloaded
C62YM8524439,[추영우 착용] 남성 다나 코브 OFZ ICE 스트레이트 팬츠,M's Dana Cove OFZ ICE Straight Pants,,5,5,6,672890,0.00012754125959747977,assets/product_images/C62YM8524439.jpg,excel_map+downloaded
C65YU0366010,공용 레드우드 30L 뉴 플러스 백팩,REDWOOD30 N.PLUS BACKPACK,,5,5,5,671320,0.00012754125959747977,assets/product_images/C65YU0366010.jpg,excel_map+downloaded
C56YR0136039,여성 트랜스트레커 아웃드라이,TRANS TREKKER™ OUTDRY,,4,4,4,670100,0.00010203300767798382,https://assetscdn49.styleship.com/assets/columbia/data/ProductImages/a/4/C56YR0136039.jpg,styleship_cdn_pattern
C62AE9642013,[공식몰 단독] 남성 아이스 레이크 II 반팔 티셔츠,Ice Lake II SS Tee,,16,16,16,669410,0.0004081320307119353,https://assetscdn49.styleship.com/assets/columbia/data/ProductImages/a/4/C62AE9642013.jpg,styleship_cdn_pattern
C52YL8427010,여성 밸리 투 뷰트™ 아이스 팬츠,Ws Valley to Butte™ OFZ ICE+ Tapered Pants,,8,8,8,668510,0.00020406601535596764,https://assetscdn49.styleship.com/assets/columbia/data/ProductImages/a/4/C52YL8427010.jpg,styleship_cdn_pattern
C55BM6283469,남성 캐스트백 TC PFG,CASTBACK™ TC PFG™,,5,5,5,667990,0.00012754125959747977,https://assetscdn49.styleship.com/assets/columbia/data/ProductImages/a/4/C55BM6283469.jpg,styleship_cdn_pattern
C52YM6422010,남성 피나클 투 에비뉴™ OFZ Ice 폴로,Ms Pinnacle to Avenue™ OFZ Ice Polo,,8,8,8,667850,0.00020406601535596764,assets/product_images/C52YM6422010.jpg,styleship_cdn_pattern+downloaded
C65BI5371240,남성 크레스트우드 미드 워터프루프 와이드핏,CRESTWOOD MID WATERPROOF,,7,7,7,667290,0.0001785577634364717,assets/product_images/C65BI5371240.jpg,styleship_cdn_pattern+downloaded
C64WE6671278,공용 캐스케이드 인터체인지 자켓,Cascade Peak VI Interchange Jacket,,2,2,2,666150,5.101650383899191e-05,assets/product_images/C64WE6671278.jpg,excel_map+downloaded
C64YL3571010,여성 아보카 트레일 경량 다운 자켓,W's Avoca Trail Down Jacket,,3,3,3,666080,7.652475575848787e-05,assets/product_images/C64YL3571010.jpg,excel_map+downloaded
C64WE0604010,남성 실버 리프 라이트 하이브리드 후디드 인슐레이션 경량 패딩 자켓,Silver Leaf Lite Hooded Jacket,,4,4,4,665740,0.00010203300767798382,https://assetscdn49.styleship.com/assets/columbia/data/ProductImages/a/4/C64WE0604010.jpg,styleship_cdn_pattern
C54WE7559010,공용 왈로와™ 리버서블 인슐레이션 자켓,Wallowa™ Reversible Jacket,,5,5,5,665623,0.00012754125959747977,https://assetscdn49.styleship.com/assets/columbia/data/ProductImages/a/4/C54WE7559010.jpg,styleship_cdn_pattern
C54AE4075010,남성 옴니히트™ 헬릭스 베이스레이어 타이츠,Omni-Heat™ Helix Baselayer Tight,,13,13,14,660380,0.0003316072749534474,assets/product_images/C54AE4075010.jpg,styleship_cdn_pattern+downloaded
C62YL8532010,여성 스토니 레이크 OFZI+ 쿨링 경량 팬츠,W's Stony Lake OFZI+ Pants,,7,7,7,659980,0.0001785577634364717,https://assetscdn49.styleship.com/assets/columbia/data/ProductImages/a/4/C62YL8532010.jpg,styleship_cdn_pattern
C65BM8261008,남성 뉴튼릿지 베이스캠프,NEWTON RIDGE BC,,7,7,7,659100,0.0001785577634364717,assets/product_images/C65BM8261008.jpg,styleship_cdn_pattern+downloaded
C54YM8473010,남성 먼데이 하버™ 스트레이트 팬츠,Ms Monday Harbor™ Straight Pants,,6,6,6,656640,0.00015304951151697574,https://assetscdn49.styleship.com/assets/columbia/data/ProductImages/a/4/C54YM8473010.jpg,styleship_cdn_pattern
C61XE2738227,남성 글레시얼 비스타 긴팔 쿨링 셔츠,Glacial Vista Long Sleeve Shirt,,9,9,9,655050,0.0002295742672754636,assets/product_images/C61XE2738227.jpg,excel_map+downloaded
C64XY7077100,[DISNEY] 키즈 디즈니 하프 스냅 플리스 티셔츠,Y ColumbiaㅣDISNEY Half Snap,,9,9,9,654760,0.0002295742672754636,assets/product_images/C64XY7077100.jpg,styleship_cdn_pattern+downloaded
C52YM8431262,남성 로스트 포인트™ 와이드 팬츠,M's Lost Point™ Wide Pants,,8,8,8,653980,0.00020406601535596764,https://assetscdn49.styleship.com/assets/columbia/data/ProductImages/a/4/C52YM8431262.jpg,styleship_cdn_pattern
C72XE9956010,[공식몰 단독] 공용 선라이즈 스트레이트 OFZ 그래픽 반팔 티셔츠,Sunrise Strait OFZ Graphic Tee,,13,13,13,652830,0.0003316072749534474,https://assetscdn49.styleship.com/assets/columbia/data/ProductImages/a/4/C72XE9956010.jpg,styleship_cdn_pattern
C62AE9267625,공용 코브 비치 팬츠,Cove Beach Pant,,8,8,8,650590,0.00020406601535596764,https://assetscdn49.styleship.com/assets/columbia/data/ProductImages/a/4/C62AE9267625.jpg,styleship_cdn_pattern
C43YM3356397,남성 롤링코브 Ⅲ 셋업자켓,M's Rolling Cove™ Ⅲ Jacket,,7,7,7,650190,0.0001785577634364717,https://assetscdn49.styleship.com/assets/columbia/data/ProductImages/a/4/C43YM3356397.jpg,styleship_cdn_pattern
C54XM8691010,[STAR WARS] 공용 베이더 3L 인터체인지 자켓,VADER™ 3L Interchange Jacket,,1,1,1,650000,2.5508251919495956e-05,assets/product_images/C54XM8691010.jpg,excel_map+downloaded
C51AE4572011,남성 맥스트레일 라이트 컨버터블 팬츠,Maxtrail™ Lite Convertible Pant,,7,7,7,648080,0.0001785577634364717,assets/product_images/C51AE4572011.jpg,styleship_cdn_pattern+downloaded
C54AR7407010,여성 익스플로레이션 시커™ 패딩 스커트,Exploration Seeker™ Skirt,,7,7,7,643740,0.0001785577634364717,assets/product_images/C54AR7407010.jpg,styleship_cdn_pattern+downloaded
C46BM0412255,[공식몰 단독]남성 랜드로머 캠퍼,LANDROAMER CAMPER,,9,9,9,641640,0.0002295742672754636,assets/product_images/C46BM0412255.jpg,styleship_cdn_pattern+downloaded
C54AE3331010,남성 스트릿 트레커™ 리버시블 플리스 프린트 베스트,Street Transit™ Reversible Fleece Print Vest,,8,8,8,639710,0.00020406601535596764,https://assetscdn49.styleship.com/assets/columbia/data/ProductImages/a/4/C54AE3331010.jpg,styleship_cdn_pattern
C72FM8467019,[공식몰 단독] 남성 PFG 쉐도우캐스터 OFZ 바라클라바 후디 티셔츠,Shadowcaster Zero Hoodie,,5,5,6,639540,0.00012754125959747977,https://assetscdn49.styleship.com/assets/columbia/data/ProductImages/a/4/C72FM8467019.jpg,styleship_cdn_pattern
C56BM8261008,남성 뉴튼릿지 베이스캠프,NEWTON RIDGE™ BC,,7,7,7,637440,0.0001785577634364717,assets/product_images/C56BM8261008.jpg,excel_map+downloaded
C66BL6246012,여성 코노스 TRS 아웃드라이,KONOS TRS OUTDRY,,5,5,5,635260,0.00012754125959747977,https://assetscdn49.styleship.com/assets/columbia/data/ProductImages/a/4/C66BL6246012.jpg,styleship_cdn_pattern
C54YL3473607,여성 앤 스트림™ 다운 자켓,Ws Anne Stream™ Down Jacket,,2,2,2,634620,5.101650383899191e-05,https://assetscdn49.styleship.com/assets/columbia/data/ProductImages/a/4/C54YL3473607.jpg,styleship_cdn_pattern
C56BI5371240,남성 크레스트우드 미드 워터프루프 와이드핏,CRESTWOOD MID WATERPROOF,,6,6,6,634280,0.00015304951151697574,assets/product_images/C56BI5371240.jpg,excel_map+downloaded
C54YL8496249,여성 하이크 보울 코브™ 플리스 조거 팬츠,Ws Hike Bowl Cove™ Fleece Jogger Pants,,8,8,8,634280,0.00020406601535596764,https://assetscdn49.styleship.com/assets/columbia/data/ProductImages/a/4/C54YL8496249.jpg,styleship_cdn_pattern
C46YU9929010,공용 스트림 투 락 스패츠,STREAM TO ROCK™ Gaiter,,23,23,27,634250,0.000586689794148407,https://assetscdn49.styleship.com/assets/columbia/data/ProductImages/a/4/C46YU9929010.jpg,styleship_cdn_pattern
C52FM7047384,공용 PFG 바하마II 반팔 셔츠,Bahama™ II S/S Shirt,,9,9,9,633670,0.0002295742672754636,https://assetscdn49.styleship.com/assets/columbia/data/ProductImages/a/4/C52FM7047384.jpg,styleship_cdn_pattern
C62PM0700010,[BLACK LABEL] 남성 더글러스 볼 팬츠,Douglas Ball Pant,,5,5,5,633540,0.00012754125959747977,https://assetscdn49.styleship.com/assets/columbia/data/ProductImages/a/4/C62PM0700010.jpg,styleship_cdn_pattern
C75YE6448010,남성 트랜스 트레일 워터프루프,TRANS TRAIL WATERPROOF,,5,5,5,631990,0.00012754125959747977,assets/product_images/C75YE6448010.jpg,excel_map+downloaded
C64WE4925779,남성 하이 캐스케이드 셔츠 자켓,High Cascades Shirt Jacket,,5,5,5,631630,0.00012754125959747977,https://assetscdn49.styleship.com/assets/columbia/data/ProductImages/a/4/C64WE4925779.jpg,styleship_cdn_pattern
C61YM6513011,남성 콘 투 파크 크루,M's Cone to Park Crew,,16,16,16,631510,0.0004081320307119353,https://assetscdn49.styleship.com/assets/columbia/data/ProductImages/a/4/C61YM6513011.jpg,styleship_cdn_pattern
C71XM1756010,남성 CSC1938 듀얼리 마운틴 아우터체인지,CSC1938 Dually Mountain Outerchange,,1,1,1,629000,2.5508251919495956e-05,https://assetscdn49.styleship.com/assets/columbia/data/ProductImages/a/4/C71XM1756010.jpg,styleship_cdn_pattern
C52YM8424464,남성 클린치 레이크™ OFZ ICE+ 팬츠,Ms Clinch Lake™ OFZ ICE+ Pants,,5,5,5,627420,0.00012754125959747977,https://assetscdn49.styleship.com/assets/columbia/data/ProductImages/a/4/C52YM8424464.jpg,styleship_cdn_pattern
C56UU4597352,공용 트리플캐니언™ 백팩,Triple Canyon™ 24L Backpack,,6,6,6,626430,0.00015304951151697574,assets/product_images/C56UU4597352.jpg,excel_map+downloaded
C56PU2423010,공용 타이거 브룩™ 트래블 파우치,Tiger Brook™ Travel Cube Set,,23,23,23,626110,0.000586689794148407,https://assetscdn49.styleship.com/assets/columbia/data/ProductImages/a/4/C56PU2423010.jpg,styleship_cdn_pattern
C61YM6506439,남성 캐니 코브 크루,M's Caney Cove Crew,,11,11,11,623170,0.00028059077111445554,https://assetscdn49.styleship.com/assets/columbia/data/ProductImages/a/4/C61YM6506439.jpg,styleship_cdn_pattern
C65YE6448010,남성 트랜스 트레일 워터프루프,TRANS TRAIL WATERPROOF,,4,4,4,622980,0.00010203300767798382,assets/product_images/C65YE6448010.jpg,excel_map+downloaded
C51YM6406010,남성 오토 보울™ 크루,Ms Otto Bowl™ Crew,,17,17,17,620700,0.0004336402826314313,https://assetscdn49.styleship.com/assets/columbia/data/ProductImages/a/4/C51YM6406010.jpg,styleship_cdn_pattern
C44WE7469346,남성 하이랜드 써밋™ 스키 빕 팬츠,Highland Summit™ Bib,,4,4,4,620500,0.00010203300767798382,https://assetscdn49.styleship.com/assets/columbia/data/ProductImages/a/4/C44WE7469346.jpg,styleship_cdn_pattern
C52YL8432348,여성 가든 투 파크™ 팬츠,W's Garden to Park™ Straight Pants,,7,7,7,620390,0.0001785577634364717,https://assetscdn49.styleship.com/assets/columbia/data/ProductImages/a/4/C52YL8432348.jpg,styleship_cdn_pattern
C55PU5670010,[공식몰 단독]공용 티핀힐 폴더블 부니,Tiffin Hill™ Foldable Booney,,16,16,17,620070,0.0004081320307119353,assets/product_images/C55PU5670010.jpg,styleship_cdn_pattern+downloaded
C64YL1581010,여성 카멜 포인트 인슐레이션 베스트,W's Carmel Point Insulation Vest,,5,5,5,619055,0.00012754125959747977,https://assetscdn49.styleship.com/assets/columbia/data/ProductImages/a/4/C64YL1581010.jpg,styleship_cdn_pattern
C52YM3434464,남성 레이크 카날 자켓,M's Lake Canal™ Jacket,,7,7,7,618820,0.0001785577634364717,https://assetscdn49.styleship.com/assets/columbia/data/ProductImages/a/4/C52YM3434464.jpg,styleship_cdn_pattern
C62YM6532346,남성 피나클 투 애비뉴 OFZ 아이스 폴로,M's Pinnacle to Avenue OFZ ICE Polo,,8,8,8,617660,0.00020406601535596764,https://assetscdn49.styleship.com/assets/columbia/data/ProductImages/a/4/C62YM6532346.jpg,styleship_cdn_pattern
C56XU6343010,[STAR WARS] 공용 베이더 크로스 백,VADER™ Crossbody Bag,,8,8,9,617570,0.00020406601535596764,https://assetscdn49.styleship.com/assets/columbia/data/ProductImages/a/4/C56XU6343010.jpg,styleship_cdn_pattern
C52AE5590278,남성 타이타늄 서크 리버 라운드 티셔츠,Cirque River™ LS Crew,,14,14,14,617010,0.0003571155268729434,https://assetscdn49.styleship.com/assets/columbia/data/ProductImages/a/4/C52AE5590278.jpg,styleship_cdn_pattern
C55BL0378466,여성 코노스 TRS 아웃드라이,KONOS™ TRS OUTDRY™,,3,3,5,614960,7.652475575848787e-05,https://assetscdn49.styleship.com/assets/columbia/data/ProductImages/a/4/C55BL0378466.jpg,styleship_cdn_pattern
C65YU9904494,공용 니들 락 데쉬 3단 듀얼스틱,NEEDLE ROCK DASH 3 STICK,,5,5,5,613490,0.00012754125959747977,https://assetscdn49.styleship.com/assets/columbia/data/ProductImages/a/4/C65YU9904494.jpg,styleship_cdn_pattern
C62AE9108464,공용 캐틀 리버 백그래픽 티셔츠,Kettle River Back Graphic Tee,,20,20,20,612300,0.0005101650383899191,https://assetscdn49.styleship.com/assets/columbia/data/ProductImages/a/4/C62AE9108464.jpg,styleship_cdn_pattern
C66YM0696231,공용 다운 투 다크 트래퍼,Dawn-to-DarkⅡ TRAPPER,,10,10,11,610960,0.00025508251919495955,https://assetscdn49.styleship.com/assets/columbia/data/ProductImages/a/4/C66YM0696231.jpg,styleship_cdn_pattern
C46BL9621010,여성 패시트75 알파 아웃드라이,FACET 75 ALPHA OUTDRY,,5,5,5,609600,0.00012754125959747977,https://assetscdn49.styleship.com/assets/columbia/data/ProductImages/a/4/C46BL9621010.jpg,styleship_cdn_pattern
C64YM3586010,남성 브릿지 힐 라이트웨이트 자켓,M's Bridge Hill Lightweight Jacket,,3,3,3,608560,7.652475575848787e-05,assets/product_images/C64YM3586010.jpg,excel_map+downloaded
C65PU8722010,공용 타이거 브룩 20L 트래블 백팩,Tyger Brook20+L Travel Backpack,,4,4,4,607990,0.00010203300767798382,https://assetscdn49.styleship.com/assets/columbia/data/ProductImages/a/4/C65PU8722010.jpg,styleship_cdn_pattern
C75BK0607088,여성 크레스트우드 로우 워터프루프 와이드핏,CRESTWOOD™ WATERPROOF WIDE,,6,6,6,606220,0.00015304951151697574,https://assetscdn49.styleship.com/assets/columbia/data/ProductImages/a/4/C75BK0607088.jpg,styleship_cdn_pattern
C55BL6283100,여성 캐스트백 TC PFG,CASTBACK™ TC PFG™,,6,6,6,606130,0.00015304951151697574,https://assetscdn49.styleship.com/assets/columbia/data/ProductImages/a/4/C55BL6283100.jpg,styleship_cdn_pattern
C71AE8980397,남성 실버 릿지 엘리트 컨버터블 팬츠,Silver Ridge Elite Convertible Pant,,5,5,5,605850,0.00012754125959747977,https://assetscdn49.styleship.com/assets/columbia/data/ProductImages/a/4/C71AE8980397.jpg,styleship_cdn_pattern
C44AE9215278,남성 스틴스 마운틴™ 플리스 팬츠,Steens Mountain™ Pant,,21,21,21,604120,0.0005356732903094151,https://assetscdn49.styleship.com/assets/columbia/data/ProductImages/a/4/C44AE9215278.jpg,styleship_cdn_pattern
C52YM3427010,남성 뮬렛 림™ OFZ ICE+ 자켓,Ms Mullet Rim™ OFZ ICE+ Jacket,,5,5,5,603410,0.00012754125959747977,https://assetscdn49.styleship.com/assets/columbia/data/ProductImages/a/4/C52YM3427010.jpg,styleship_cdn_pattern
C62XE3513431,남성 글레시얼 비스타 그래픽 티셔츠,Glacial Vista Graphic Tee,,14,14,14,603270,0.0003571155268729434,https://assetscdn49.styleship.com/assets/columbia/data/ProductImages/a/4/C62XE3513431.jpg,styleship_cdn_pattern
C55BM6243278,남성 몬트레일 트리니티 MX,MONTRAIL™ TRINITY™ MX,,4,4,4,603020,0.00010203300767798382,assets/product_images/C55BM6243278.jpg,styleship_cdn_pattern+downloaded
C64YM3574011,공용 마운틴 후드 다운 자켓,M's MT.Hood Down Jacket,,1,1,1,602030,2.5508251919495956e-05,assets/product_images/C64YM3574011.jpg,excel_map+downloaded
C66YU0366010,공용 레드우드 30L 뉴 플러스 백팩,REDWOOD30 N.PLUS BACKPACK,,5,5,5,601790,0.00012754125959747977,assets/product_images/C66YU0366010.jpg,excel_map+downloaded
C65BK2780278,여성 베다니 와이드핏,BETHANY WIDE,,7,7,7,601060,0.0001785577634364717,https://assetscdn49.styleship.com/assets/columbia/data/ProductImages/a/4/C65BK2780278.jpg,styleship_cdn_pattern
C71YM3613397,남성 파인 에비뉴 인슐레이션 자켓,M's Pines to Avenue Insulation Jacket,,3,3,3,600030,7.652475575848787e-05,https://assetscdn49.styleship.com/assets/columbia/data/ProductImages/a/4/C71YM3613397.jpg,styleship_cdn_pattern
C51AP9561100,여성 시커 레전드 쿨링 티셔츠,W Seeker Legend™ LS Tee,,16,16,16,598240,0.0004081320307119353,https://assetscdn49.styleship.com/assets/columbia/data/ProductImages/a/4/C51AP9561100.jpg,styleship_cdn_pattern
C65BI7306010,남성 벤슨 와이드핏,BENSON WIDE,,7,7,7,597430,0.0001785577634364717,assets/product_images/C65BI7306010.jpg,styleship_cdn_pattern+downloaded
C52XE4476464,남성 제로 아이스 시에로-쿨 폴로 반팔 티셔츠,Zero Ice Cirro-Cool™ Polo,,11,11,11,597400,0.00028059077111445554,assets/product_images/C52XE4476464.jpg,styleship_cdn_pattern+downloaded
C63XM3339225,[스타워즈] 공용 엔도어 이슈 판초,Endor Issue Poncho,,1,1,1,597220,2.5508251919495956e-05,https://assetscdn49.styleship.com/assets/columbia/data/ProductImages/a/4/C63XM3339225.jpg,styleship_cdn_pattern
C53YL8461010,여성 앨리스 포인트 카고 와이드 팬츠,W's Alice Point™ Cargo Wide Pants,,5,5,5,595980,0.00012754125959747977,https://assetscdn49.styleship.com/assets/columbia/data/ProductImages/a/4/C53YL8461010.jpg,styleship_cdn_pattern
C54FO3151011,남성 PFG 언차티드™ 인슐레이션 아노락,PFG Unted™ Insulated Anorak,,7,7,7,594750,0.0001785577634364717,https://assetscdn49.styleship.com/assets/columbia/data/ProductImages/a/4/C54FO3151011.jpg,styleship_cdn_pattern
C56CL2522467,여성 스웨터 웨더 글러브,Women''s Sweater Weather™ Glove,,22,22,23,594740,0.0005611815422289111,https://assetscdn49.styleship.com/assets/columbia/data/ProductImages/a/4/C56CL2522467.jpg,styleship_cdn_pattern
C56YU0369010,공용 본레 포레스트™ 20L 패커블 백팩,Bonre Forest™ 20L Packable Backpack,,13,13,13,594420,0.0003316072749534474,assets/product_images/C56YU0369010.jpg,excel_map+downloaded
C51YM8401010,남성 제이콥스 크레스트™ 팬츠,M's Jacobs Crest™ Pants,,6,6,6,594300,0.00015304951151697574,https://assetscdn49.styleship.com/assets/columbia/data/ProductImages/a/4/C51YM8401010.jpg,styleship_cdn_pattern
C54WE5258433,남성 알틱 크레스트 경량 다운자켓,Arctic Crest™ Down Jacket,,2,2,2,592980,5.101650383899191e-05,https://assetscdn49.styleship.com/assets/columbia/data/ProductImages/a/4/C54WE5258433.jpg,styleship_cdn_pattern
C56YU0154273,공용 헤이지 저니 2 워터프루프,HAZY JOURNEY II WATERPROOF,,6,6,6,592720,0.00015304951151697574,https://assetscdn49.styleship.com/assets/columbia/data/ProductImages/a/4/C56YU0154273.jpg,styleship_cdn_pattern
C51WE5795010,공용 텐 폴스 방수 아노락 판초,Ten Falls™ Poncho,,7,7,7,592380,0.0001785577634364717,assets/product_images/C51WE5795010.jpg,styleship_cdn_pattern+downloaded
C46UU0138010,[공식몰 단독] 뉴튼릿지 65L 백팩,Newton Ridge™ 65L Backpack,,4,4,4,589010,0.00010203300767798382,assets/product_images/C46UU0138010.jpg,styleship_cdn_pattern+downloaded
C46RMS252AS1,남성 노르딕페어아일 보온양말 2팩,MEN S NORDIC FAIR ISLE MEDIUM WEIGHT THERMAL,,66,66,104,588320,0.0016835446266867332,https://assetscdn49.styleship.com/assets/columbia/data/ProductImages/a/4/C46RMS252AS1.jpg,styleship_cdn_pattern
C64XM4179313,[스타워즈] 남성 엔도어 리버서블 자켓,Endor Issue Reversible Jacket,,2,2,2,588150,5.101650383899191e-05,assets/product_images/C64XM4179313.jpg,excel_map+downloaded
C54YM1485010,남성 고완 로드™ 인슐레이션 베스트,M's Gowan Road™ Insulation Vest,,7,7,7,587970,0.0001785577634364717,https://assetscdn49.styleship.com/assets/columbia/data/ProductImages/a/4/C54YM1485010.jpg,styleship_cdn_pattern
C61YL3502160,여성 카우 마운틴 2L 방수 자켓,W's Cow Mountain 2L Jacket,,3,3,3,587900,7.652475575848787e-05,https://assetscdn49.styleship.com/assets/columbia/data/ProductImages/a/4/C61YL3502160.jpg,styleship_cdn_pattern
C46BM9621316,남성 패시트75 알파 아웃드라이,FACET 75 ALPHA OUTDRY,,5,5,5,587460,0.00012754125959747977,assets/product_images/C46BM9621316.jpg,styleship_cdn_pattern+downloaded
C62XE1652243,공용 리드 아일랜드 쇼츠,Reed Island Short,,16,16,16,586840,0.0004081320307119353,assets/product_images/C62XE1652243.jpg,excel_map+downloaded
C62YM6525010,[추영우 착용] 남성 다나 코브 OFZ ICE+ 크루 티셔츠,M's Dana Cove OFZ ICE+ Crew,,9,9,9,584870,0.0002295742672754636,https://assetscdn49.styleship.com/assets/columbia/data/ProductImages/a/4/C62YM6525010.jpg,styleship_cdn_pattern
C54AE5344084,남성 왈로와™ 셔켓,Wallowa™ Shirt Jacket,,7,7,7,584500,0.0001785577634364717,https://assetscdn49.styleship.com/assets/columbia/data/ProductImages/a/4/C54AE5344084.jpg,styleship_cdn_pattern
C51YM3406010,남성 글로버 포인트™ 셋업 자켓,M's Glover Point™ Set Up Jacket,,5,5,5,584080,0.00012754125959747977,https://assetscdn49.styleship.com/assets/columbia/data/ProductImages/a/4/C51YM3406010.jpg,styleship_cdn_pattern
C71AE4498227,[공식몰 단독] 공용 헬베시아 II 프린티드 하프스냅 플리스 풀오버,Helvetia II Printed Half Snap Fleece,,8,8,8,582640,0.00020406601535596764,assets/product_images/C71AE4498227.jpg,excel_map+downloaded
C45BM6243010,남성 몬트레일 트리니티 MX,MONTRAIL™ TRINITY™ MX,,4,4,4,580330,0.00010203300767798382,assets/product_images/C45BM6243010.jpg,styleship_cdn_pattern+downloaded
C56CU1478010,공용 파크뷰™ 플리스 장갑,Park View™ Fleece Glove,,36,36,39,580250,0.0009182970691018544,assets/product_images/C56CU1478010.jpg,styleship_cdn_pattern+downloaded
C55BM0378082,남성 코노스 TRS 아웃드라이,KONOS™ TRS OUTDRY™,,4,4,5,579790,0.00010203300767798382,assets/product_images/C55BM0378082.jpg,styleship_cdn_pattern+downloaded
C64WE0604429,남성 실버 리프 라이트 하이브리드 후디드 인슐레이션 자켓,Silver Leaf Lite Hooded Jacket,,3,3,3,578180,7.652475575848787e-05,assets/product_images/C64WE0604429.jpg,styleship_cdn_pattern+downloaded
C65PU8722030,공용 타이거 브룩 20L 트래블 백팩,Tyger Brook20+L Travel Backpack,,4,4,4,578000,0.00010203300767798382,https://assetscdn49.styleship.com/assets/columbia/data/ProductImages/a/4/C65PU8722030.jpg,styleship_cdn_pattern
C62FM7047638,공용 PFG 바하마 반팔 셔츠,Bahama II S/S Shirt,,8,8,8,577770,0.00020406601535596764,https://assetscdn49.styleship.com/assets/columbia/data/ProductImages/a/4/C62FM7047638.jpg,styleship_cdn_pattern
C53XM3309010,[스타워즈] 공용 베이더 티셔츠,VADER™ Long sleeve Shirt,,6,6,6,576880,0.00015304951151697574,https://assetscdn49.styleship.com/assets/columbia/data/ProductImages/a/4/C53XM3309010.jpg,styleship_cdn_pattern
C56YU9934010,공용 오버랜드 익스플로레이션 니 서포터 (RIGHT),RIGHT-Overland Exploration™ Knee supporter,,23,23,23,575950,0.000586689794148407,https://assetscdn49.styleship.com/assets/columbia/data/ProductImages/a/4/C56YU9934010.jpg,styleship_cdn_pattern
C54PM0411010,[BLACK LABEL] 남성 리틀 그레이 릿지™ 자켓,Little Grey Ridge™ Jacket,,3,3,3,575910,7.652475575848787e-05,https://assetscdn49.styleship.com/assets/columbia/data/ProductImages/a/4/C54PM0411010.jpg,styleship_cdn_pattern
C55PU8688010,[공식몰 단독]공용 올웨이즈바이사이드 에스 힙백,Always By Side™ S Hip Bag,,22,22,23,573980,0.0005611815422289111,https://assetscdn49.styleship.com/assets/columbia/data/ProductImages/a/4/C55PU8688010.jpg,styleship_cdn_pattern
C54AR3793278,여성 클라우드 포인트™ 스냅 플리스 자켓,Cloud Point™ Snap Fleece,,9,9,9,573510,0.0002295742672754636,assets/product_images/C54AR3793278.jpg,styleship_cdn_pattern+downloaded
C53WE0272010,남성 아웃드라이 익스트림™ 하이크라이트™ 방수 자켓,OutDry Extreme™ HikeLite™ Shell,,4,4,4,570570,0.00010203300767798382,https://assetscdn49.styleship.com/assets/columbia/data/ProductImages/a/4/C53WE0272010.jpg,styleship_cdn_pattern
C54YM8476319,남성 샷오버 힐™ 인슐레이션 팬츠,Ms Shotover Hill™ Insulation Straight Pants,,4,4,4,570400,0.00010203300767798382,https://assetscdn49.styleship.com/assets/columbia/data/ProductImages/a/4/C54YM8476319.jpg,styleship_cdn_pattern
C54YL3487581,여성 파운 피크 다운 자켓,Ws Fawn Peak™ Down Jacket,,3,3,3,570090,7.652475575848787e-05,assets/product_images/C54YL3487581.jpg,excel_map+downloaded
C66PU8729010,[공식몰 단독] 공용 그레이트 스모키 가든 2 WAY 토트백,Great Smoky Garden 2-Way Tote,,8,8,8,570070,0.00020406601535596764,https://assetscdn49.styleship.com/assets/columbia/data/ProductImages/a/4/C66PU8729010.jpg,styleship_cdn_pattern
C51AE4190027,남성 블랙메사 테이퍼드핏 팬츠,Black Mesa™ Tapered Pant,,10,10,10,569510,0.00025508251919495955,https://assetscdn49.styleship.com/assets/columbia/data/ProductImages/a/4/C51AE4190027.jpg,styleship_cdn_pattern
C75BK0998097,여성 크레스트우드 미드 워터프루프 와이드핏,CRESTWOOD MID WATERPROOF WIDE,,5,5,5,569140,0.00012754125959747977,assets/product_images/C75BK0998097.jpg,excel_map+downloaded
