order_date,coupon_flag,coupon_name,orders,buyers,quantity,revenue,coupon_amount,aov
2024-04-16,쿠폰 사용,쿠폰명 미확인,63,61,89,6570470,1936940,104293.1746031746
2024-04-16,쿠폰 미사용,쿠폰 미사용,17,16,21,1658420,0,97554.11764705883
2024-04-17,쿠폰 사용,쿠폰명 미확인,44,43,61,4460910,880990,101384.31818181818
2024-04-17,쿠폰 미사용,쿠폰 미사용,17,17,21,1298460,0,76380.0
2024-04-18,쿠폰 사용,쿠폰명 미확인,37,37,68,4605040,895960,124460.54054054055
2024-04-18,쿠폰 미사용,쿠폰 미사용,15,15,18,1539130,0,102608.66666666667
2024-04-19,쿠폰 미사용,쿠폰 미사용,24,22,54,6679030,0,278292.9166666667
2024-04-19,쿠폰 사용,쿠폰명 미확인,33,32,46,3368550,604890,102077.27272727272
2024-04-20,쿠폰 사용,쿠폰명 미확인,45,45,61,4419360,800630,98208.0
2024-04-20,쿠폰 미사용,쿠폰 미사용,16,16,22,1803840,0,112740.0
2024-04-21,쿠폰 사용,쿠폰명 미확인,36,36,56,2897030,700090,80473.05555555556
2024-04-21,쿠폰 미사용,쿠폰 미사용,16,16,21,1358030,0,84876.875
2024-04-22,쿠폰 사용,쿠폰명 미확인,54,52,68,5375800,1442890,99551.85185185185
2024-04-22,쿠폰 미사용,쿠폰 미사용,27,25,39,3619280,0,134047.40740740742
2024-04-23,쿠폰 사용,쿠폰명 미확인,39,38,52,3341710,1034610,85684.8717948718
2024-04-23,쿠폰 미사용,쿠폰 미사용,18,17,21,1710120,0,95006.66666666667
2024-04-24,쿠폰 사용,쿠폰명 미확인,40,38,54,3979550,1086410,99488.75
2024-04-24,쿠폰 미사용,쿠폰 미사용,20,18,22,1821370,0,91068.5
2024-04-25,쿠폰 사용,쿠폰명 미확인,47,47,55,4144220,932820,88174.89361702128
2024-04-25,쿠폰 미사용,쿠폰 미사용,10,10,12,1096400,0,109640.0
2024-04-26,쿠폰 사용,쿠폰명 미확인,52,52,66,5283380,933930,101603.46153846153
2024-04-26,쿠폰 미사용,쿠폰 미사용,34,34,47,3703890,0,108937.94117647059
2024-04-27,쿠폰 사용,쿠폰명 미확인,46,45,57,4373220,690640,95070.0
2024-04-27,쿠폰 미사용,쿠폰 미사용,20,19,31,2791470,0,139573.5
2024-04-28,쿠폰 사용,쿠폰명 미확인,66,66,84,6886310,1104010,104338.0303030303
2024-04-28,쿠폰 미사용,쿠폰 미사용,22,22,31,2051540,0,93251.81818181818
2024-04-29,쿠폰 사용,쿠폰명 미확인,40,40,64,4029670,1198730,100741.75
2024-04-29,쿠폰 미사용,쿠폰 미사용,15,15,20,1368530,0,91235.33333333333
2024-04-30,쿠폰 사용,쿠폰명 미확인,51,48,78,5598990,1429270,109784.11764705883
2024-04-30,쿠폰 미사용,쿠폰 미사용,25,24,28,2230820,0,89232.8
2024-05-01,쿠폰 사용,쿠폰명 미확인,55,55,75,5015440,1288170,91189.81818181818
2024-05-01,쿠폰 미사용,쿠폰 미사용,23,23,33,2469470,0,107368.26086956522
2024-05-02,쿠폰 사용,쿠폰명 미확인,52,52,80,5492680,1541730,105628.46153846153
2024-05-02,쿠폰 미사용,쿠폰 미사용,41,39,52,4140690,0,100992.43902439025
2024-05-03,쿠폰 사용,쿠폰명 미확인,47,47,62,4513900,938200,96040.4255319149
2024-05-03,쿠폰 미사용,쿠폰 미사용,25,25,43,2731810,0,109272.4
2024-05-04,쿠폰 사용,쿠폰명 미확인,40,40,46,3360090,649460,84002.25
2024-05-04,쿠폰 미사용,쿠폰 미사용,21,21,26,1695690,0,80747.14285714286
2024-05-05,쿠폰 사용,쿠폰명 미확인,51,51,68,5754810,1029020,112839.41176470589
2024-05-05,쿠폰 미사용,쿠폰 미사용,21,20,28,2231310,0,106252.85714285714
2024-05-06,쿠폰 사용,쿠폰명 미확인,45,45,57,4812770,1031670,106950.44444444444
2024-05-06,쿠폰 미사용,쿠폰 미사용,20,20,28,2111650,0,105582.5
2024-05-07,쿠폰 사용,쿠폰명 미확인,43,42,62,4247580,1130100,98780.93023255814
2024-05-07,쿠폰 미사용,쿠폰 미사용,34,34,46,3263040,0,95971.76470588235
2024-05-08,쿠폰 사용,쿠폰명 미확인,47,46,77,5750290,1869930,122346.59574468085
2024-05-08,쿠폰 미사용,쿠폰 미사용,27,27,31,2906290,0,107640.37037037036
2024-05-09,쿠폰 사용,쿠폰명 미확인,35,35,48,3842290,597770,109779.71428571429
2024-05-09,쿠폰 미사용,쿠폰 미사용,23,23,32,2211960,0,96172.17391304347
2024-05-10,쿠폰 사용,쿠폰명 미확인,40,40,78,4546690,1593700,113667.25
2024-05-10,쿠폰 미사용,쿠폰 미사용,31,30,40,2412840,0,77833.54838709677
2024-05-11,쿠폰 사용,쿠폰명 미확인,41,39,56,4139730,1064700,100969.0243902439
2024-05-11,쿠폰 미사용,쿠폰 미사용,23,21,30,2295250,0,99793.47826086957
2024-05-12,쿠폰 사용,쿠폰명 미확인,49,48,70,4896530,1268240,99929.1836734694
2024-05-12,쿠폰 미사용,쿠폰 미사용,24,24,30,2259970,0,94165.41666666667
2024-05-13,쿠폰 사용,쿠폰명 미확인,45,45,63,4474520,961460,99433.77777777778
2024-05-13,쿠폰 미사용,쿠폰 미사용,19,19,23,1840940,0,96891.57894736843
2024-05-14,쿠폰 사용,쿠폰명 미확인,36,36,47,3451160,723720,95865.55555555556
2024-05-14,쿠폰 미사용,쿠폰 미사용,20,20,22,1717070,0,85853.5
2024-05-15,쿠폰 사용,쿠폰명 미확인,57,57,84,6702920,1218730,117595.08771929824
2024-05-15,쿠폰 미사용,쿠폰 미사용,37,36,47,3774590,0,102015.94594594595
2024-05-16,쿠폰 사용,쿠폰명 미확인,36,36,51,3472140,1140350,96448.33333333333
2024-05-16,쿠폰 미사용,쿠폰 미사용,27,27,33,2541380,0,94125.18518518518
2024-05-17,쿠폰 사용,쿠폰명 미확인,26,26,34,2532350,479300,97398.07692307692
2024-05-17,쿠폰 미사용,쿠폰 미사용,15,15,23,1256380,0,83758.66666666667
2024-05-18,쿠폰 사용,쿠폰명 미확인,39,39,49,3529130,628830,90490.51282051283
2024-05-18,쿠폰 미사용,쿠폰 미사용,19,19,22,1536550,0,80871.05263157895
2024-05-19,쿠폰 사용,쿠폰명 미확인,40,40,53,3749410,700570,93735.25
2024-05-19,쿠폰 미사용,쿠폰 미사용,28,27,37,3020170,0,107863.21428571429
2024-05-20,쿠폰 사용,쿠폰명 미확인,47,47,85,5920910,914370,125976.8085106383
2024-05-20,쿠폰 미사용,쿠폰 미사용,19,19,25,1640190,0,86325.78947368421
2024-05-21,쿠폰 사용,쿠폰명 미확인,36,36,59,3865970,1030330,107388.05555555556
2024-05-21,쿠폰 미사용,쿠폰 미사용,25,25,26,2234610,0,89384.4
2024-05-22,쿠폰 사용,쿠폰명 미확인,38,38,50,3533440,691160,92985.26315789473
2024-05-22,쿠폰 미사용,쿠폰 미사용,22,22,29,1899940,0,86360.90909090909
2024-05-23,쿠폰 사용,쿠폰명 미확인,40,40,56,4106020,1317040,102650.5
2024-05-23,쿠폰 미사용,쿠폰 미사용,17,17,20,1302200,0,76600.0
2024-05-24,쿠폰 사용,쿠폰명 미확인,35,31,53,2908070,897990,83087.71428571429
2024-05-24,쿠폰 미사용,쿠폰 미사용,21,21,32,2181160,0,103864.76190476191
2024-05-25,쿠폰 사용,쿠폰명 미확인,23,22,29,2161290,528890,93969.13043478261
2024-05-25,쿠폰 미사용,쿠폰 미사용,17,17,22,1641260,0,96544.70588235294
2024-05-26,쿠폰 사용,쿠폰명 미확인,44,43,62,4452490,1101350,101192.95454545454
2024-05-26,쿠폰 미사용,쿠폰 미사용,26,25,36,2460410,0,94631.15384615384
2024-05-27,쿠폰 사용,쿠폰명 미확인,55,53,88,5375430,1330070,97735.09090909091
2024-05-27,쿠폰 미사용,쿠폰 미사용,30,29,54,4162200,0,138740.0
2024-05-28,쿠폰 사용,쿠폰명 미확인,38,35,78,4578810,2031100,120495.0
2024-05-28,쿠폰 미사용,쿠폰 미사용,22,22,40,3248570,0,147662.27272727274
2024-05-29,쿠폰 사용,쿠폰명 미확인,30,30,52,3631840,984490,121061.33333333333
2024-05-29,쿠폰 미사용,쿠폰 미사용,26,26,40,2573000,0,98961.53846153847
2024-05-30,쿠폰 미사용,쿠폰 미사용,24,24,41,3432420,0,143017.5
2024-05-30,쿠폰 사용,쿠폰명 미확인,33,28,53,3139750,1053580,95143.93939393939
2024-05-31,쿠폰 미사용,쿠폰 미사용,17,16,34,2358410,0,138730.0
2024-05-31,쿠폰 사용,쿠폰명 미확인,19,18,34,2025350,700270,106597.36842105263
2024-06-01,쿠폰 사용,쿠폰명 미확인,31,31,50,3617140,930020,116681.93548387097
2024-06-01,쿠폰 미사용,쿠폰 미사용,10,10,14,975500,0,97550.0
2024-06-02,쿠폰 사용,쿠폰명 미확인,33,33,38,2533180,547710,76763.0303030303
2024-06-02,쿠폰 미사용,쿠폰 미사용,20,19,28,1437430,0,71871.5
2024-06-03,쿠폰 사용,쿠폰명 미확인,35,35,45,3187250,763450,91064.28571428571
2024-06-03,쿠폰 미사용,쿠폰 미사용,20,20,31,2759910,0,137995.5
2024-06-04,쿠폰 사용,쿠폰명 미확인,41,41,71,4210840,723960,102703.41463414633
2024-06-04,쿠폰 미사용,쿠폰 미사용,24,24,30,2314150,0,96422.91666666667
2024-06-05,쿠폰 사용,쿠폰명 미확인,22,21,27,1790040,429960,81365.45454545454
2024-06-05,쿠폰 미사용,쿠폰 미사용,15,14,18,1364890,0,90992.66666666667
2024-06-06,쿠폰 사용,쿠폰명 미확인,42,42,54,3833200,801600,91266.66666666667
2024-06-06,쿠폰 미사용,쿠폰 미사용,14,14,16,972050,0,69432.14285714286
2024-06-07,쿠폰 사용,쿠폰명 미확인,38,38,47,3778530,584190,99435.0
2024-06-07,쿠폰 미사용,쿠폰 미사용,21,21,25,1657560,0,78931.42857142857
2024-06-08,쿠폰 미사용,쿠폰 미사용,19,19,38,2988210,0,157274.2105263158
2024-06-08,쿠폰 사용,쿠폰명 미확인,31,30,34,2963210,498650,95587.41935483871
2024-06-09,쿠폰 사용,쿠폰명 미확인,38,38,53,3705210,884090,97505.52631578948
2024-06-09,쿠폰 미사용,쿠폰 미사용,21,20,28,2268630,0,108030.0
2024-06-10,쿠폰 사용,쿠폰명 미확인,44,44,58,3557710,880380,80857.04545454546
2024-06-10,쿠폰 미사용,쿠폰 미사용,24,23,35,2508930,0,104538.75
2024-06-11,쿠폰 사용,쿠폰명 미확인,35,34,62,3157280,1013550,90208.0
2024-06-11,쿠폰 미사용,쿠폰 미사용,16,16,27,1162310,0,72644.375
2024-06-12,쿠폰 사용,쿠폰명 미확인,37,37,54,3464990,628750,93648.37837837837
2024-06-12,쿠폰 미사용,쿠폰 미사용,21,21,32,1810160,0,86198.09523809524
2024-06-13,쿠폰 사용,쿠폰명 미확인,41,41,69,4207880,1136330,102631.21951219512
2024-06-13,쿠폰 미사용,쿠폰 미사용,24,24,36,2679730,0,111655.41666666667
2024-06-14,쿠폰 미사용,쿠폰 미사용,97,95,161,10535380,0,108612.1649484536
2024-06-14,쿠폰 사용,쿠폰명 미확인,51,50,85,4939880,1062080,96860.39215686274
2024-06-15,쿠폰 사용,쿠폰명 미확인,35,35,59,3293500,650120,94100.0
2024-06-15,쿠폰 미사용,쿠폰 미사용,21,20,29,1601810,0,76276.66666666667
2024-06-16,쿠폰 사용,쿠폰명 미확인,60,60,98,5681180,1087640,94686.33333333333
2024-06-16,쿠폰 미사용,쿠폰 미사용,36,33,54,3590690,0,99741.38888888889
2024-06-17,쿠폰 사용,쿠폰명 미확인,49,48,74,4226050,991310,86245.91836734694
2024-06-17,쿠폰 미사용,쿠폰 미사용,40,39,59,4143370,0,103584.25
2024-06-18,쿠폰 사용,쿠폰명 미확인,65,65,92,5593700,852180,86056.92307692308
2024-06-18,쿠폰 미사용,쿠폰 미사용,37,36,62,4077280,0,110196.75675675676
2024-06-19,쿠폰 미사용,쿠폰 미사용,44,43,82,4640820,0,105473.18181818182
2024-06-19,쿠폰 사용,쿠폰명 미확인,55,55,80,4612520,812240,83864.0
2024-06-20,쿠폰 사용,쿠폰명 미확인,65,64,85,5078210,1039380,78126.30769230769
2024-06-20,쿠폰 미사용,쿠폰 미사용,32,32,43,2709770,0,84680.3125
2024-06-21,쿠폰 사용,쿠폰명 미확인,48,48,68,4284960,1258730,89270.0
2024-06-21,쿠폰 미사용,쿠폰 미사용,28,26,42,2778650,0,99237.5
2024-06-22,쿠폰 사용,쿠폰명 미확인,35,35,50,3453800,498780,98680.0
2024-06-22,쿠폰 미사용,쿠폰 미사용,23,22,31,2277650,0,99028.26086956522
2024-06-23,쿠폰 사용,쿠폰명 미확인,52,52,83,4840240,1000800,93081.53846153847
2024-06-23,쿠폰 미사용,쿠폰 미사용,31,31,49,3204220,0,103361.93548387097
2024-06-24,쿠폰 사용,쿠폰명 미확인,51,51,67,4575000,992670,89705.88235294117
2024-06-24,쿠폰 미사용,쿠폰 미사용,41,39,57,3708600,0,90453.65853658537
2024-06-25,쿠폰 사용,쿠폰명 미확인,40,39,63,3999720,1104590,99993.0
2024-06-25,쿠폰 미사용,쿠폰 미사용,25,25,32,2488180,0,99527.2
2024-06-26,쿠폰 사용,쿠폰명 미확인,51,50,76,4484880,965460,87938.82352941176
2024-06-26,쿠폰 미사용,쿠폰 미사용,30,30,41,2470620,0,82354.0
2024-06-27,쿠폰 사용,쿠폰명 미확인,28,27,63,4074990,648200,145535.35714285713
2024-06-27,쿠폰 미사용,쿠폰 미사용,19,19,30,1561620,0,82190.52631578948
2024-06-28,쿠폰 사용,쿠폰명 미확인,34,34,55,3170070,556660,93237.35294117648
2024-06-28,쿠폰 미사용,쿠폰 미사용,21,20,22,1370090,0,65242.380952380954
2024-06-29,쿠폰 사용,쿠폰명 미확인,33,33,38,2721940,457460,82483.0303030303
2024-06-29,쿠폰 미사용,쿠폰 미사용,18,18,29,1917370,0,106520.55555555556
2024-06-30,쿠폰 사용,쿠폰명 미확인,46,46,67,5076260,928870,110353.47826086957
2024-06-30,쿠폰 미사용,쿠폰 미사용,48,48,66,4994490,0,104051.875
2024-07-01,쿠폰 사용,쿠폰명 미확인,50,50,69,4583370,973320,91667.4
2024-07-01,쿠폰 미사용,쿠폰 미사용,25,25,32,2030420,0,81216.8
2024-07-02,쿠폰 사용,쿠폰명 미확인,48,47,105,5615760,1048470,116995.0
2024-07-02,쿠폰 미사용,쿠폰 미사용,19,19,25,2235610,0,117663.68421052632
2024-07-03,쿠폰 사용,쿠폰명 미확인,51,42,67,4371470,1599530,85715.09803921569
2024-07-03,쿠폰 미사용,쿠폰 미사용,24,22,31,2173860,0,90577.5
2024-07-04,쿠폰 사용,쿠폰명 미확인,34,34,54,3411880,966060,100349.41176470589
2024-07-04,쿠폰 미사용,쿠폰 미사용,24,24,30,1927010,0,80292.08333333333
2024-07-05,쿠폰 사용,쿠폰명 미확인,42,39,59,4162210,1179290,99100.23809523809
2024-07-05,쿠폰 미사용,쿠폰 미사용,21,21,33,2301670,0,109603.33333333333
2024-07-06,쿠폰 사용,쿠폰명 미확인,34,32,55,3060590,717970,90017.35294117648
2024-07-06,쿠폰 미사용,쿠폰 미사용,18,18,23,1505350,0,83630.55555555556
2024-07-07,쿠폰 사용,쿠폰명 미확인,27,27,36,2180530,333340,80760.37037037036
2024-07-07,쿠폰 미사용,쿠폰 미사용,14,14,23,1512450,0,108032.14285714286
2024-07-08,쿠폰 사용,쿠폰명 미확인,54,52,77,4441440,1114450,82248.88888888889
2024-07-08,쿠폰 미사용,쿠폰 미사용,28,27,33,2213910,0,79068.21428571429
2024-07-09,쿠폰 미사용,쿠폰 미사용,31,31,40,2911390,0,93915.80645161291
2024-07-09,쿠폰 사용,쿠폰명 미확인,32,26,41,2589660,1187940,80926.875
2024-07-10,쿠폰 사용,쿠폰명 미확인,42,42,57,3099100,675550,73788.09523809524
2024-07-10,쿠폰 미사용,쿠폰 미사용,39,38,52,2901320,0,74392.82051282052
2024-07-11,쿠폰 사용,쿠폰명 미확인,41,41,50,3017570,620500,73599.26829268293
2024-07-11,쿠폰 미사용,쿠폰 미사용,24,24,36,2096140,0,87339.16666666667
2024-07-12,쿠폰 사용,쿠폰명 미확인,32,32,43,3208800,473150,100275.0
2024-07-12,쿠폰 미사용,쿠폰 미사용,24,24,35,1849910,0,77079.58333333333
2024-07-13,쿠폰 미사용,쿠폰 미사용,22,22,32,1905400,0,86609.09090909091
2024-07-13,쿠폰 사용,쿠폰명 미확인,24,24,29,1871580,345140,77982.5
2024-07-14,쿠폰 사용,쿠폰명 미확인,48,48,59,3522480,577380,73385.0
2024-07-14,쿠폰 미사용,쿠폰 미사용,42,40,52,2671710,0,63612.142857142855
2024-07-15,쿠폰 사용,쿠폰명 미확인,43,43,55,3757870,749440,87392.32558139534
2024-07-15,쿠폰 미사용,쿠폰 미사용,37,37,45,2909260,0,78628.64864864865
2024-07-16,쿠폰 사용,쿠폰명 미확인,45,45,67,3663810,795390,81418.0
2024-07-16,쿠폰 미사용,쿠폰 미사용,23,21,29,1502690,0,65334.34782608696
2024-07-17,쿠폰 미사용,쿠폰 미사용,34,33,42,2943760,0,86581.17647058824
2024-07-17,쿠폰 사용,쿠폰명 미확인,28,28,43,2400020,718360,85715.0
2024-07-18,쿠폰 사용,쿠폰명 미확인,109,109,146,9484380,1384080,87012.66055045872
2024-07-18,쿠폰 미사용,쿠폰 미사용,24,24,31,1928310,0,80346.25
2024-07-19,쿠폰 사용,쿠폰명 미확인,71,71,100,6076490,909140,85584.3661971831
2024-07-19,쿠폰 미사용,쿠폰 미사용,10,10,11,944810,0,94481.0
2024-07-20,쿠폰 사용,쿠폰명 미확인,66,66,83,5009100,739440,75895.45454545454
2024-07-20,쿠폰 미사용,쿠폰 미사용,9,9,12,931450,0,103494.44444444444
2024-07-21,쿠폰 사용,쿠폰명 미확인,92,92,122,7961070,1101940,86533.36956521739
2024-07-21,쿠폰 미사용,쿠폰 미사용,14,14,19,1285830,0,91845.0
2024-07-22,쿠폰 사용,쿠폰명 미확인,44,44,52,3977310,599130,90393.40909090909
2024-07-22,쿠폰 미사용,쿠폰 미사용,31,31,47,2981430,0,96175.16129032258
2024-07-23,쿠폰 미사용,쿠폰 미사용,33,33,49,2960620,0,89715.75757575757
2024-07-23,쿠폰 사용,쿠폰명 미확인,33,33,37,2506000,434370,75939.39393939394
2024-07-24,쿠폰 사용,쿠폰명 미확인,45,45,60,3985130,575000,88558.44444444444
2024-07-24,쿠폰 미사용,쿠폰 미사용,32,32,38,2895790,0,90493.4375
2024-07-25,쿠폰 사용,쿠폰명 미확인,51,51,68,4379640,712090,85875.29411764706
2024-07-25,쿠폰 미사용,쿠폰 미사용,37,37,48,2875300,0,77710.81081081081
2024-07-26,쿠폰 미사용,쿠폰 미사용,35,34,57,3344730,0,95563.71428571429
2024-07-26,쿠폰 사용,쿠폰명 미확인,32,32,49,2506140,467520,78316.875
2024-07-27,쿠폰 사용,쿠폰명 미확인,32,32,37,2508280,369960,78383.75
2024-07-27,쿠폰 미사용,쿠폰 미사용,13,13,18,1176870,0,90528.46153846153
2024-07-28,쿠폰 사용,쿠폰명 미확인,32,32,48,3323990,553900,103874.6875
2024-07-28,쿠폰 미사용,쿠폰 미사용,28,27,31,1956050,0,69858.92857142857
2024-07-29,쿠폰 사용,쿠폰명 미확인,33,33,37,2548600,444000,77230.30303030302
2024-07-29,쿠폰 미사용,쿠폰 미사용,32,32,44,2111910,0,65997.1875
2024-07-30,쿠폰 사용,쿠폰명 미확인,37,37,55,2938200,772080,79410.81081081081
2024-07-30,쿠폰 미사용,쿠폰 미사용,29,29,37,2535590,0,87434.13793103448
2024-07-31,쿠폰 사용,쿠폰명 미확인,30,30,37,2484040,398690,82801.33333333333
2024-07-31,쿠폰 미사용,쿠폰 미사용,25,24,39,2467810,0,98712.4
2024-08-01,쿠폰 사용,쿠폰명 미확인,52,50,68,4259260,1061660,81908.84615384616
2024-08-01,쿠폰 미사용,쿠폰 미사용,9,9,11,755880,0,83986.66666666667
2024-08-02,쿠폰 사용,쿠폰명 미확인,37,37,55,3270360,675200,88388.1081081081
2024-08-02,쿠폰 미사용,쿠폰 미사용,21,21,27,1437840,0,68468.57142857143
2024-08-03,쿠폰 사용,쿠폰명 미확인,33,32,47,2692860,666040,81601.81818181818
2024-08-03,쿠폰 미사용,쿠폰 미사용,16,16,22,1418670,0,88666.875
2024-08-04,쿠폰 사용,쿠폰명 미확인,43,43,60,3572810,637150,83088.6046511628
2024-08-04,쿠폰 미사용,쿠폰 미사용,15,15,18,1136740,0,75782.66666666667
2024-08-05,쿠폰 사용,쿠폰명 미확인,28,28,32,1940910,348010,69318.21428571429
2024-08-05,쿠폰 미사용,쿠폰 미사용,21,21,28,1743310,0,83014.76190476191
2024-08-06,쿠폰 사용,쿠폰명 미확인,32,32,280,16438970,1541120,513717.8125
2024-08-06,쿠폰 미사용,쿠폰 미사용,20,19,26,1697470,0,84873.5
2024-08-07,쿠폰 사용,쿠폰명 미확인,20,20,61,3494520,511840,174726.0
2024-08-07,쿠폰 미사용,쿠폰 미사용,15,15,18,983700,0,65580.0
2024-08-08,쿠폰 사용,쿠폰명 미확인,53,53,62,3413540,637190,64406.41509433962
2024-08-08,쿠폰 미사용,쿠폰 미사용,31,31,42,2336480,0,75370.32258064517
2024-08-09,쿠폰 사용,쿠폰명 미확인,30,29,83,4795260,1530740,159842.0
2024-08-09,쿠폰 미사용,쿠폰 미사용,20,19,22,1420470,0,71023.5
2024-08-10,쿠폰 사용,쿠폰명 미확인,39,39,58,2957050,618950,75821.79487179487
2024-08-10,쿠폰 미사용,쿠폰 미사용,15,14,18,1045840,0,69722.66666666667
2024-08-11,쿠폰 사용,쿠폰명 미확인,38,38,46,3014250,489390,79322.36842105263
2024-08-11,쿠폰 미사용,쿠폰 미사용,19,19,22,1196710,0,62984.73684210526
2024-08-12,쿠폰 사용,쿠폰명 미확인,31,31,45,2602650,376940,83956.45161290323
2024-08-12,쿠폰 미사용,쿠폰 미사용,20,20,27,1454490,0,72724.5
2024-08-13,쿠폰 사용,쿠폰명 미확인,28,28,33,2326430,335360,83086.78571428571
2024-08-13,쿠폰 미사용,쿠폰 미사용,14,14,20,1754510,0,125322.14285714286
2024-08-14,쿠폰 미사용,쿠폰 미사용,27,27,42,2432700,0,90100.0
2024-08-14,쿠폰 사용,쿠폰명 미확인,22,22,28,2071190,369400,94145.0
2024-08-15,쿠폰 사용,쿠폰명 미확인,31,31,34,2549060,379320,82227.74193548386
2024-08-15,쿠폰 미사용,쿠폰 미사용,15,15,24,1151960,0,76797.33333333333
2024-08-16,쿠폰 사용,쿠폰명 미확인,33,33,40,2712780,368970,82205.45454545454
2024-08-16,쿠폰 미사용,쿠폰 미사용,16,16,22,1051840,0,65740.0
2024-08-17,쿠폰 사용,쿠폰명 미확인,32,32,39,2541210,371480,79412.8125
2024-08-17,쿠폰 미사용,쿠폰 미사용,17,17,18,1161990,0,68352.35294117648
2024-08-18,쿠폰 사용,쿠폰명 미확인,32,32,40,2293390,355250,71668.4375
2024-08-18,쿠폰 미사용,쿠폰 미사용,20,20,24,1655190,0,82759.5
2024-08-19,쿠폰 사용,쿠폰명 미확인,35,35,51,2396510,475050,68471.71428571429
2024-08-19,쿠폰 미사용,쿠폰 미사용,19,18,20,1029200,0,54168.42105263158
2024-08-20,쿠폰 사용,쿠폰명 미확인,27,27,33,2302480,386170,85277.03703703704
2024-08-20,쿠폰 미사용,쿠폰 미사용,20,20,22,1647950,0,82397.5
2024-08-21,쿠폰 사용,쿠폰명 미확인,44,44,60,3308250,549710,75187.5
2024-08-21,쿠폰 미사용,쿠폰 미사용,23,23,31,1628910,0,70822.17391304347
2024-08-22,쿠폰 사용,쿠폰명 미확인,39,39,50,4709450,1260520,120755.1282051282
2024-08-22,쿠폰 미사용,쿠폰 미사용,27,27,37,2106170,0,78006.29629629629
2024-08-23,쿠폰 사용,쿠폰명 미확인,24,24,35,3083410,518550,128475.41666666667
2024-08-23,쿠폰 미사용,쿠폰 미사용,13,13,18,1088520,0,83732.30769230769
2024-08-24,쿠폰 미사용,쿠폰 미사용,18,18,25,1719980,0,95554.44444444444
2024-08-24,쿠폰 사용,쿠폰명 미확인,23,23,25,1716540,232530,74632.17391304347
2024-08-25,쿠폰 사용,쿠폰명 미확인,39,39,53,3383940,784180,86767.69230769231
2024-08-25,쿠폰 미사용,쿠폰 미사용,22,22,32,2027700,0,92168.18181818182
2024-08-26,쿠폰 사용,쿠폰명 미확인,29,29,38,2547930,412340,87859.6551724138
2024-08-26,쿠폰 미사용,쿠폰 미사용,28,28,35,2142790,0,76528.21428571429
2024-08-27,쿠폰 사용,쿠폰명 미확인,30,30,53,4085800,2371440,136193.33333333334
2024-08-27,쿠폰 미사용,쿠폰 미사용,17,16,29,1405150,0,82655.88235294117
2024-08-28,쿠폰 사용,쿠폰명 미확인,38,38,52,3568050,864500,93896.05263157895
2024-08-28,쿠폰 미사용,쿠폰 미사용,10,10,13,870470,0,87047.0
2024-08-29,쿠폰 미사용,쿠폰 미사용,16,16,20,1228070,0,76754.375
2024-08-29,쿠폰 사용,쿠폰명 미확인,17,17,20,1210060,274670,71180.0
2024-08-30,쿠폰 사용,쿠폰명 미확인,22,22,46,2449800,666410,111354.54545454546
2024-08-30,쿠폰 미사용,쿠폰 미사용,22,22,26,1462710,0,66486.81818181818
2024-08-31,쿠폰 사용,쿠폰명 미확인,29,29,57,3219820,500100,111028.27586206897
2024-08-31,쿠폰 미사용,쿠폰 미사용,11,11,15,781210,0,71019.09090909091
2024-09-01,쿠폰 사용,쿠폰명 미확인,34,32,62,5085200,607620,149564.70588235295
2024-09-01,쿠폰 미사용,쿠폰 미사용,18,18,21,1276980,0,70943.33333333333
2024-09-02,쿠폰 사용,쿠폰명 미확인,30,30,92,4570070,1257120,152335.66666666666
2024-09-02,쿠폰 미사용,쿠폰 미사용,7,7,7,387910,0,55415.71428571428
2024-09-03,쿠폰 사용,쿠폰명 미확인,27,27,34,2508850,537640,92920.37037037036
2024-09-03,쿠폰 미사용,쿠폰 미사용,25,25,32,1163840,0,46553.6
2024-09-04,쿠폰 사용,쿠폰명 미확인,27,27,49,3452910,446950,127885.55555555556
2024-09-04,쿠폰 미사용,쿠폰 미사용,21,21,25,1226860,0,58421.90476190476
2024-09-05,쿠폰 사용,쿠폰명 미확인,50,49,83,5451690,943930,109033.8
2024-09-05,쿠폰 미사용,쿠폰 미사용,19,19,31,1738070,0,91477.36842105263
2024-09-06,쿠폰 사용,쿠폰명 미확인,24,24,36,2350830,559890,97951.25
2024-09-06,쿠폰 미사용,쿠폰 미사용,16,16,20,797150,0,49821.875
2024-09-07,쿠폰 사용,쿠폰명 미확인,42,42,64,3981920,612770,94807.61904761905
2024-09-07,쿠폰 미사용,쿠폰 미사용,20,20,29,1190670,0,59533.5
2024-09-08,쿠폰 사용,쿠폰명 미확인,50,49,76,5300030,761140,106000.6
2024-09-08,쿠폰 미사용,쿠폰 미사용,33,33,38,1411690,0,42778.48484848485
2024-09-09,쿠폰 사용,쿠폰명 미확인,21,21,32,2765330,703050,131682.38095238095
2024-09-09,쿠폰 미사용,쿠폰 미사용,12,12,18,1028050,0,85670.83333333333
2024-09-10,쿠폰 사용,쿠폰명 미확인,31,31,47,3480310,945510,112268.06451612903
2024-09-10,쿠폰 미사용,쿠폰 미사용,14,13,20,1503050,0,107360.71428571429
2024-09-11,쿠폰 사용,쿠폰명 미확인,45,45,81,4754740,759520,105660.88888888889
2024-09-11,쿠폰 미사용,쿠폰 미사용,30,30,37,1740380,0,58012.666666666664
2024-09-12,쿠폰 사용,쿠폰명 미확인,92,92,141,8844080,1757150,96131.30434782608
2024-09-12,쿠폰 미사용,쿠폰 미사용,163,161,195,6057440,0,37162.20858895705
2024-09-13,쿠폰 사용,쿠폰명 미확인,60,60,87,5709970,841890,95166.16666666667
2024-09-13,쿠폰 미사용,쿠폰 미사용,49,49,58,2381580,0,48603.67346938775
2024-09-14,쿠폰 사용,쿠폰명 미확인,27,27,34,2450040,466730,90742.22222222222
2024-09-14,쿠폰 미사용,쿠폰 미사용,41,41,52,1953130,0,47637.31707317073
2024-09-15,쿠폰 사용,쿠폰명 미확인,34,34,49,2845590,389360,83693.82352941176
2024-09-15,쿠폰 미사용,쿠폰 미사용,40,40,52,2297770,0,57444.25
2024-09-16,쿠폰 사용,쿠폰명 미확인,29,29,40,2557079,462960,88175.13793103448
2024-09-16,쿠폰 미사용,쿠폰 미사용,42,42,56,2475620,0,58943.333333333336
2024-09-17,쿠폰 사용,쿠폰명 미확인,26,26,31,1809109,307690,69581.11538461539
2024-09-17,쿠폰 미사용,쿠폰 미사용,22,21,32,806010,0,36636.818181818184
2024-09-18,쿠폰 사용,쿠폰명 미확인,84,83,143,9214018,1414160,109690.69047619047
2024-09-18,쿠폰 미사용,쿠폰 미사용,49,49,67,2241860,0,45752.244897959186
2024-09-19,쿠폰 사용,쿠폰명 미확인,27,27,34,2370610,464420,87800.37037037036
2024-09-19,쿠폰 미사용,쿠폰 미사용,33,33,39,1456919,0,44149.06060606061
2024-09-20,쿠폰 사용,쿠폰명 미확인,31,31,38,2955820,503730,95349.03225806452
2024-09-20,쿠폰 미사용,쿠폰 미사용,42,42,61,2844420,0,67724.28571428571
2024-09-21,쿠폰 사용,쿠폰명 미확인,30,30,45,3068690,901590,102289.66666666667
2024-09-21,쿠폰 미사용,쿠폰 미사용,44,44,58,2856280,0,64915.454545454544
2024-09-22,쿠폰 미사용,쿠폰 미사용,583,581,758,25779615,0,44218.893653516294
2024-09-22,쿠폰 사용,쿠폰명 미확인,76,75,89,5899478,1029740,77624.71052631579
2024-09-23,쿠폰 사용,쿠폰명 미확인,34,33,46,3615080,907000,106325.88235294117
2024-09-23,쿠폰 미사용,쿠폰 미사용,21,21,21,1471170,0,70055.71428571429
2024-09-24,쿠폰 사용,쿠폰명 미확인,35,35,45,3764900,699900,107568.57142857143
2024-09-24,쿠폰 미사용,쿠폰 미사용,15,15,20,1584750,0,105650.0
2024-09-25,쿠폰 사용,쿠폰명 미확인,34,34,39,2590560,445650,76192.94117647059
2024-09-25,쿠폰 미사용,쿠폰 미사용,10,10,12,746529,0,74652.9
2024-09-26,쿠폰 사용,쿠폰명 미확인,28,28,38,2744800,619270,98028.57142857143
2024-09-26,쿠폰 미사용,쿠폰 미사용,11,11,16,762810,0,69346.36363636363
2024-09-27,쿠폰 사용,쿠폰명 미확인,30,30,39,3672809,984660,122426.96666666666
2024-09-27,쿠폰 미사용,쿠폰 미사용,13,12,20,1821130,0,140086.92307692306
2024-09-28,쿠폰 사용,쿠폰명 미확인,26,26,27,2670080,404660,102695.38461538461
2024-09-28,쿠폰 미사용,쿠폰 미사용,9,8,11,1474790,0,163865.55555555556
2024-09-29,쿠폰 사용,쿠폰명 미확인,30,30,34,3128840,458230,104294.66666666667
2024-09-29,쿠폰 미사용,쿠폰 미사용,9,9,16,838949,0,93216.55555555556
2024-09-30,쿠폰 사용,쿠폰명 미확인,63,63,81,6892599,1352020,109406.33333333333
2024-09-30,쿠폰 미사용,쿠폰 미사용,33,31,39,3530460,0,106983.63636363637
2024-10-01,쿠폰 사용,쿠폰명 미확인,73,72,98,9122030,1493830,124959.31506849315
2024-10-01,쿠폰 미사용,쿠폰 미사용,21,21,28,2616529,0,124596.61904761905
2024-10-02,쿠폰 사용,쿠폰명 미확인,31,31,54,4607630,1613080,148633.2258064516
2024-10-02,쿠폰 미사용,쿠폰 미사용,29,29,42,4126100,0,142279.3103448276
2024-10-03,쿠폰 사용,쿠폰명 미확인,41,40,46,4447429,1375330,108473.87804878049
2024-10-03,쿠폰 미사용,쿠폰 미사용,26,25,47,4291630,0,165062.6923076923
2024-10-04,쿠폰 미사용,쿠폰 미사용,21,21,31,3466400,0,165066.66666666666
2024-10-04,쿠폰 사용,쿠폰명 미확인,25,25,31,2792048,413600,111681.92
2024-10-05,쿠폰 사용,쿠폰명 미확인,47,47,53,4893589,748850,104118.91489361702
2024-10-05,쿠폰 미사용,쿠폰 미사용,14,14,27,1885779,0,134698.5
2024-10-06,쿠폰 사용,쿠폰명 미확인,49,49,57,5428580,941720,110787.3469387755
2024-10-06,쿠폰 미사용,쿠폰 미사용,17,17,30,2447080,0,143945.88235294117
2024-10-07,쿠폰 사용,쿠폰명 미확인,40,40,57,4346070,1210070,108651.75
2024-10-07,쿠폰 미사용,쿠폰 미사용,20,20,24,2237320,0,111866.0
2024-10-08,쿠폰 미사용,쿠폰 미사용,31,30,52,4459850,0,143866.12903225806
2024-10-08,쿠폰 사용,쿠폰명 미확인,30,30,40,3973589,649680,132452.96666666667
2024-10-09,쿠폰 사용,쿠폰명 미확인,41,40,56,4104149,1177580,100101.19512195123
2024-10-09,쿠폰 미사용,쿠폰 미사용,20,20,21,1962330,0,98116.5
2024-10-10,쿠폰 미사용,쿠폰 미사용,40,40,47,5075560,0,126889.0
2024-10-10,쿠폰 사용,쿠폰명 미확인,27,27,37,3240140,606950,120005.18518518518
2024-10-11,쿠폰 사용,쿠폰명 미확인,35,33,72,5464760,2301440,156136.0
2024-10-11,쿠폰 미사용,쿠폰 미사용,20,19,22,2255500,0,112775.0
2024-10-12,쿠폰 사용,쿠폰명 미확인,36,36,48,4993469,1103880,138707.47222222222
2024-10-12,쿠폰 미사용,쿠폰 미사용,22,22,35,2533150,0,115143.18181818182
2024-10-13,쿠폰 사용,쿠폰명 미확인,36,36,39,4910940,1000440,136415.0
2024-10-13,쿠폰 미사용,쿠폰 미사용,24,23,34,2879730,0,119988.75
2024-10-14,쿠폰 사용,쿠폰명 미확인,41,38,77,6595719,1790540,160871.19512195123
2024-10-14,쿠폰 미사용,쿠폰 미사용,13,13,17,1209950,0,93073.07692307692
2024-10-15,쿠폰 사용,쿠폰명 미확인,31,31,50,4456210,667510,143748.70967741936
2024-10-15,쿠폰 미사용,쿠폰 미사용,30,29,36,2636760,0,87892.0
2024-10-16,쿠폰 사용,쿠폰명 미확인,76,75,101,6438429,1568480,84716.17105263157
2024-10-16,쿠폰 미사용,쿠폰 미사용,9,9,12,1089000,0,121000.0
2024-10-17,쿠폰 사용,쿠폰명 미확인,41,41,65,5420560,1038100,132208.78048780488
2024-10-17,쿠폰 미사용,쿠폰 미사용,23,23,24,1654990,0,71956.08695652174
2024-10-18,쿠폰 사용,쿠폰명 미확인,41,41,48,4029950,652120,98291.46341463414
2024-10-18,쿠폰 미사용,쿠폰 미사용,15,15,23,1900500,0,126700.0
2024-10-19,쿠폰 사용,쿠폰명 미확인,38,37,62,5618170,1513570,147846.57894736843
2024-10-19,쿠폰 미사용,쿠폰 미사용,20,20,28,1107960,0,55398.0
2024-10-20,쿠폰 사용,쿠폰명 미확인,61,60,80,6903809,1067170,113177.19672131147
2024-10-20,쿠폰 미사용,쿠폰 미사용,24,24,30,2873380,0,119724.16666666667
2024-10-21,쿠폰 사용,쿠폰명 미확인,42,42,55,4374590,1380830,104156.90476190476
2024-10-21,쿠폰 미사용,쿠폰 미사용,21,21,25,2480020,0,118096.19047619047
2024-10-22,쿠폰 사용,쿠폰명 미확인,35,34,46,3905940,1240600,111598.28571428571
2024-10-22,쿠폰 미사용,쿠폰 미사용,26,26,33,2352380,0,90476.15384615384
2024-10-23,쿠폰 사용,쿠폰명 미확인,31,31,59,5856176,809950,188908.90322580645
2024-10-23,쿠폰 미사용,쿠폰 미사용,22,22,41,4590300,0,208650.0
2024-10-24,쿠폰 사용,쿠폰명 미확인,43,41,61,5828190,1844970,135539.3023255814
2024-10-24,쿠폰 미사용,쿠폰 미사용,27,27,30,2245120,0,83152.5925925926
2024-10-25,쿠폰 사용,쿠폰명 미확인,30,29,46,5408500,859750,180283.33333333334
2024-10-25,쿠폰 미사용,쿠폰 미사용,20,18,25,3517250,0,175862.5
2024-10-26,쿠폰 사용,쿠폰명 미확인,33,32,42,4245040,1449840,128637.57575757576
2024-10-26,쿠폰 미사용,쿠폰 미사용,17,17,20,1751200,0,103011.76470588235
2024-10-27,쿠폰 사용,쿠폰명 미확인,52,52,74,6421020,1155360,123481.15384615384
2024-10-27,쿠폰 미사용,쿠폰 미사용,16,16,20,1597830,0,99864.375
2024-10-28,쿠폰 사용,쿠폰명 미확인,48,45,75,6950870,1916290,144809.79166666666
2024-10-28,쿠폰 미사용,쿠폰 미사용,13,13,15,1409310,0,108408.46153846153
2024-10-29,쿠폰 사용,쿠폰명 미확인,57,57,81,10088210,2350790,176986.1403508772
2024-10-29,쿠폰 미사용,쿠폰 미사용,10,10,11,920180,0,92018.0
2024-10-30,쿠폰 사용,쿠폰명 미확인,44,44,63,5800260,1341470,131824.0909090909
2024-10-30,쿠폰 미사용,쿠폰 미사용,10,10,11,989680,0,98968.0
2024-10-31,쿠폰 미사용,쿠폰 미사용,51,50,62,6931979,0,135921.1568627451
2024-10-31,쿠폰 사용,쿠폰명 미확인,57,56,70,6261950,1864940,109858.77192982456
2024-11-01,쿠폰 사용,쿠폰명 미확인,37,37,64,5960700,926170,161100.0
2024-11-01,쿠폰 미사용,쿠폰 미사용,23,22,32,2055630,0,89375.21739130435
2024-11-02,쿠폰 사용,쿠폰명 미확인,32,32,41,4581460,1076020,143170.625
2024-11-02,쿠폰 미사용,쿠폰 미사용,20,19,27,2944160,0,147208.0
2024-11-03,쿠폰 사용,쿠폰명 미확인,57,57,75,7365830,1590700,129225.08771929824
2024-11-03,쿠폰 미사용,쿠폰 미사용,37,37,44,4591220,0,124087.02702702703
2024-11-04,쿠폰 사용,쿠폰명 미확인,43,43,70,5527380,1429120,128543.72093023256
2024-11-04,쿠폰 미사용,쿠폰 미사용,31,31,43,3373480,0,108821.93548387097
2024-11-05,쿠폰 사용,쿠폰명 미확인,55,55,71,7089050,1448070,128891.81818181818
2024-11-05,쿠폰 미사용,쿠폰 미사용,41,40,49,4144660,0,101089.26829268293
2024-11-06,쿠폰 사용,쿠폰명 미확인,59,58,108,11871400,4816780,201210.16949152542
2024-11-06,쿠폰 미사용,쿠폰 미사용,29,28,38,3060640,0,105539.31034482758
2024-11-07,쿠폰 사용,쿠폰명 미확인,37,36,63,6742480,3193180,182229.1891891892
2024-11-07,쿠폰 미사용,쿠폰 미사용,37,37,53,4865339,0,131495.64864864864
2024-11-08,쿠폰 사용,쿠폰명 미확인,33,33,41,5147140,1234970,155973.9393939394
2024-11-08,쿠폰 미사용,쿠폰 미사용,25,24,35,3189240,0,127569.6
2024-11-09,쿠폰 사용,쿠폰명 미확인,15,15,20,1952389,588080,130159.26666666666
2024-11-09,쿠폰 미사용,쿠폰 미사용,14,14,15,1835490,0,131106.42857142858
2024-11-10,쿠폰 사용,쿠폰명 미확인,53,53,62,7271920,1152240,137206.03773584907
2024-11-10,쿠폰 미사용,쿠폰 미사용,25,25,33,2107570,0,84302.8
2024-11-11,쿠폰 사용,쿠폰명 미확인,30,29,39,4235340,1236200,141178.0
2024-11-11,쿠폰 미사용,쿠폰 미사용,19,19,29,2310260,0,121592.63157894737
2024-11-12,쿠폰 사용,쿠폰명 미확인,54,52,65,7320040,2276600,135556.2962962963
2024-11-12,쿠폰 미사용,쿠폰 미사용,27,27,33,2900700,0,107433.33333333333
2024-11-13,쿠폰 사용,쿠폰명 미확인,28,28,56,4805300,2375190,171617.85714285713
2024-11-13,쿠폰 미사용,쿠폰 미사용,21,20,27,1908190,0,90866.19047619047
2024-11-14,쿠폰 사용,쿠폰명 미확인,42,42,55,5356630,1233800,127538.80952380953
2024-11-14,쿠폰 미사용,쿠폰 미사용,23,23,32,2724420,0,118453.04347826086
2024-11-15,쿠폰 미사용,쿠폰 미사용,144,143,189,17388980,0,120756.80555555556
2024-11-15,쿠폰 사용,쿠폰명 미확인,89,88,115,13074480,1544760,146904.26966292135
2024-11-16,쿠폰 사용,쿠폰명 미확인,81,80,106,12329875,1865865,152220.67901234567
2024-11-16,쿠폰 미사용,쿠폰 미사용,71,67,81,7294690,0,102742.11267605633
2024-11-17,쿠폰 사용,쿠폰명 미확인,103,102,137,15545385,2206395,150926.06796116504
2024-11-17,쿠폰 미사용,쿠폰 미사용,64,64,73,5747410,0,89803.28125
2024-11-18,쿠폰 사용,쿠폰명 미확인,116,115,163,18376205,3474275,158415.5603448276
2024-11-18,쿠폰 미사용,쿠폰 미사용,94,93,116,8392760,0,89284.68085106384
2024-11-19,쿠폰 사용,쿠폰명 미확인,101,100,119,15606909,1817970,154523.8514851485
2024-11-19,쿠폰 미사용,쿠폰 미사용,90,90,132,10272950,0,114143.88888888889
2024-11-20,쿠폰 사용,쿠폰명 미확인,101,99,133,15170020,3120930,150198.21782178216
2024-11-20,쿠폰 미사용,쿠폰 미사용,79,79,97,8303770,0,105111.01265822785
2024-11-21,쿠폰 사용,쿠폰명 미확인,106,106,125,14498100,1989220,136774.5283018868
2024-11-21,쿠폰 미사용,쿠폰 미사용,108,108,144,12998480,0,120356.29629629629
2024-11-22,쿠폰 사용,쿠폰명 미확인,87,87,99,13372475,2033285,153706.6091954023
2024-11-22,쿠폰 미사용,쿠폰 미사용,70,67,89,7295040,0,104214.85714285714
2024-11-23,쿠폰 사용,쿠폰명 미확인,94,92,115,15237529,1784700,162101.37234042553
2024-11-23,쿠폰 미사용,쿠폰 미사용,74,73,83,5430410,0,73383.91891891892
2024-11-24,쿠폰 사용,쿠폰명 미확인,148,147,192,23061845,3141864,155823.27702702704
2024-11-24,쿠폰 미사용,쿠폰 미사용,72,71,90,7142080,0,99195.55555555556
2024-11-25,쿠폰 사용,쿠폰명 미확인,90,89,114,14907830,3439070,165642.55555555556
2024-11-25,쿠폰 미사용,쿠폰 미사용,73,73,88,8099810,0,110956.30136986301
2024-11-26,쿠폰 사용,쿠폰명 미확인,102,101,127,15065180,3501460,147697.8431372549
2024-11-26,쿠폰 미사용,쿠폰 미사용,84,84,92,7441800,0,88592.85714285714
2024-11-27,쿠폰 사용,쿠폰명 미확인,148,147,168,20195079,3672250,136453.23648648648
2024-11-27,쿠폰 미사용,쿠폰 미사용,102,99,126,11463040,0,112382.74509803922
2024-11-28,쿠폰 사용,쿠폰명 미확인,122,122,157,21160950,3912240,173450.40983606558
2024-11-28,쿠폰 미사용,쿠폰 미사용,81,78,91,11384060,0,140543.95061728396
2024-11-29,쿠폰 사용,쿠폰명 미확인,105,104,134,19333060,3238910,184124.38095238095
2024-11-29,쿠폰 미사용,쿠폰 미사용,59,59,67,7258280,0,123021.69491525424
2024-11-30,쿠폰 사용,쿠폰명 미확인,111,111,141,17050455,2782805,153607.7027027027
2024-11-30,쿠폰 미사용,쿠폰 미사용,45,45,52,4160890,0,92464.22222222222
2024-12-01,쿠폰 사용,쿠폰명 미확인,214,209,266,27085715,4193365,126568.76168224298
2024-12-01,쿠폰 미사용,쿠폰 미사용,187,183,242,15674330,0,83819.94652406417
2024-12-02,쿠폰 사용,쿠폰명 미확인,143,142,169,19526545,3234525,136549.26573426573
2024-12-02,쿠폰 미사용,쿠폰 미사용,89,88,123,11649879,0,130897.51685393258
2024-12-03,쿠폰 사용,쿠폰명 미확인,126,125,160,17385450,2692410,137979.7619047619
2024-12-03,쿠폰 미사용,쿠폰 미사용,51,49,60,6152410,0,120635.49019607843
2024-12-04,쿠폰 사용,쿠폰명 미확인,96,96,125,13535110,2096670,140990.72916666666
2024-12-04,쿠폰 미사용,쿠폰 미사용,48,46,62,5241080,0,109189.16666666667
2024-12-05,쿠폰 사용,쿠폰명 미확인,78,77,94,12249200,2285360,157041.02564102566
2024-12-05,쿠폰 미사용,쿠폰 미사용,27,26,28,2572940,0,95294.07407407407
2024-12-06,쿠폰 미사용,쿠폰 미사용,129,121,184,26162210,0,202807.82945736434
2024-12-06,쿠폰 사용,쿠폰명 미확인,70,70,87,8910260,1452180,127289.42857142857
2024-12-07,쿠폰 사용,쿠폰명 미확인,79,79,92,11911040,1783440,150772.6582278481
2024-12-07,쿠폰 미사용,쿠폰 미사용,38,38,48,5266740,0,138598.42105263157
2024-12-08,쿠폰 사용,쿠폰명 미확인,113,113,142,16971460,2765510,150189.9115044248
2024-12-08,쿠폰 미사용,쿠폰 미사용,56,50,85,8112770,0,144870.89285714287
2024-12-09,쿠폰 사용,쿠폰명 미확인,87,87,98,12679520,2238220,145741.6091954023
2024-12-09,쿠폰 미사용,쿠폰 미사용,54,53,66,6718610,0,124418.70370370371
2024-12-10,쿠폰 사용,쿠폰명 미확인,92,86,123,14096360,3280420,153221.30434782608
2024-12-10,쿠폰 미사용,쿠폰 미사용,40,38,49,3995429,0,99885.725
2024-12-11,쿠폰 사용,쿠폰명 미확인,75,74,146,22967760,3139800,306236.8
2024-12-11,쿠폰 미사용,쿠폰 미사용,48,47,78,8871570,0,184824.375
2024-12-12,쿠폰 사용,쿠폰명 미확인,73,70,92,10885360,2013660,149114.5205479452
2024-12-12,쿠폰 미사용,쿠폰 미사용,39,38,53,3644950,0,93460.2564102564
2024-12-13,쿠폰 사용,쿠폰명 미확인,62,62,74,7740940,1180640,124853.87096774194
2024-12-13,쿠폰 미사용,쿠폰 미사용,44,42,54,4769770,0,108403.86363636363
2024-12-14,쿠폰 사용,쿠폰명 미확인,53,53,66,7057620,1066280,133162.64150943398
2024-12-14,쿠폰 미사용,쿠폰 미사용,35,35,56,4909990,0,140285.42857142858
2024-12-15,쿠폰 사용,쿠폰명 미확인,98,98,121,12793470,2333510,130545.61224489796
2024-12-15,쿠폰 미사용,쿠폰 미사용,39,39,58,5344020,0,137026.15384615384
2024-12-16,쿠폰 사용,쿠폰명 미확인,80,80,101,11032290,2256910,137903.625
2024-12-16,쿠폰 미사용,쿠폰 미사용,48,47,67,5747730,0,119744.375
2024-12-17,쿠폰 사용,쿠폰명 미확인,72,70,97,10351790,2146709,143774.86111111112
2024-12-17,쿠폰 미사용,쿠폰 미사용,33,33,45,3448960,0,104513.93939393939
2024-12-18,쿠폰 사용,쿠폰명 미확인,66,66,86,10047280,1659710,152231.51515151514
2024-12-18,쿠폰 미사용,쿠폰 미사용,39,38,56,4735950,0,121434.61538461539
2024-12-19,쿠폰 사용,쿠폰명 미확인,82,82,112,13607830,2302440,165949.1463414634
2024-12-19,쿠폰 미사용,쿠폰 미사용,61,59,77,8020220,0,131479.0163934426
2024-12-20,쿠폰 사용,쿠폰명 미확인,77,76,95,10092300,1764090,131068.83116883117
2024-12-20,쿠폰 미사용,쿠폰 미사용,28,28,34,3299920,0,117854.28571428571
2024-12-21,쿠폰 사용,쿠폰명 미확인,69,67,105,10550950,1967390,152912.3188405797
2024-12-21,쿠폰 미사용,쿠폰 미사용,26,25,31,2562270,0,98548.84615384616
2024-12-22,쿠폰 사용,쿠폰명 미확인,106,106,131,15701243,2235507,148124.93396226416
2024-12-22,쿠폰 미사용,쿠폰 미사용,32,32,36,3345210,0,104537.8125
2024-12-23,쿠폰 사용,쿠폰명 미확인,75,72,114,13030510,2318430,173740.13333333333
2024-12-23,쿠폰 미사용,쿠폰 미사용,30,30,39,4269480,0,142316.0
2024-12-24,쿠폰 사용,쿠폰명 미확인,73,70,96,11145890,2090100,152683.42465753425
2024-12-24,쿠폰 미사용,쿠폰 미사용,35,35,51,3039930,0,86855.14285714286
2024-12-25,쿠폰 사용,쿠폰명 미확인,66,65,76,7382230,1152400,111851.9696969697
2024-12-25,쿠폰 미사용,쿠폰 미사용,44,43,81,5638310,0,128143.40909090909
2024-12-26,쿠폰 사용,쿠폰명 미확인,59,59,75,7721250,1285160,130868.64406779662
2024-12-26,쿠폰 미사용,쿠폰 미사용,51,51,77,3752700,0,73582.35294117648
2024-12-27,쿠폰 사용,쿠폰명 미확인,65,64,81,7746090,1267500,119170.61538461539
2024-12-27,쿠폰 미사용,쿠폰 미사용,30,29,33,2248450,0,74948.33333333333
2024-12-28,쿠폰 사용,쿠폰명 미확인,59,59,87,8222080,1352960,139357.28813559323
2024-12-28,쿠폰 미사용,쿠폰 미사용,29,28,36,2098540,0,72363.44827586207
2024-12-29,쿠폰 사용,쿠폰명 미확인,82,82,125,11481980,1593710,140024.1463414634
2024-12-29,쿠폰 미사용,쿠폰 미사용,24,24,32,2177550,0,90731.25
2024-12-30,쿠폰 사용,쿠폰명 미확인,47,45,61,6926020,1374460,147362.12765957447
2024-12-30,쿠폰 미사용,쿠폰 미사용,38,38,47,4409720,0,116045.26315789473
2024-12-31,쿠폰 사용,쿠폰명 미확인,64,63,79,8390550,1379680,131102.34375
2024-12-31,쿠폰 미사용,쿠폰 미사용,72,69,96,4796110,0,66612.63888888889
2025-01-01,쿠폰 사용,쿠폰명 미확인,59,58,79,7518780,1260960,127436.94915254238
2025-01-01,쿠폰 미사용,쿠폰 미사용,33,32,46,3431450,0,103983.33333333333
2025-01-02,쿠폰 사용,쿠폰명 미확인,69,66,85,9365730,1655000,135735.21739130435
2025-01-02,쿠폰 미사용,쿠폰 미사용,41,41,61,4452580,0,108599.51219512195
2025-01-03,쿠폰 사용,쿠폰명 미확인,52,52,65,7731680,1210440,148686.15384615384
2025-01-03,쿠폰 미사용,쿠폰 미사용,29,29,34,2580740,0,88991.03448275862
2025-01-04,쿠폰 사용,쿠폰명 미확인,44,44,55,7020900,1022060,159565.9090909091
2025-01-04,쿠폰 미사용,쿠폰 미사용,19,19,28,2183640,0,114928.42105263157
2025-01-05,쿠폰 사용,쿠폰명 미확인,54,54,64,7724140,1171470,143039.62962962964
2025-01-05,쿠폰 미사용,쿠폰 미사용,27,27,33,2730250,0,101120.37037037036
2025-01-06,쿠폰 사용,쿠폰명 미확인,65,65,86,8169560,1626930,125685.53846153847
2025-01-06,쿠폰 미사용,쿠폰 미사용,27,25,32,2389480,0,88499.25925925926
2025-01-07,쿠폰 사용,쿠폰명 미확인,69,69,80,9517950,1634640,137941.30434782608
2025-01-07,쿠폰 미사용,쿠폰 미사용,29,29,38,3726260,0,128491.72413793103
2025-01-08,쿠폰 사용,쿠폰명 미확인,59,58,70,8261100,1427580,140018.64406779662
2025-01-08,쿠폰 미사용,쿠폰 미사용,43,43,61,5744040,0,133582.32558139536
2025-01-09,쿠폰 사용,쿠폰명 미확인,63,63,70,8492880,1652520,134807.61904761905
2025-01-09,쿠폰 미사용,쿠폰 미사용,36,35,62,5208220,0,144672.77777777778
2025-01-10,쿠폰 사용,쿠폰명 미확인,52,49,64,7276150,1449750,139925.96153846153
2025-01-10,쿠폰 미사용,쿠폰 미사용,41,40,51,5692920,0,138851.70731707316
2025-01-11,쿠폰 사용,쿠폰명 미확인,51,51,61,6897640,1059980,135247.8431372549
2025-01-11,쿠폰 미사용,쿠폰 미사용,26,26,34,2377970,0,91460.38461538461
2025-01-12,쿠폰 사용,쿠폰명 미확인,60,60,67,7762880,1099350,129381.33333333333
2025-01-12,쿠폰 미사용,쿠폰 미사용,36,34,54,3461930,0,96164.72222222222
2025-01-13,쿠폰 사용,쿠폰명 미확인,89,89,117,12152820,1900500,136548.5393258427
2025-01-13,쿠폰 미사용,쿠폰 미사용,117,115,170,9230060,0,78889.4017094017
2025-01-14,쿠폰 사용,쿠폰명 미확인,60,59,85,9036810,1969050,150613.5
2025-01-14,쿠폰 미사용,쿠폰 미사용,59,59,90,5541710,0,93927.28813559322
2025-01-15,쿠폰 사용,쿠폰명 미확인,49,48,53,5421540,871910,110643.67346938775
2025-01-15,쿠폰 미사용,쿠폰 미사용,49,49,75,4678470,0,95478.97959183673
2025-01-16,쿠폰 사용,쿠폰명 미확인,65,63,92,9923250,1779030,152665.38461538462
2025-01-16,쿠폰 미사용,쿠폰 미사용,37,37,53,2728320,0,73738.37837837837
2025-01-17,쿠폰 사용,쿠폰명 미확인,46,46,59,4757070,982970,103414.56521739131
2025-01-17,쿠폰 미사용,쿠폰 미사용,37,37,43,2925680,0,79072.43243243243
2025-01-18,쿠폰 사용,쿠폰명 미확인,35,35,42,3913460,607440,111813.14285714286
2025-01-18,쿠폰 미사용,쿠폰 미사용,21,21,29,2176990,0,103666.19047619047
2025-01-19,쿠폰 사용,쿠폰명 미확인,46,46,56,5510330,893830,119789.78260869565
2025-01-19,쿠폰 미사용,쿠폰 미사용,32,31,52,3465880,0,108308.75
2025-01-20,쿠폰 사용,쿠폰명 미확인,45,45,61,5528400,910300,122853.33333333333
2025-01-20,쿠폰 미사용,쿠폰 미사용,27,27,30,2487360,0,92124.44444444444
2025-01-21,쿠폰 사용,쿠폰명 미확인,56,56,71,7665183,1480867,136878.26785714287
2025-01-21,쿠폰 미사용,쿠폰 미사용,35,34,52,4878620,0,139389.14285714287
2025-01-22,쿠폰 사용,쿠폰명 미확인,69,69,80,7797520,1580780,113007.53623188406
2025-01-22,쿠폰 미사용,쿠폰 미사용,54,54,74,4111140,0,76132.22222222222
2025-01-23,쿠폰 사용,쿠폰명 미확인,69,68,86,7099120,1188200,102885.79710144928
2025-01-23,쿠폰 미사용,쿠폰 미사용,31,31,37,2770650,0,89375.80645161291
2025-01-24,쿠폰 사용,쿠폰명 미확인,46,44,53,4951123,1128477,107633.10869565218
2025-01-24,쿠폰 미사용,쿠폰 미사용,15,15,19,1289900,0,85993.33333333333
2025-01-25,쿠폰 사용,쿠폰명 미확인,38,38,43,3578170,495640,94162.36842105263
2025-01-25,쿠폰 미사용,쿠폰 미사용,8,8,9,384740,0,48092.5
2025-01-26,쿠폰 사용,쿠폰명 미확인,318,316,347,16908180,3273930,53170.377358490565
2025-01-26,쿠폰 미사용,쿠폰 미사용,303,300,384,11982510,0,39546.237623762376
2025-01-27,쿠폰 사용,쿠폰명 미확인,301,301,333,17455753,3285217,57992.53488372093
2025-01-27,쿠폰 미사용,쿠폰 미사용,178,178,219,7870200,0,44214.606741573036
2025-01-28,쿠폰 사용,쿠폰명 미확인,136,135,154,9281850,1885970,68248.89705882352
2025-01-28,쿠폰 미사용,쿠폰 미사용,65,65,81,2514750,0,38688.46153846154
2025-01-29,쿠폰 사용,쿠폰명 미확인,93,93,100,6291350,1208170,67648.9247311828
2025-01-29,쿠폰 미사용,쿠폰 미사용,44,44,50,2474150,0,56230.681818181816
2025-01-30,쿠폰 사용,쿠폰명 미확인,157,157,171,12158100,2098950,77440.12738853504
2025-01-30,쿠폰 미사용,쿠폰 미사용,65,65,75,3772590,0,58039.846153846156
2025-01-31,쿠폰 사용,쿠폰명 미확인,545,543,580,30571800,5881960,56095.04587155963
2025-01-31,쿠폰 미사용,쿠폰 미사용,493,493,584,20954670,0,42504.401622718055
2025-02-01,쿠폰 사용,쿠폰명 미확인,38,38,39,4043370,699610,106404.47368421052
2025-02-01,쿠폰 미사용,쿠폰 미사용,11,11,13,872390,0,79308.18181818182
2025-02-02,쿠폰 사용,쿠폰명 미확인,46,46,59,7276570,1391790,158186.30434782608
2025-02-02,쿠폰 미사용,쿠폰 미사용,15,14,17,1652290,0,110152.66666666667
2025-02-03,쿠폰 사용,쿠폰명 미확인,36,36,38,3758680,545340,104407.77777777778
2025-02-03,쿠폰 미사용,쿠폰 미사용,12,12,12,1088570,0,90714.16666666667
2025-02-04,쿠폰 사용,쿠폰명 미확인,47,47,53,5713820,1149920,121570.63829787234
2025-02-04,쿠폰 미사용,쿠폰 미사용,18,18,21,1641670,0,91203.88888888889
2025-02-05,쿠폰 사용,쿠폰명 미확인,64,63,80,9034910,1425340,141170.46875
2025-02-05,쿠폰 미사용,쿠폰 미사용,20,19,24,2077220,0,103861.0
2025-02-06,쿠폰 사용,쿠폰명 미확인,56,55,61,7853030,1433040,140232.67857142858
2025-02-06,쿠폰 미사용,쿠폰 미사용,24,23,31,4197020,0,174875.83333333334
2025-02-07,쿠폰 사용,쿠폰명 미확인,75,70,82,8612190,2003240,114829.2
2025-02-07,쿠폰 미사용,쿠폰 미사용,34,34,39,2112200,0,62123.529411764706
2025-02-08,쿠폰 사용,쿠폰명 미확인,45,45,54,5617430,973270,124831.77777777778
2025-02-08,쿠폰 미사용,쿠폰 미사용,18,18,21,1590240,0,88346.66666666667
2025-02-09,쿠폰 사용,쿠폰명 미확인,76,76,84,10249130,1540379,134856.97368421053
2025-02-09,쿠폰 미사용,쿠폰 미사용,28,27,38,2986850,0,106673.21428571429
2025-02-10,쿠폰 사용,쿠폰명 미확인,51,50,109,7571810,1953440,148466.86274509804
2025-02-10,쿠폰 미사용,쿠폰 미사용,32,32,39,2631290,0,82227.8125
2025-02-11,쿠폰 사용,쿠폰명 미확인,48,48,55,5201890,1021030,108372.70833333333
2025-02-11,쿠폰 미사용,쿠폰 미사용,20,19,28,2443260,0,122163.0
2025-02-12,쿠폰 사용,쿠폰명 미확인,36,36,39,4397830,768010,122161.94444444444
2025-02-12,쿠폰 미사용,쿠폰 미사용,18,18,23,1062230,0,59012.77777777778
2025-02-13,쿠폰 사용,쿠폰명 미확인,55,55,61,6670920,1270290,121289.45454545454
2025-02-13,쿠폰 미사용,쿠폰 미사용,26,26,35,2022830,0,77801.15384615384
2025-02-14,쿠폰 사용,쿠폰명 미확인,59,57,67,6518050,1223750,110475.42372881356
2025-02-14,쿠폰 미사용,쿠폰 미사용,27,26,48,2080010,0,77037.4074074074
2025-02-15,쿠폰 사용,쿠폰명 미확인,40,40,45,5415020,818390,135375.5
2025-02-15,쿠폰 미사용,쿠폰 미사용,14,13,22,1435780,0,102555.71428571429
2025-02-16,쿠폰 사용,쿠폰명 미확인,55,53,66,7709090,1271100,140165.27272727274
2025-02-16,쿠폰 미사용,쿠폰 미사용,21,21,25,1574930,0,74996.66666666667
2025-02-17,쿠폰 사용,쿠폰명 미확인,54,52,70,7048970,1291340,130536.48148148147
2025-02-17,쿠폰 미사용,쿠폰 미사용,26,26,34,2201160,0,84660.0
2025-02-18,쿠폰 사용,쿠폰명 미확인,46,46,57,5111430,1016500,111118.04347826086
2025-02-18,쿠폰 미사용,쿠폰 미사용,21,21,35,2312300,0,110109.52380952382
2025-02-19,쿠폰 사용,쿠폰명 미확인,46,45,135,11351610,4545750,246774.13043478262
2025-02-19,쿠폰 미사용,쿠폰 미사용,19,18,24,1338930,0,70470.0
2025-02-20,쿠폰 사용,쿠폰명 미확인,85,85,90,10613523,1711036,124864.97647058824
2025-02-20,쿠폰 미사용,쿠폰 미사용,56,55,76,7041170,0,125735.17857142857
2025-02-21,쿠폰 사용,쿠폰명 미확인,63,63,70,6340762,1169667,100647.01587301587
2025-02-21,쿠폰 미사용,쿠폰 미사용,30,28,32,3595630,0,119854.33333333333
2025-02-22,쿠폰 사용,쿠폰명 미확인,43,43,50,4350945,830745,101184.76744186046
2025-02-22,쿠폰 미사용,쿠폰 미사용,21,21,32,1814610,0,86410.0
2025-02-23,쿠폰 사용,쿠폰명 미확인,64,64,74,7125645,1296645,111338.203125
2025-02-23,쿠폰 미사용,쿠폰 미사용,35,35,40,3590840,0,102595.42857142857
2025-02-24,쿠폰 사용,쿠폰명 미확인,62,62,69,7810038,1390792,125968.35483870968
2025-02-24,쿠폰 미사용,쿠폰 미사용,16,16,19,1647680,0,102980.0
2025-02-25,쿠폰 사용,쿠폰명 미확인,47,47,62,6049301,1284308,128708.53191489361
2025-02-25,쿠폰 미사용,쿠폰 미사용,25,25,36,2941440,0,117657.6
2025-02-26,쿠폰 사용,쿠폰명 미확인,54,53,59,5457012,1031928,101055.77777777778
2025-02-26,쿠폰 미사용,쿠폰 미사용,20,20,31,2039040,0,101952.0
2025-02-27,쿠폰 사용,쿠폰명 미확인,48,48,105,6966700,2211500,145139.58333333334
2025-02-27,쿠폰 미사용,쿠폰 미사용,20,20,32,1826300,0,91315.0
2025-02-28,쿠폰 사용,쿠폰명 미확인,38,38,40,3098303,498597,81534.28947368421
2025-02-28,쿠폰 미사용,쿠폰 미사용,9,9,13,616660,0,68517.77777777778
2025-03-01,쿠폰 사용,쿠폰명 미확인,46,46,57,5281918,832502,114824.30434782608
2025-03-01,쿠폰 미사용,쿠폰 미사용,19,19,32,1495100,0,78689.47368421052
2025-03-02,쿠폰 사용,쿠폰명 미확인,51,51,57,6619246,1032324,129789.13725490196
2025-03-02,쿠폰 미사용,쿠폰 미사용,13,13,16,1437550,0,110580.76923076923
2025-03-03,쿠폰 사용,쿠폰명 미확인,60,60,77,6551269,1312801,109187.81666666667
2025-03-03,쿠폰 미사용,쿠폰 미사용,23,23,34,2207910,0,95996.08695652174
2025-03-04,쿠폰 사용,쿠폰명 미확인,32,32,36,4281418,705102,133794.3125
2025-03-04,쿠폰 미사용,쿠폰 미사용,25,25,29,1881610,0,75264.4
2025-03-05,쿠폰 사용,쿠폰명 미확인,35,35,39,3606521,714369,103043.45714285714
2025-03-05,쿠폰 미사용,쿠폰 미사용,25,25,41,2241190,0,89647.6
2025-03-06,쿠폰 사용,쿠폰명 미확인,55,55,71,7242970,1899930,131690.36363636365
2025-03-06,쿠폰 미사용,쿠폰 미사용,18,18,21,1760420,0,97801.11111111111
2025-03-07,쿠폰 사용,쿠폰명 미확인,47,47,61,5372090,1431560,114299.78723404255
2025-03-07,쿠폰 미사용,쿠폰 미사용,18,18,21,1284050,0,71336.11111111111
2025-03-08,쿠폰 사용,쿠폰명 미확인,40,40,53,4391564,677516,109789.1
2025-03-08,쿠폰 미사용,쿠폰 미사용,20,19,30,1853210,0,92660.5
2025-03-09,쿠폰 사용,쿠폰명 미확인,47,47,51,5036352,849808,107156.4255319149
2025-03-09,쿠폰 미사용,쿠폰 미사용,29,28,40,2434990,0,83965.1724137931
2025-03-10,쿠폰 사용,쿠폰명 미확인,42,41,202,12923680,3326740,307706.6666666667
2025-03-10,쿠폰 미사용,쿠폰 미사용,17,17,21,1204020,0,70824.70588235294
2025-03-11,쿠폰 사용,쿠폰명 미확인,38,38,50,4809950,831100,126577.63157894737
2025-03-11,쿠폰 미사용,쿠폰 미사용,22,22,41,2167900,0,98540.90909090909
2025-03-12,쿠폰 사용,쿠폰명 미확인,40,39,47,4376360,737530,109409.0
2025-03-12,쿠폰 미사용,쿠폰 미사용,19,19,19,1428710,0,75195.26315789473
2025-03-13,쿠폰 사용,쿠폰명 미확인,48,47,74,5087350,1569390,105986.45833333333
2025-03-13,쿠폰 미사용,쿠폰 미사용,29,29,37,1977950,0,68205.1724137931
2025-03-14,쿠폰 사용,쿠폰명 미확인,40,38,51,4684540,1502780,117113.5
2025-03-14,쿠폰 미사용,쿠폰 미사용,22,20,22,1658560,0,75389.09090909091
2025-03-15,쿠폰 사용,쿠폰명 미확인,47,47,54,4762100,819140,101321.27659574468
2025-03-15,쿠폰 미사용,쿠폰 미사용,31,31,37,1849230,0,59652.58064516129
2025-03-16,쿠폰 사용,쿠폰명 미확인,41,41,54,4425800,684190,107946.34146341463
2025-03-16,쿠폰 미사용,쿠폰 미사용,29,29,37,2187090,0,75416.89655172414
2025-03-17,쿠폰 사용,쿠폰명 미확인,42,42,56,4650850,1215650,110734.52380952382
2025-03-17,쿠폰 미사용,쿠폰 미사용,23,22,28,1888180,0,82094.78260869565
2025-03-18,쿠폰 사용,쿠폰명 미확인,26,26,31,2663039,708011,102424.57692307692
2025-03-18,쿠폰 미사용,쿠폰 미사용,20,20,34,1894870,0,94743.5
2025-03-19,쿠폰 사용,쿠폰명 미확인,39,39,44,3400130,603510,87182.82051282052
2025-03-19,쿠폰 미사용,쿠폰 미사용,33,32,44,2332010,0,70666.9696969697
2025-03-20,쿠폰 사용,쿠폰명 미확인,41,41,45,3770820,896120,91971.21951219512
2025-03-20,쿠폰 미사용,쿠폰 미사용,32,32,36,2065290,0,64540.3125
2025-03-21,쿠폰 사용,쿠폰명 미확인,35,34,54,3775360,1056360,107867.42857142857
2025-03-21,쿠폰 미사용,쿠폰 미사용,26,25,38,2169940,0,83459.23076923077
2025-03-22,쿠폰 사용,쿠폰명 미확인,34,34,38,3879660,597370,114107.64705882352
2025-03-22,쿠폰 미사용,쿠폰 미사용,10,10,18,626220,0,62622.0
2025-03-23,쿠폰 사용,쿠폰명 미확인,37,37,52,4030020,717450,108919.45945945945
2025-03-23,쿠폰 미사용,쿠폰 미사용,27,27,39,2058930,0,76256.66666666667
2025-03-24,쿠폰 사용,쿠폰명 미확인,44,43,55,4170520,884190,94784.54545454546
2025-03-24,쿠폰 미사용,쿠폰 미사용,23,23,31,1456050,0,63306.52173913043
2025-03-25,쿠폰 사용,쿠폰명 미확인,49,49,87,6623690,1011340,135177.3469387755
2025-03-25,쿠폰 미사용,쿠폰 미사용,24,24,36,2424900,0,101037.5
2025-03-26,쿠폰 사용,쿠폰명 미확인,30,30,37,2957520,470470,98584.0
2025-03-26,쿠폰 미사용,쿠폰 미사용,27,25,38,2386780,0,88399.25925925926
2025-03-27,쿠폰 사용,쿠폰명 미확인,32,32,72,3501900,1081510,109434.375
2025-03-27,쿠폰 미사용,쿠폰 미사용,12,12,14,750300,0,62525.0
2025-03-28,쿠폰 사용,쿠폰명 미확인,24,24,33,3099560,610240,129148.33333333333
2025-03-28,쿠폰 미사용,쿠폰 미사용,22,21,31,1792150,0,81461.36363636363
2025-03-29,쿠폰 사용,쿠폰명 미확인,24,24,28,2535270,497570,105636.25
2025-03-29,쿠폰 미사용,쿠폰 미사용,19,19,26,1443700,0,75984.21052631579
2025-03-30,쿠폰 사용,쿠폰명 미확인,22,22,25,2554080,362090,116094.54545454546
2025-03-30,쿠폰 미사용,쿠폰 미사용,20,20,23,1426320,0,71316.0
2025-03-31,쿠폰 사용,쿠폰명 미확인,25,25,27,2249780,335380,89991.2
2025-03-31,쿠폰 미사용,쿠폰 미사용,16,16,19,900910,0,56306.875
2025-04-01,쿠폰 사용,쿠폰명 미확인,35,33,45,3881370,1351480,110896.28571428571
2025-04-01,쿠폰 미사용,쿠폰 미사용,28,27,37,2070970,0,73963.21428571429
2025-04-02,쿠폰 사용,쿠폰명 미확인,34,34,52,3998120,1158960,117591.76470588235
2025-04-02,쿠폰 미사용,쿠폰 미사용,21,20,28,1759500,0,83785.71428571429
2025-04-03,쿠폰 사용,쿠폰명 미확인,58,58,76,5679765,1425655,97926.9827586207
2025-04-03,쿠폰 미사용,쿠폰 미사용,24,24,28,1350550,0,56272.916666666664
2025-04-04,쿠폰 사용,쿠폰명 미확인,46,44,185,9847520,2762170,214076.52173913043
2025-04-04,쿠폰 미사용,쿠폰 미사용,20,20,24,1411840,0,70592.0
2025-04-05,쿠폰 사용,쿠폰명 미확인,30,30,37,2372215,647805,79073.83333333333
2025-04-05,쿠폰 미사용,쿠폰 미사용,19,18,22,1330400,0,70021.05263157895
2025-04-06,쿠폰 사용,쿠폰명 미확인,41,41,52,4003660,761740,97650.24390243902
2025-04-06,쿠폰 미사용,쿠폰 미사용,21,20,23,1166490,0,55547.142857142855
2025-04-07,쿠폰 사용,쿠폰명 미확인,44,42,85,5978500,1795700,135875.0
2025-04-07,쿠폰 미사용,쿠폰 미사용,25,24,33,1582600,0,63304.0
2025-04-08,쿠폰 사용,쿠폰명 미확인,36,35,47,3766855,1073685,104634.86111111111
2025-04-08,쿠폰 미사용,쿠폰 미사용,26,25,41,2340610,0,90023.46153846153
2025-04-09,쿠폰 사용,쿠폰명 미확인,36,36,46,3151145,1135565,87531.80555555556
2025-04-09,쿠폰 미사용,쿠폰 미사용,22,21,30,1301920,0,59178.181818181816
2025-04-10,쿠폰 사용,쿠폰명 미확인,47,47,59,4749045,1015735,101043.51063829787
2025-04-10,쿠폰 미사용,쿠폰 미사용,25,25,37,1828650,0,73146.0
2025-04-11,쿠폰 사용,쿠폰명 미확인,46,46,57,5056965,1141485,109934.02173913043
2025-04-11,쿠폰 미사용,쿠폰 미사용,25,25,41,1404050,0,56162.0
2025-04-12,쿠폰 사용,쿠폰명 미확인,36,36,53,4263260,884000,118423.88888888889
2025-04-12,쿠폰 미사용,쿠폰 미사용,22,22,29,1388110,0,63095.90909090909
2025-04-13,쿠폰 사용,쿠폰명 미확인,56,56,68,5642010,954940,100750.17857142857
2025-04-13,쿠폰 미사용,쿠폰 미사용,32,32,47,1818550,0,56829.6875
2025-04-14,쿠폰 사용,쿠폰명 미확인,47,47,59,5052030,1293300,107490.0
2025-04-14,쿠폰 미사용,쿠폰 미사용,32,31,52,2487110,0,77722.1875
2025-04-15,쿠폰 사용,쿠폰명 미확인,43,43,57,4526745,1058395,105273.13953488372
2025-04-15,쿠폰 미사용,쿠폰 미사용,39,39,60,1970440,0,50524.10256410256
2025-04-16,쿠폰 사용,쿠폰명 미확인,38,38,59,4108115,978985,108108.28947368421
2025-04-16,쿠폰 미사용,쿠폰 미사용,32,31,44,2074720,0,64835.0
2025-04-17,쿠폰 사용,쿠폰명 미확인,43,43,49,3423370,905650,79613.25581395348
2025-04-17,쿠폰 미사용,쿠폰 미사용,31,30,49,1821580,0,58760.645161290326
2025-04-18,쿠폰 사용,쿠폰명 미확인,62,62,83,5804640,1679330,93623.2258064516
2025-04-18,쿠폰 미사용,쿠폰 미사용,42,42,77,2674870,0,63687.380952380954
2025-04-19,쿠폰 미사용,쿠폰 미사용,32,32,59,2600310,0,81259.6875
2025-04-19,쿠폰 사용,쿠폰명 미확인,18,18,26,1825220,630350,101401.11111111111
2025-04-20,쿠폰 사용,쿠폰명 미확인,35,35,50,2981590,882070,85188.28571428571
2025-04-20,쿠폰 미사용,쿠폰 미사용,41,39,60,2169780,0,52921.46341463415
2025-04-21,쿠폰 사용,쿠폰명 미확인,46,46,78,5641420,1767160,122639.56521739131
2025-04-21,쿠폰 미사용,쿠폰 미사용,45,45,69,3678050,0,81734.44444444444
2025-04-22,쿠폰 사용,쿠폰명 미확인,36,36,40,3501010,788480,97250.27777777778
2025-04-22,쿠폰 미사용,쿠폰 미사용,35,35,48,2468910,0,70540.28571428571
2025-04-23,쿠폰 사용,쿠폰명 미확인,41,40,54,4197780,658030,102384.87804878049
2025-04-23,쿠폰 미사용,쿠폰 미사용,43,40,77,3338620,0,77642.32558139534
2025-04-24,쿠폰 사용,쿠폰명 미확인,48,47,71,5156340,1350820,107423.75
2025-04-24,쿠폰 미사용,쿠폰 미사용,53,51,68,4029860,0,76035.09433962264
2025-04-25,쿠폰 사용,쿠폰명 미확인,43,43,83,5779260,1342230,134401.39534883722
2025-04-25,쿠폰 미사용,쿠폰 미사용,41,40,54,2887110,0,70417.31707317074
2025-04-26,쿠폰 사용,쿠폰명 미확인,32,32,37,3136600,382550,98018.75
2025-04-26,쿠폰 미사용,쿠폰 미사용,23,23,36,1626240,0,70706.08695652174
2025-04-27,쿠폰 사용,쿠폰명 미확인,46,46,68,5276080,977140,114697.39130434782
2025-04-27,쿠폰 미사용,쿠폰 미사용,33,32,50,3352250,0,101583.33333333333
2025-04-28,쿠폰 사용,쿠폰명 미확인,46,46,55,4644070,638120,100958.04347826086
2025-04-28,쿠폰 미사용,쿠폰 미사용,32,31,36,2356810,0,73650.3125
2025-04-29,쿠폰 사용,쿠폰명 미확인,24,24,33,2641150,1081520,110047.91666666667
2025-04-29,쿠폰 미사용,쿠폰 미사용,25,25,32,1718690,0,68747.6
2025-04-30,쿠폰 미사용,쿠폰 미사용,135,134,176,5744090,0,42548.81481481482
2025-04-30,쿠폰 사용,쿠폰명 미확인,51,51,62,4185820,820780,82074.90196078431
2025-05-01,쿠폰 미사용,쿠폰 미사용,79,79,89,3862040,0,48886.582278481015
2025-05-01,쿠폰 사용,쿠폰명 미확인,45,45,52,3366460,728860,74810.22222222222
2025-05-02,쿠폰 사용,쿠폰명 미확인,24,24,37,3461290,580290,144220.41666666666
2025-05-02,쿠폰 미사용,쿠폰 미사용,44,44,59,2664750,0,60562.5
2025-05-03,쿠폰 사용,쿠폰명 미확인,31,31,43,2844880,573390,91770.32258064517
2025-05-03,쿠폰 미사용,쿠폰 미사용,44,43,54,2484160,0,56458.181818181816
2025-05-04,쿠폰 미사용,쿠폰 미사용,35,35,46,2729750,0,77992.85714285714
2025-05-04,쿠폰 사용,쿠폰명 미확인,25,25,41,2663770,858020,106550.8
2025-05-05,쿠폰 사용,쿠폰명 미확인,31,31,37,2285850,424880,73737.09677419355
2025-05-05,쿠폰 미사용,쿠폰 미사용,30,30,41,2001910,0,66730.33333333333
2025-05-06,쿠폰 미사용,쿠폰 미사용,66,65,75,4464850,0,67649.24242424243
2025-05-06,쿠폰 사용,쿠폰명 미확인,41,41,55,3948020,775290,96293.17073170732
2025-05-07,쿠폰 사용,쿠폰명 미확인,35,35,41,3703250,691210,105807.14285714286
2025-05-07,쿠폰 미사용,쿠폰 미사용,44,44,52,2913350,0,66212.5
2025-05-08,쿠폰 미사용,쿠폰 미사용,28,28,36,2498880,0,89245.71428571429
2025-05-08,쿠폰 사용,쿠폰명 미확인,23,23,33,2180990,392510,94825.65217391304
2025-05-09,쿠폰 사용,쿠폰명 미확인,22,22,34,2525080,786610,114776.36363636363
2025-05-09,쿠폰 미사용,쿠폰 미사용,39,39,47,2179030,0,55872.5641025641
2025-05-10,쿠폰 사용,쿠폰명 미확인,25,25,34,1948740,801920,77949.6
2025-05-10,쿠폰 미사용,쿠폰 미사용,27,27,31,1311750,0,48583.333333333336
2025-05-11,쿠폰 미사용,쿠폰 미사용,341,339,411,14160610,0,41526.715542522
2025-05-11,쿠폰 사용,쿠폰명 미확인,91,91,118,7958290,1844320,87453.73626373627
2025-05-12,쿠폰 사용,쿠폰명 미확인,34,34,56,3018730,805210,88786.17647058824
2025-05-12,쿠폰 미사용,쿠폰 미사용,28,28,41,2141560,0,76484.28571428571
2025-05-13,쿠폰 사용,쿠폰명 미확인,31,31,41,1990280,582540,64202.58064516129
2025-05-13,쿠폰 미사용,쿠폰 미사용,21,20,24,1521560,0,72455.23809523809
2025-05-14,쿠폰 사용,쿠폰명 미확인,29,29,32,3068590,729150,105813.44827586207
2025-05-14,쿠폰 미사용,쿠폰 미사용,30,29,39,2250010,0,75000.33333333333
2025-05-15,쿠폰 사용,쿠폰명 미확인,33,33,45,3525680,550080,106838.78787878787
2025-05-15,쿠폰 미사용,쿠폰 미사용,30,30,39,2077050,0,69235.0
2025-05-16,쿠폰 사용,쿠폰명 미확인,37,35,65,3680590,1424320,99475.4054054054
2025-05-16,쿠폰 미사용,쿠폰 미사용,26,26,33,2042180,0,78545.38461538461
2025-05-17,쿠폰 사용,쿠폰명 미확인,19,19,23,1955910,275950,102942.63157894737
2025-05-17,쿠폰 미사용,쿠폰 미사용,19,18,24,1599810,0,84200.52631578948
2025-05-18,쿠폰 사용,쿠폰명 미확인,27,27,37,2531460,637680,93757.77777777778
2025-05-18,쿠폰 미사용,쿠폰 미사용,20,19,25,1332080,0,66604.0
2025-05-19,쿠폰 사용,쿠폰명 미확인,36,34,42,2412700,695240,67019.44444444444
2025-05-19,쿠폰 미사용,쿠폰 미사용,26,25,30,1976260,0,76010.0
2025-05-20,쿠폰 사용,쿠폰명 미확인,43,42,66,4433260,768200,103099.06976744186
2025-05-20,쿠폰 미사용,쿠폰 미사용,30,30,46,2422420,0,80747.33333333333
2025-05-21,쿠폰 사용,쿠폰명 미확인,40,37,74,6236810,1607880,155920.25
2025-05-21,쿠폰 미사용,쿠폰 미사용,40,39,57,2929440,0,73236.0
2025-05-22,쿠폰 사용,쿠폰명 미확인,29,29,46,3229250,804640,111353.44827586207
2025-05-22,쿠폰 미사용,쿠폰 미사용,32,32,57,3176940,0,99279.375
2025-05-23,쿠폰 사용,쿠폰명 미확인,31,31,36,2589560,838440,83534.19354838709
2025-05-23,쿠폰 미사용,쿠폰 미사용,29,29,38,1913220,0,65973.10344827586
2025-05-24,쿠폰 미사용,쿠폰 미사용,35,33,48,2536280,0,72465.14285714286
2025-05-24,쿠폰 사용,쿠폰명 미확인,19,18,22,1579920,263410,83153.68421052632
2025-05-25,쿠폰 사용,쿠폰명 미확인,43,43,50,3735320,574630,86867.90697674418
2025-05-25,쿠폰 미사용,쿠폰 미사용,17,17,25,1340470,0,78851.17647058824
2025-05-26,쿠폰 사용,쿠폰명 미확인,45,45,76,6186620,1144310,137480.44444444444
2025-05-26,쿠폰 미사용,쿠폰 미사용,37,36,55,2676910,0,72348.91891891892
2025-05-27,쿠폰 사용,쿠폰명 미확인,30,30,42,2756790,682230,91893.0
2025-05-27,쿠폰 미사용,쿠폰 미사용,36,35,43,2598140,0,72170.55555555556
2025-05-28,쿠폰 미사용,쿠폰 미사용,39,39,52,2993010,0,76743.84615384616
2025-05-28,쿠폰 사용,쿠폰명 미확인,26,26,32,1702070,448380,65464.230769230766
2025-05-29,쿠폰 미사용,쿠폰 미사용,61,60,80,4607290,0,75529.34426229508
2025-05-29,쿠폰 사용,쿠폰명 미확인,51,51,63,4441890,869340,87095.88235294117
2025-05-30,쿠폰 사용,쿠폰명 미확인,33,31,43,3120420,692000,94558.18181818182
2025-05-30,쿠폰 미사용,쿠폰 미사용,20,20,23,1147230,0,57361.5
2025-05-31,쿠폰 사용,쿠폰명 미확인,27,27,33,2563110,399720,94930.0
2025-05-31,쿠폰 미사용,쿠폰 미사용,36,36,39,2174530,0,60403.61111111111
2025-06-01,쿠폰 사용,쿠폰명 미확인,38,38,51,2751560,686660,72409.47368421052
2025-06-01,쿠폰 미사용,쿠폰 미사용,33,33,49,2745760,0,83204.84848484848
2025-06-02,쿠폰 사용,쿠폰명 미확인,37,37,45,3183380,951840,86037.2972972973
2025-06-02,쿠폰 미사용,쿠폰 미사용,32,32,47,3038780,0,94961.875
2025-06-03,쿠폰 사용,쿠폰명 미확인,25,25,34,2164970,489330,86598.8
2025-06-03,쿠폰 미사용,쿠폰 미사용,29,29,32,2035530,0,70190.68965517242
2025-06-04,쿠폰 사용,쿠폰명 미확인,28,28,80,5938910,1104170,212103.92857142858
2025-06-04,쿠폰 미사용,쿠폰 미사용,24,24,28,1678220,0,69925.83333333333
2025-06-05,쿠폰 사용,쿠폰명 미확인,19,19,31,2016310,686900,106121.57894736843
2025-06-05,쿠폰 미사용,쿠폰 미사용,22,21,28,1397010,0,63500.454545454544
2025-06-06,쿠폰 사용,쿠폰명 미확인,26,26,29,1891480,326680,72749.23076923077
2025-06-06,쿠폰 미사용,쿠폰 미사용,23,23,30,1280710,0,55683.04347826087
2025-06-07,쿠폰 사용,쿠폰명 미확인,38,37,47,2927120,727290,77029.47368421052
2025-06-07,쿠폰 미사용,쿠폰 미사용,22,22,30,1610220,0,73191.81818181818
2025-06-08,쿠폰 미사용,쿠폰 미사용,68,65,89,5127660,0,75406.76470588235
2025-06-08,쿠폰 사용,쿠폰명 미확인,61,61,81,4901630,850450,80354.59016393442
2025-06-09,쿠폰 사용,쿠폰명 미확인,51,51,78,5632020,1052000,110431.76470588235
2025-06-09,쿠폰 미사용,쿠폰 미사용,32,31,42,2966440,0,92701.25
2025-06-10,쿠폰 사용,쿠폰명 미확인,50,49,63,4048500,1096900,80970.0
2025-06-10,쿠폰 미사용,쿠폰 미사용,30,30,40,2546210,0,84873.66666666667
2025-06-11,쿠폰 사용,쿠폰명 미확인,42,42,67,4867630,884590,115895.95238095238
2025-06-11,쿠폰 미사용,쿠폰 미사용,33,33,41,2174290,0,65887.57575757576
2025-06-12,쿠폰 사용,쿠폰명 미확인,52,52,94,5270380,1000620,101353.46153846153
2025-06-12,쿠폰 미사용,쿠폰 미사용,39,39,47,2988330,0,76623.84615384616
2025-06-13,쿠폰 사용,쿠폰명 미확인,34,34,41,2729520,520000,80280.0
2025-06-13,쿠폰 미사용,쿠폰 미사용,34,34,50,2618120,0,77003.5294117647
2025-06-14,쿠폰 사용,쿠폰명 미확인,53,53,61,4649380,1044420,87724.15094339622
2025-06-14,쿠폰 미사용,쿠폰 미사용,33,33,49,2781150,0,84277.27272727272
2025-06-15,쿠폰 사용,쿠폰명 미확인,59,59,89,5397110,1290620,91476.44067796611
2025-06-15,쿠폰 미사용,쿠폰 미사용,32,32,39,2310860,0,72214.375
2025-06-16,쿠폰 사용,쿠폰명 미확인,47,46,55,3654130,875700,77747.44680851063
2025-06-16,쿠폰 미사용,쿠폰 미사용,30,29,41,2227040,0,74234.66666666667
2025-06-17,쿠폰 사용,쿠폰명 미확인,50,50,177,7750120,5001400,155002.4
2025-06-17,쿠폰 미사용,쿠폰 미사용,34,34,48,2492940,0,73321.76470588235
2025-06-18,쿠폰 미사용,쿠폰 미사용,35,35,58,4208000,0,120228.57142857143
2025-06-18,쿠폰 사용,쿠폰명 미확인,36,36,82,3895950,699930,108220.83333333333
2025-06-19,쿠폰 사용,쿠폰명 미확인,52,51,78,5346980,1100930,102826.53846153847
2025-06-19,쿠폰 미사용,쿠폰 미사용,29,29,42,2843120,0,98038.62068965517
2025-06-20,쿠폰 미사용,쿠폰 미사용,67,65,83,5888820,0,87892.83582089552
2025-06-20,쿠폰 사용,쿠폰명 미확인,65,64,74,5691970,1200840,87568.76923076923
2025-06-21,쿠폰 사용,쿠폰명 미확인,35,35,38,3077320,504640,87923.42857142857
2025-06-21,쿠폰 미사용,쿠폰 미사용,29,28,46,2148700,0,74093.10344827586
2025-06-22,쿠폰 사용,쿠폰명 미확인,47,47,54,4087150,704780,86960.63829787234
2025-06-22,쿠폰 미사용,쿠폰 미사용,25,25,30,2066370,0,82654.8
2025-06-23,쿠폰 사용,쿠폰명 미확인,47,47,58,3607250,769400,76750.0
2025-06-23,쿠폰 미사용,쿠폰 미사용,25,25,37,2348250,0,93930.0
2025-06-24,쿠폰 사용,쿠폰명 미확인,39,39,51,3312770,719110,84942.82051282052
2025-06-24,쿠폰 미사용,쿠폰 미사용,30,29,35,2434010,0,81133.66666666667
2025-06-25,쿠폰 사용,쿠폰명 미확인,44,44,56,3845860,827530,87405.90909090909
2025-06-25,쿠폰 미사용,쿠폰 미사용,32,32,35,2422690,0,75709.0625
2025-06-26,쿠폰 사용,쿠폰명 미확인,46,46,56,4362550,836270,94838.04347826086
2025-06-26,쿠폰 미사용,쿠폰 미사용,21,20,23,1302110,0,62005.23809523809
2025-06-27,쿠폰 사용,쿠폰명 미확인,165,161,194,10934750,1703580,66271.21212121213
2025-06-27,쿠폰 미사용,쿠폰 미사용,35,30,38,2165720,0,61877.71428571428
2025-06-28,쿠폰 사용,쿠폰명 미확인,58,55,76,4510740,997820,77771.37931034483
2025-06-28,쿠폰 미사용,쿠폰 미사용,21,21,27,1325440,0,63116.19047619047
2025-06-29,쿠폰 사용,쿠폰명 미확인,62,62,70,4283150,698950,69083.06451612903
2025-06-29,쿠폰 미사용,쿠폰 미사용,23,22,25,1392500,0,60543.47826086957
2025-06-30,쿠폰 사용,쿠폰명 미확인,58,58,152,8356180,3399800,144072.06896551725
2025-06-30,쿠폰 미사용,쿠폰 미사용,28,26,38,2222210,0,79364.64285714286
2025-07-01,쿠폰 사용,쿠폰명 미확인,47,47,72,4369160,989280,92960.85106382979
2025-07-01,쿠폰 미사용,쿠폰 미사용,22,22,31,1734350,0,78834.09090909091
2025-07-02,쿠폰 사용,쿠폰명 미확인,54,54,68,4012930,801740,74313.51851851853
2025-07-02,쿠폰 미사용,쿠폰 미사용,26,25,40,2177550,0,83751.92307692308
2025-07-03,쿠폰 사용,쿠폰명 미확인,53,53,69,4300540,823000,81142.2641509434
2025-07-03,쿠폰 미사용,쿠폰 미사용,26,25,28,1228360,0,47244.61538461538
2025-07-04,쿠폰 사용,쿠폰명 미확인,57,56,89,4986310,753390,87479.12280701754
2025-07-04,쿠폰 미사용,쿠폰 미사용,49,47,67,3384380,0,69068.97959183673
2025-07-05,쿠폰 사용,쿠폰명 미확인,51,51,80,4824140,771650,94590.98039215687
2025-07-05,쿠폰 미사용,쿠폰 미사용,27,27,36,2210550,0,81872.22222222222
2025-07-06,쿠폰 사용,쿠폰명 미확인,60,60,84,5087100,826060,84785.0
2025-07-06,쿠폰 미사용,쿠폰 미사용,40,40,52,2681920,0,67048.0
2025-07-07,쿠폰 사용,쿠폰명 미확인,59,59,78,4669325,684815,79141.10169491525
2025-07-07,쿠폰 미사용,쿠폰 미사용,54,52,79,4221060,0,78167.77777777778
2025-07-08,쿠폰 사용,쿠폰명 미확인,73,73,105,5968660,1195130,81762.46575342465
2025-07-08,쿠폰 미사용,쿠폰 미사용,40,40,54,3476940,0,86923.5
2025-07-09,쿠폰 사용,쿠폰명 미확인,86,79,135,11275650,1208310,131112.2093023256
2025-07-09,쿠폰 미사용,쿠폰 미사용,56,56,92,5126370,0,91542.32142857143
2025-07-10,쿠폰 사용,쿠폰명 미확인,49,49,62,4567390,751210,93212.04081632652
2025-07-10,쿠폰 미사용,쿠폰 미사용,44,44,71,4384190,0,99640.68181818182
2025-07-11,쿠폰 사용,쿠폰명 미확인,56,54,72,5112550,675060,91295.53571428571
2025-07-11,쿠폰 미사용,쿠폰 미사용,30,30,52,2514000,0,83800.0
2025-07-12,쿠폰 사용,쿠폰명 미확인,42,41,61,4185255,500705,99648.92857142857
2025-07-12,쿠폰 미사용,쿠폰 미사용,38,35,62,3786920,0,99655.78947368421
2025-07-13,쿠폰 사용,쿠폰명 미확인,58,58,92,5091580,763030,87785.86206896552
2025-07-13,쿠폰 미사용,쿠폰 미사용,31,31,47,2624500,0,84661.29032258065
2025-07-14,쿠폰 사용,쿠폰명 미확인,52,45,66,5136700,658950,98782.69230769231
2025-07-14,쿠폰 미사용,쿠폰 미사용,29,29,48,3083320,0,106321.37931034483
2025-07-15,쿠폰 사용,쿠폰명 미확인,45,43,57,4556225,612415,101249.44444444444
2025-07-15,쿠폰 미사용,쿠폰 미사용,32,29,46,2838140,0,88691.875
2025-07-16,쿠폰 사용,쿠폰명 미확인,65,64,98,7717105,1113195,118724.69230769231
2025-07-16,쿠폰 미사용,쿠폰 미사용,29,28,37,2178930,0,75135.5172413793
2025-07-17,쿠폰 사용,쿠폰명 미확인,96,92,157,10286480,1748190,107150.83333333333
2025-07-17,쿠폰 미사용,쿠폰 미사용,58,57,76,4938760,0,85151.03448275862
2025-07-18,쿠폰 사용,쿠폰명 미확인,56,55,68,5215615,953605,93135.98214285714
2025-07-18,쿠폰 미사용,쿠폰 미사용,41,41,56,3098110,0,75563.65853658537
2025-07-19,쿠폰 사용,쿠폰명 미확인,55,54,74,5106165,679095,92839.36363636363
2025-07-19,쿠폰 미사용,쿠폰 미사용,23,22,26,1793370,0,77972.60869565218
2025-07-20,쿠폰 사용,쿠폰명 미확인,60,60,81,5092490,831060,84874.83333333333
2025-07-20,쿠폰 미사용,쿠폰 미사용,40,40,59,3631790,0,90794.75
2025-07-21,쿠폰 사용,쿠폰명 미확인,56,56,79,4995360,947950,89202.85714285714
2025-07-21,쿠폰 미사용,쿠폰 미사용,32,31,43,2807840,0,87745.0
2025-07-22,쿠폰 사용,쿠폰명 미확인,57,57,86,5765485,1100925,101148.85964912281
2025-07-22,쿠폰 미사용,쿠폰 미사용,26,26,35,2057720,0,79143.07692307692
2025-07-23,쿠폰 사용,쿠폰명 미확인,49,49,130,9515125,924465,194186.22448979592
2025-07-23,쿠폰 미사용,쿠폰 미사용,38,37,48,2552440,0,67169.47368421052
2025-07-24,쿠폰 사용,쿠폰명 미확인,41,41,111,8915870,857100,217460.24390243902
2025-07-24,쿠폰 미사용,쿠폰 미사용,30,29,43,2461050,0,82035.0
2025-07-25,쿠폰 사용,쿠폰명 미확인,41,40,54,3697695,735235,90187.68292682926
2025-07-25,쿠폰 미사용,쿠폰 미사용,28,28,40,1790960,0,63962.857142857145
2025-07-26,쿠폰 사용,쿠폰명 미확인,48,48,57,4040625,570675,84179.6875
2025-07-26,쿠폰 미사용,쿠폰 미사용,37,36,50,2773190,0,74951.08108108108
2025-07-27,쿠폰 사용,쿠폰명 미확인,49,48,54,3585730,616940,73178.16326530612
2025-07-27,쿠폰 미사용,쿠폰 미사용,30,30,39,1663620,0,55454.0
2025-07-28,쿠폰 사용,쿠폰명 미확인,66,65,94,5423485,1259615,82174.01515151515
2025-07-28,쿠폰 미사용,쿠폰 미사용,31,31,45,1997150,0,64424.1935483871
2025-07-29,쿠폰 사용,쿠폰명 미확인,58,57,83,4577995,874185,78930.94827586207
2025-07-29,쿠폰 미사용,쿠폰 미사용,32,32,38,2256750,0,70523.4375
2025-07-30,쿠폰 사용,쿠폰명 미확인,66,65,102,6864440,1238880,104006.66666666667
2025-07-30,쿠폰 미사용,쿠폰 미사용,28,28,39,2177140,0,77755.0
2025-07-31,쿠폰 사용,쿠폰명 미확인,59,58,75,5046915,797805,85540.93220338984
2025-07-31,쿠폰 미사용,쿠폰 미사용,32,32,46,2486470,0,77702.1875
2025-08-01,쿠폰 사용,쿠폰명 미확인,56,56,104,6294780,1212960,112406.78571428571
2025-08-01,쿠폰 미사용,쿠폰 미사용,38,38,58,2935850,0,77259.21052631579
2025-08-02,쿠폰 사용,쿠폰명 미확인,41,41,70,3958460,736530,96547.80487804877
2025-08-02,쿠폰 미사용,쿠폰 미사용,23,23,26,1550730,0,67423.04347826086
2025-08-03,쿠폰 사용,쿠폰명 미확인,58,56,70,5139400,1009580,88610.3448275862
2025-08-03,쿠폰 미사용,쿠폰 미사용,30,29,38,2226940,0,74231.33333333333
2025-08-04,쿠폰 사용,쿠폰명 미확인,40,40,50,3086110,745630,77152.75
2025-08-04,쿠폰 미사용,쿠폰 미사용,22,22,32,1932430,0,87837.72727272728
2025-08-05,쿠폰 사용,쿠폰명 미확인,37,36,51,2477390,502180,66956.48648648648
2025-08-05,쿠폰 미사용,쿠폰 미사용,29,29,40,2180900,0,75203.44827586207
2025-08-06,쿠폰 사용,쿠폰명 미확인,46,45,58,3444650,665690,74883.69565217392
2025-08-06,쿠폰 미사용,쿠폰 미사용,34,33,47,2367620,0,69635.88235294117
2025-08-07,쿠폰 사용,쿠폰명 미확인,40,40,54,3233730,711310,80843.25
2025-08-07,쿠폰 미사용,쿠폰 미사용,36,36,53,2719780,0,75549.44444444444
2025-08-08,쿠폰 사용,쿠폰명 미확인,35,34,200,8398180,1883230,239948.0
2025-08-08,쿠폰 미사용,쿠폰 미사용,19,19,26,1143290,0,60173.15789473684
2025-08-09,쿠폰 사용,쿠폰명 미확인,37,32,63,3952890,1225450,106834.86486486487
2025-08-09,쿠폰 미사용,쿠폰 미사용,17,17,23,1451140,0,85361.17647058824
2025-08-10,쿠폰 사용,쿠폰명 미확인,27,27,47,2248660,415090,83283.70370370371
2025-08-10,쿠폰 미사용,쿠폰 미사용,29,28,38,2138750,0,73750.0
2025-08-11,쿠폰 미사용,쿠폰 미사용,24,23,33,1658230,0,69092.91666666667
2025-08-11,쿠폰 사용,쿠폰명 미확인,22,22,30,1623630,307040,73801.36363636363
2025-08-12,쿠폰 사용,쿠폰명 미확인,27,27,34,2344340,514020,86827.4074074074
2025-08-12,쿠폰 미사용,쿠폰 미사용,19,19,30,1338300,0,70436.84210526316
2025-08-13,쿠폰 사용,쿠폰명 미확인,35,35,52,2996820,569040,85623.42857142857
2025-08-13,쿠폰 미사용,쿠폰 미사용,23,22,33,1469620,0,63896.52173913043
2025-08-14,쿠폰 사용,쿠폰명 미확인,20,20,21,1355900,300060,67795.0
2025-08-14,쿠폰 미사용,쿠폰 미사용,13,13,21,992000,0,76307.69230769231
2025-08-15,쿠폰 사용,쿠폰명 미확인,32,32,40,2272910,382840,71028.4375
2025-08-15,쿠폰 미사용,쿠폰 미사용,14,13,19,897640,0,64117.142857142855
2025-08-16,쿠폰 사용,쿠폰명 미확인,32,32,38,2289350,536520,71542.1875
2025-08-16,쿠폰 미사용,쿠폰 미사용,21,21,29,1648450,0,78497.61904761905
2025-08-17,쿠폰 사용,쿠폰명 미확인,36,36,53,3007380,552890,83538.33333333333
2025-08-17,쿠폰 미사용,쿠폰 미사용,17,17,22,1669320,0,98195.29411764706
2025-08-18,쿠폰 미사용,쿠폰 미사용,18,17,24,1650870,0,91715.0
2025-08-18,쿠폰 사용,쿠폰명 미확인,26,26,34,1554420,273460,59785.38461538462
2025-08-19,쿠폰 사용,쿠폰명 미확인,31,31,189,10819520,1310280,349016.77419354836
2025-08-19,쿠폰 미사용,쿠폰 미사용,17,17,17,954800,0,56164.705882352944
2025-08-20,쿠폰 사용,쿠폰명 미확인,41,39,64,4960120,856720,120978.53658536586
2025-08-20,쿠폰 미사용,쿠폰 미사용,16,16,24,1440020,0,90001.25
2025-08-21,쿠폰 사용,쿠폰명 미확인,34,34,38,3027540,557650,89045.29411764706
2025-08-21,쿠폰 미사용,쿠폰 미사용,26,26,37,1821000,0,70038.46153846153
2025-08-22,쿠폰 사용,쿠폰명 미확인,24,23,34,2043880,811290,85161.66666666667
2025-08-22,쿠폰 미사용,쿠폰 미사용,19,19,25,1511270,0,79540.52631578948
2025-08-23,쿠폰 사용,쿠폰명 미확인,30,30,41,3172690,828800,105756.33333333333
2025-08-23,쿠폰 미사용,쿠폰 미사용,27,27,36,1759670,0,65172.96296296296
2025-08-24,쿠폰 사용,쿠폰명 미확인,32,32,38,2715210,421240,84850.3125
2025-08-24,쿠폰 미사용,쿠폰 미사용,26,26,39,2055010,0,79038.84615384616
2025-08-25,쿠폰 미사용,쿠폰 미사용,27,27,39,2423670,0,89765.55555555556
2025-08-25,쿠폰 사용,쿠폰명 미확인,34,34,42,2387880,612340,70231.76470588235
2025-08-26,쿠폰 사용,쿠폰명 미확인,32,32,39,2273220,599970,71038.125
2025-08-26,쿠폰 미사용,쿠폰 미사용,18,18,36,1544230,0,85790.55555555556
2025-08-27,쿠폰 사용,쿠폰명 미확인,30,30,38,2601800,583870,86726.66666666667
2025-08-27,쿠폰 미사용,쿠폰 미사용,16,16,24,1252630,0,78289.375
2025-08-28,쿠폰 사용,쿠폰명 미확인,34,34,44,3170400,594650,93247.05882352941
2025-08-28,쿠폰 미사용,쿠폰 미사용,26,26,38,2100240,0,80778.46153846153
2025-08-29,쿠폰 사용,쿠폰명 미확인,21,21,29,2314220,463240,110200.95238095238
2025-08-29,쿠폰 미사용,쿠폰 미사용,20,20,22,1591250,0,79562.5
2025-08-30,쿠폰 사용,쿠폰명 미확인,33,33,39,2780370,452040,84253.63636363637
2025-08-30,쿠폰 미사용,쿠폰 미사용,21,21,26,1343380,0,63970.47619047619
2025-08-31,쿠폰 사용,쿠폰명 미확인,28,28,32,2375380,410480,84835.0
2025-08-31,쿠폰 미사용,쿠폰 미사용,21,21,32,1639230,0,78058.57142857143
2025-09-01,쿠폰 사용,쿠폰명 미확인,42,42,84,4866780,810780,115875.71428571429
2025-09-01,쿠폰 미사용,쿠폰 미사용,29,29,51,1947160,0,67143.44827586207
2025-09-02,쿠폰 사용,쿠폰명 미확인,38,38,48,2990550,555310,78698.68421052632
2025-09-02,쿠폰 미사용,쿠폰 미사용,24,23,33,1369300,0,57054.166666666664
2025-09-03,쿠폰 사용,쿠폰명 미확인,45,45,71,4338270,1081570,96406.0
2025-09-03,쿠폰 미사용,쿠폰 미사용,21,20,24,1143540,0,54454.28571428572
2025-09-04,쿠폰 사용,쿠폰명 미확인,30,30,42,2836700,595580,94556.66666666667
2025-09-04,쿠폰 미사용,쿠폰 미사용,35,33,58,2571730,0,73478.0
2025-09-05,쿠폰 사용,쿠폰명 미확인,33,33,38,2930960,571000,88816.9696969697
2025-09-05,쿠폰 미사용,쿠폰 미사용,19,19,32,1713330,0,90175.26315789473
2025-09-06,쿠폰 사용,쿠폰명 미확인,35,35,46,2952700,518620,84362.85714285714
2025-09-06,쿠폰 미사용,쿠폰 미사용,17,17,19,1173970,0,69057.05882352941
2025-09-07,쿠폰 사용,쿠폰명 미확인,48,48,56,3843190,576760,80066.45833333333
2025-09-07,쿠폰 미사용,쿠폰 미사용,27,27,35,2207000,0,81740.74074074074
2025-09-08,쿠폰 사용,쿠폰명 미확인,47,47,56,4031890,687610,85784.89361702128
2025-09-08,쿠폰 미사용,쿠폰 미사용,21,21,25,1694110,0,80671.90476190476
2025-09-09,쿠폰 사용,쿠폰명 미확인,47,36,61,6773240,3145120,144111.48936170212
2025-09-09,쿠폰 미사용,쿠폰 미사용,30,30,44,1889310,0,62977.0
2025-09-10,쿠폰 사용,쿠폰명 미확인,34,34,50,4114090,643310,121002.64705882352
2025-09-10,쿠폰 미사용,쿠폰 미사용,21,21,27,1401080,0,66718.09523809524
2025-09-11,쿠폰 미사용,쿠폰 미사용,23,22,32,1808830,0,78644.78260869565
2025-09-11,쿠폰 사용,쿠폰명 미확인,25,25,25,1733960,314630,69358.4
2025-09-12,쿠폰 사용,쿠폰명 미확인,32,31,39,3101830,577060,96932.1875
2025-09-12,쿠폰 미사용,쿠폰 미사용,12,12,22,1290720,0,107560.0
2025-09-13,쿠폰 사용,쿠폰명 미확인,22,21,23,2002900,351320,91040.90909090909
2025-09-13,쿠폰 미사용,쿠폰 미사용,14,14,20,1108050,0,79146.42857142857
2025-09-14,쿠폰 사용,쿠폰명 미확인,30,29,39,2650920,549370,88364.0
2025-09-14,쿠폰 미사용,쿠폰 미사용,18,18,22,1213350,0,67408.33333333333
2025-09-15,쿠폰 사용,쿠폰명 미확인,59,59,76,5690390,909060,96447.28813559322
2025-09-15,쿠폰 미사용,쿠폰 미사용,75,72,116,4893910,0,65252.13333333333
2025-09-16,쿠폰 사용,쿠폰명 미확인,50,50,163,12943960,1826930,258879.2
2025-09-16,쿠폰 미사용,쿠폰 미사용,32,32,42,1921690,0,60052.8125
2025-09-17,쿠폰 사용,쿠폰명 미확인,46,46,127,6064600,1815920,131839.13043478262
2025-09-17,쿠폰 미사용,쿠폰 미사용,30,30,39,2463260,0,82108.66666666667
2025-09-18,쿠폰 미사용,쿠폰 미사용,70,70,98,5683610,0,81194.42857142857
2025-09-18,쿠폰 사용,쿠폰명 미확인,53,53,74,5121240,1298150,96627.16981132075
2025-09-19,쿠폰 미사용,쿠폰 미사용,58,58,81,7085130,0,122157.41379310345
2025-09-19,쿠폰 사용,쿠폰명 미확인,46,46,71,5298690,837620,115188.91304347826
2025-09-20,쿠폰 미사용,쿠폰 미사용,35,35,52,3904970,0,111570.57142857143
2025-09-20,쿠폰 사용,쿠폰명 미확인,32,32,39,3115850,528280,97370.3125
2025-09-21,쿠폰 사용,쿠폰명 미확인,64,64,84,6095680,1014720,95245.0
2025-09-21,쿠폰 미사용,쿠폰 미사용,46,46,62,4409140,0,95850.86956521739
2025-09-22,쿠폰 사용,쿠폰명 미확인,54,54,70,4893480,995010,90620.0
2025-09-22,쿠폰 미사용,쿠폰 미사용,42,42,68,3570950,0,85022.61904761905
2025-09-23,쿠폰 사용,쿠폰명 미확인,68,67,102,6027416,1466374,88638.4705882353
2025-09-23,쿠폰 미사용,쿠폰 미사용,74,74,114,4890230,0,66084.18918918919
2025-09-24,쿠폰 사용,쿠폰명 미확인,59,59,69,5040420,1145070,85430.84745762713
2025-09-24,쿠폰 미사용,쿠폰 미사용,50,50,63,3309770,0,66195.4
2025-09-25,쿠폰 사용,쿠폰명 미확인,77,77,87,8000480,1815090,103902.33766233767
2025-09-25,쿠폰 미사용,쿠폰 미사용,70,70,83,4950470,0,70721.0
2025-09-26,쿠폰 사용,쿠폰명 미확인,43,43,63,4294880,1052740,99880.93023255814
2025-09-26,쿠폰 미사용,쿠폰 미사용,42,42,58,4137050,0,98501.19047619047
2025-09-27,쿠폰 사용,쿠폰명 미확인,36,36,40,3176900,501860,88247.22222222222
2025-09-27,쿠폰 미사용,쿠폰 미사용,36,36,44,2395980,0,66555.0
2025-09-28,쿠폰 사용,쿠폰명 미확인,90,90,131,9328870,2517550,103654.11111111111
2025-09-28,쿠폰 미사용,쿠폰 미사용,127,127,177,7189060,0,56606.77165354331
2025-09-29,쿠폰 사용,쿠폰명 미확인,37,37,44,3713610,603130,100367.83783783784
2025-09-29,쿠폰 미사용,쿠폰 미사용,32,32,44,3616740,0,113023.125
2025-09-30,쿠폰 사용,쿠폰명 미확인,45,44,62,4930610,1337470,109569.11111111111
2025-09-30,쿠폰 미사용,쿠폰 미사용,37,37,48,3187340,0,86144.32432432432
2025-10-01,쿠폰 미사용,쿠폰 미사용,183,181,250,9154950,0,50027.04918032787
2025-10-01,쿠폰 사용,쿠폰명 미확인,74,74,80,5790260,971720,78246.75675675676
2025-10-02,쿠폰 미사용,쿠폰 미사용,76,76,103,4674400,0,61505.26315789474
2025-10-02,쿠폰 사용,쿠폰명 미확인,46,46,53,3471840,674480,75474.78260869565
2025-10-03,쿠폰 미사용,쿠폰 미사용,47,47,67,3577240,0,76111.48936170213
2025-10-03,쿠폰 사용,쿠폰명 미확인,36,36,43,2402510,437570,66736.38888888889
2025-10-04,쿠폰 사용,쿠폰명 미확인,30,30,35,2559590,409320,85319.66666666667
2025-10-04,쿠폰 미사용,쿠폰 미사용,40,40,45,2550210,0,63755.25
2025-10-05,쿠폰 사용,쿠폰명 미확인,37,36,47,3556080,847650,96110.27027027027
2025-10-05,쿠폰 미사용,쿠폰 미사용,49,49,69,3112690,0,63524.28571428572
2025-10-06,쿠폰 미사용,쿠폰 미사용,47,47,60,3225700,0,68631.91489361702
2025-10-06,쿠폰 사용,쿠폰명 미확인,25,25,33,2011160,354780,80446.4
2025-10-07,쿠폰 사용,쿠폰명 미확인,34,34,41,3345510,752500,98397.35294117648
2025-10-07,쿠폰 미사용,쿠폰 미사용,44,44,57,2556210,0,58095.681818181816
2025-10-08,쿠폰 미사용,쿠폰 미사용,39,39,70,4513500,0,115730.76923076923
2025-10-08,쿠폰 사용,쿠폰명 미확인,29,29,35,2777210,497540,95765.86206896552
2025-10-09,쿠폰 사용,쿠폰명 미확인,61,61,81,6210030,990650,101803.77049180328
2025-10-09,쿠폰 미사용,쿠폰 미사용,49,49,69,3447180,0,70350.61224489796
2025-10-10,쿠폰 사용,쿠폰명 미확인,50,49,62,3885750,1016480,77715.0
2025-10-10,쿠폰 미사용,쿠폰 미사용,49,49,65,3649030,0,74470.0
2025-10-11,쿠폰 미사용,쿠폰 미사용,52,52,76,3613110,0,69482.88461538461
2025-10-11,쿠폰 사용,쿠폰명 미확인,34,32,36,3146080,605230,92531.76470588235
2025-10-12,쿠폰 미사용,쿠폰 미사용,836,833,1097,33080450,0,39569.916267942586
2025-10-12,쿠폰 사용,쿠폰명 미확인,242,241,290,15813720,3086760,65345.95041322314
2025-10-13,쿠폰 사용,쿠폰명 미확인,39,37,49,4450610,1108600,114118.20512820513
2025-10-13,쿠폰 미사용,쿠폰 미사용,33,33,41,2776220,0,84127.87878787878
2025-10-14,쿠폰 사용,쿠폰명 미확인,32,31,46,3168810,1041230,99025.3125
2025-10-14,쿠폰 미사용,쿠폰 미사용,26,26,34,2561820,0,98531.53846153847
2025-10-15,쿠폰 사용,쿠폰명 미확인,43,43,57,4422500,956340,102848.83720930232
2025-10-15,쿠폰 미사용,쿠폰 미사용,24,24,26,1887480,0,78645.0
2025-10-16,쿠폰 사용,쿠폰명 미확인,34,34,42,3360360,583510,98834.11764705883
2025-10-16,쿠폰 미사용,쿠폰 미사용,23,23,25,1810500,0,78717.39130434782
2025-10-17,쿠폰 사용,쿠폰명 미확인,51,51,57,5914748,1188570,115975.45098039215
2025-10-17,쿠폰 미사용,쿠폰 미사용,30,30,35,2734318,0,91143.93333333333
2025-10-18,쿠폰 사용,쿠폰명 미확인,40,40,48,4666090,697370,116652.25
2025-10-18,쿠폰 미사용,쿠폰 미사용,39,38,43,2963030,0,75975.1282051282
2025-10-19,쿠폰 사용,쿠폰명 미확인,46,46,76,6357050,1014760,138196.73913043478
2025-10-19,쿠폰 미사용,쿠폰 미사용,42,41,51,3458540,0,82346.19047619047
2025-10-20,쿠폰 사용,쿠폰명 미확인,62,55,84,8799650,2786440,141929.83870967742
2025-10-20,쿠폰 미사용,쿠폰 미사용,30,29,45,3449000,0,114966.66666666667
2025-10-21,쿠폰 사용,쿠폰명 미확인,80,80,111,12429610,2196850,155370.125
2025-10-21,쿠폰 미사용,쿠폰 미사용,47,46,59,4094730,0,87121.91489361702
2025-10-22,쿠폰 사용,쿠폰명 미확인,49,49,68,6438190,798370,131391.6326530612
2025-10-22,쿠폰 미사용,쿠폰 미사용,30,30,37,2993600,0,99786.66666666667
2025-10-23,쿠폰 사용,쿠폰명 미확인,51,51,81,7719170,991930,151356.27450980392
2025-10-23,쿠폰 미사용,쿠폰 미사용,36,36,45,3352710,0,93130.83333333333
2025-10-24,쿠폰 사용,쿠폰명 미확인,41,41,58,5481320,1641730,133690.73170731709
2025-10-24,쿠폰 미사용,쿠폰 미사용,25,25,38,3473370,0,138934.8
2025-10-25,쿠폰 사용,쿠폰명 미확인,27,27,37,3307170,574840,122487.77777777778
2025-10-25,쿠폰 미사용,쿠폰 미사용,19,19,27,2218340,0,116754.73684210527
2025-10-26,쿠폰 사용,쿠폰명 미확인,56,56,73,7819170,1049000,139628.0357142857
2025-10-26,쿠폰 미사용,쿠폰 미사용,19,19,28,1985080,0,104477.8947368421
2025-10-27,쿠폰 사용,쿠폰명 미확인,82,81,132,13332280,2538790,162588.78048780488
2025-10-27,쿠폰 미사용,쿠폰 미사용,45,44,55,3954890,0,87886.44444444444
2025-10-28,쿠폰 사용,쿠폰명 미확인,70,67,97,11251490,2620070,160735.57142857142
2025-10-28,쿠폰 미사용,쿠폰 미사용,25,25,35,2642230,0,105689.2
2025-10-29,쿠폰 사용,쿠폰명 미확인,57,56,81,8059400,2648200,141392.98245614034
2025-10-29,쿠폰 미사용,쿠폰 미사용,34,33,43,2851300,0,83861.76470588235
2025-10-30,쿠폰 사용,쿠폰명 미확인,43,42,177,9172750,1768580,213319.76744186046
2025-10-30,쿠폰 미사용,쿠폰 미사용,20,20,23,1532980,0,76649.0
2025-10-31,쿠폰 사용,쿠폰명 미확인,50,50,73,7977310,1512260,159546.2
2025-10-31,쿠폰 미사용,쿠폰 미사용,23,23,30,1503300,0,65360.86956521739
2025-11-01,쿠폰 사용,쿠폰명 미확인,36,35,44,4122220,737740,114506.11111111111
2025-11-01,쿠폰 미사용,쿠폰 미사용,13,13,17,1113720,0,85670.76923076923
2025-11-02,쿠폰 사용,쿠폰명 미확인,55,55,69,8083500,1717590,146972.72727272726
2025-11-02,쿠폰 미사용,쿠폰 미사용,22,22,26,1620580,0,73662.72727272728
2025-11-03,쿠폰 사용,쿠폰명 미확인,67,66,84,10874960,2338630,162312.83582089553
2025-11-03,쿠폰 미사용,쿠폰 미사용,43,43,57,3914760,0,91040.93023255814
2025-11-04,쿠폰 사용,쿠폰명 미확인,63,60,77,9771150,1612950,155097.61904761905
2025-11-04,쿠폰 미사용,쿠폰 미사용,26,25,36,2381900,0,91611.53846153847
2025-11-05,쿠폰 사용,쿠폰명 미확인,41,41,63,6340420,1009060,154644.39024390245
2025-11-05,쿠폰 미사용,쿠폰 미사용,31,31,40,2776120,0,89552.25806451614
2025-11-06,쿠폰 사용,쿠폰명 미확인,37,37,47,3915110,828010,105813.78378378379
2025-11-06,쿠폰 미사용,쿠폰 미사용,22,21,27,1465290,0,66604.09090909091
2025-11-07,쿠폰 사용,쿠폰명 미확인,37,36,48,4861430,950330,131390.0
2025-11-07,쿠폰 미사용,쿠폰 미사용,18,18,22,1298750,0,72152.77777777778
2025-11-08,쿠폰 사용,쿠폰명 미확인,27,27,44,4061490,1626290,150425.55555555556
2025-11-08,쿠폰 미사용,쿠폰 미사용,14,14,19,1183950,0,84567.85714285714
2025-11-09,쿠폰 사용,쿠폰명 미확인,52,52,63,5633220,1292410,108331.15384615384
2025-11-09,쿠폰 미사용,쿠폰 미사용,28,28,35,2277190,0,81328.21428571429
2025-11-10,쿠폰 사용,쿠폰명 미확인,63,62,72,9054690,2685480,143725.2380952381
2025-11-10,쿠폰 미사용,쿠폰 미사용,39,38,45,2404840,0,61662.5641025641
2025-11-11,쿠폰 사용,쿠폰명 미확인,65,64,100,10742900,3947550,165275.38461538462
2025-11-11,쿠폰 미사용,쿠폰 미사용,21,21,32,1526630,0,72696.66666666667
2025-11-12,쿠폰 사용,쿠폰명 미확인,59,56,107,8606420,2264350,145871.5254237288
2025-11-12,쿠폰 미사용,쿠폰 미사용,23,22,29,1339280,0,58229.565217391304
2025-11-13,쿠폰 사용,쿠폰명 미확인,50,49,64,7435130,956200,148702.6
2025-11-13,쿠폰 미사용,쿠폰 미사용,22,22,26,1848600,0,84027.27272727272
2025-11-14,쿠폰 사용,쿠폰명 미확인,60,59,77,9479880,2002650,157998.0
2025-11-14,쿠폰 미사용,쿠폰 미사용,20,20,27,1445130,0,72256.5
2025-11-15,쿠폰 사용,쿠폰명 미확인,38,38,54,8156100,2542670,214634.2105263158
2025-11-15,쿠폰 미사용,쿠폰 미사용,17,17,21,1277150,0,75126.4705882353
2025-11-16,쿠폰 사용,쿠폰명 미확인,48,47,73,7274250,1640210,151546.875
2025-11-16,쿠폰 미사용,쿠폰 미사용,21,21,27,2126920,0,101281.90476190476
2025-11-17,쿠폰 사용,쿠폰명 미확인,76,76,106,13830580,2254710,181981.31578947368
2025-11-17,쿠폰 미사용,쿠폰 미사용,23,23,31,1760620,0,76548.69565217392
2025-11-18,쿠폰 사용,쿠폰명 미확인,76,74,92,11667020,3270190,153513.42105263157
2025-11-18,쿠폰 미사용,쿠폰 미사용,28,28,31,2205410,0,78764.64285714286
2025-11-19,쿠폰 사용,쿠폰명 미확인,69,67,103,9286890,3079140,134592.60869565216
2025-11-19,쿠폰 미사용,쿠폰 미사용,32,32,41,2420440,0,75638.75
2025-11-20,쿠폰 사용,쿠폰명 미확인,46,46,61,7733680,1780690,168123.47826086957
2025-11-20,쿠폰 미사용,쿠폰 미사용,19,19,23,1343990,0,70736.31578947368
2025-11-21,쿠폰 사용,쿠폰명 미확인,119,117,164,19411295,3332925,163120.12605042016
2025-11-21,쿠폰 미사용,쿠폰 미사용,114,114,140,12494870,0,109604.12280701754
2025-11-22,쿠폰 사용,쿠폰명 미확인,93,92,117,17271575,2465275,185715.86021505378
2025-11-22,쿠폰 미사용,쿠폰 미사용,51,51,65,4899020,0,96059.2156862745
2025-11-23,쿠폰 사용,쿠폰명 미확인,114,114,140,17475080,2403460,153290.1754385965
2025-11-23,쿠폰 미사용,쿠폰 미사용,85,83,107,7393510,0,86982.4705882353
2025-11-24,쿠폰 사용,쿠폰명 미확인,102,101,126,15188795,2602785,148909.75490196078
2025-11-24,쿠폰 미사용,쿠폰 미사용,59,59,83,6313580,0,107009.83050847458
2025-11-25,쿠폰 사용,쿠폰명 미확인,98,94,143,17612110,2349570,179715.4081632653
2025-11-25,쿠폰 미사용,쿠폰 미사용,70,70,92,6730420,0,96148.85714285714
2025-11-26,쿠폰 사용,쿠폰명 미확인,111,110,156,22820005,3280975,205585.63063063062
2025-11-26,쿠폰 미사용,쿠폰 미사용,50,49,66,4962260,0,99245.2
2025-11-27,쿠폰 사용,쿠폰명 미확인,125,125,179,20636880,3624390,165095.04
2025-11-27,쿠폰 미사용,쿠폰 미사용,92,91,147,10756990,0,116923.80434782608
2025-11-28,쿠폰 사용,쿠폰명 미확인,119,118,201,31393370,3992070,263809.8319327731
2025-11-28,쿠폰 미사용,쿠폰 미사용,46,45,55,3824610,0,83143.69565217392
2025-11-29,쿠폰 사용,쿠폰명 미확인,125,124,174,20593910,3078450,164751.28
2025-11-29,쿠폰 미사용,쿠폰 미사용,43,42,55,5162800,0,120065.11627906977
2025-11-30,쿠폰 사용,쿠폰명 미확인,228,228,290,39314530,5143840,172432.14912280702
2025-11-30,쿠폰 미사용,쿠폰 미사용,154,150,199,14200080,0,92208.31168831169
2025-12-01,쿠폰 사용,쿠폰명 미확인,55,55,63,6937240,1957770,126131.63636363637
2025-12-01,쿠폰 미사용,쿠폰 미사용,30,30,39,2188600,0,72953.33333333333
2025-12-02,쿠폰 사용,쿠폰명 미확인,61,60,112,9960240,1871340,163282.62295081967
2025-12-02,쿠폰 미사용,쿠폰 미사용,19,19,24,1621360,0,85334.73684210527
2025-12-03,쿠폰 사용,쿠폰명 미확인,84,82,216,14028740,3007630,167008.80952380953
2025-12-03,쿠폰 미사용,쿠폰 미사용,34,33,50,2546390,0,74893.82352941176
2025-12-04,쿠폰 사용,쿠폰명 미확인,125,124,224,36195390,4932600,289563.12
2025-12-04,쿠폰 미사용,쿠폰 미사용,79,78,109,9319390,0,117966.96202531646
2025-12-05,쿠폰 사용,쿠폰명 미확인,106,106,134,12828740,2038440,121025.84905660378
2025-12-05,쿠폰 미사용,쿠폰 미사용,60,58,91,7182460,0,119707.66666666667
2025-12-06,쿠폰 사용,쿠폰명 미확인,100,100,132,18778570,2450810,187785.7
2025-12-06,쿠폰 미사용,쿠폰 미사용,39,37,44,4084090,0,104720.2564102564
2025-12-07,쿠폰 사용,쿠폰명 미확인,118,116,157,21381500,3430600,181199.15254237287
2025-12-07,쿠폰 미사용,쿠폰 미사용,45,45,61,6377050,0,141712.22222222222
2025-12-08,쿠폰 사용,쿠폰명 미확인,87,87,104,15921710,2356400,183008.16091954024
2025-12-08,쿠폰 미사용,쿠폰 미사용,36,36,54,3500930,0,97248.05555555556
2025-12-09,쿠폰 사용,쿠폰명 미확인,79,78,114,12394160,2164320,156888.1012658228
2025-12-09,쿠폰 미사용,쿠폰 미사용,40,40,52,3727740,0,93193.5
2025-12-10,쿠폰 사용,쿠폰명 미확인,57,57,68,9242970,1581570,162157.36842105264
2025-12-10,쿠폰 미사용,쿠폰 미사용,28,27,58,4139640,0,147844.2857142857
2025-12-11,쿠폰 사용,쿠폰명 미확인,85,85,94,11852550,1804720,139441.76470588235
2025-12-11,쿠폰 미사용,쿠폰 미사용,29,29,34,2980850,0,102787.93103448275
2025-12-12,쿠폰 미사용,쿠폰 미사용,71,64,105,15675270,0,220778.45070422534
2025-12-12,쿠폰 사용,쿠폰명 미확인,51,50,58,8112450,1599090,159067.64705882352
2025-12-13,쿠폰 사용,쿠폰명 미확인,83,82,98,11857800,2203610,142865.06024096385
2025-12-13,쿠폰 미사용,쿠폰 미사용,36,36,54,7748580,0,215238.33333333334
2025-12-14,쿠폰 사용,쿠폰명 미확인,103,103,132,16690560,2293660,162044.2718446602
2025-12-14,쿠폰 미사용,쿠폰 미사용,53,53,78,7302030,0,137774.15094339623
2025-12-15,쿠폰 사용,쿠폰명 미확인,108,108,133,13981620,2119200,129459.44444444444
2025-12-15,쿠폰 미사용,쿠폰 미사용,121,117,198,13293840,0,109866.44628099173
2025-12-16,쿠폰 사용,쿠폰명 미확인,84,84,104,13105300,2033200,156015.47619047618
2025-12-16,쿠폰 미사용,쿠폰 미사용,68,67,85,7203400,0,105932.35294117648
2025-12-17,쿠폰 사용,쿠폰명 미확인,67,67,116,16382690,2220860,244517.76119402985
2025-12-17,쿠폰 미사용,쿠폰 미사용,63,62,94,7229040,0,114746.66666666667
2025-12-18,쿠폰 사용,쿠폰명 미확인,66,66,89,9351330,1249590,141686.81818181818
2025-12-18,쿠폰 미사용,쿠폰 미사용,67,66,97,5876130,0,87703.4328358209
2025-12-19,쿠폰 사용,쿠폰명 미확인,55,55,67,9555830,1249700,173742.36363636365
2025-12-19,쿠폰 미사용,쿠폰 미사용,51,51,67,6026740,0,118171.37254901961
2025-12-20,쿠폰 사용,쿠폰명 미확인,60,60,71,8736750,1229780,145612.5
2025-12-20,쿠폰 미사용,쿠폰 미사용,41,41,62,3874350,0,94496.34146341463
2025-12-21,쿠폰 사용,쿠폰명 미확인,74,74,95,11429730,1826940,154455.8108108108
2025-12-21,쿠폰 미사용,쿠폰 미사용,58,58,92,5893090,0,101605.0
2025-12-22,쿠폰 사용,쿠폰명 미확인,80,80,112,13638730,2437780,170484.125
2025-12-22,쿠폰 미사용,쿠폰 미사용,49,48,67,3601660,0,73503.26530612246
2025-12-23,쿠폰 사용,쿠폰명 미확인,76,76,90,8329420,1446320,109597.63157894737
2025-12-23,쿠폰 미사용,쿠폰 미사용,70,67,100,6588550,0,94122.14285714286
2025-12-24,쿠폰 사용,쿠폰명 미확인,54,54,86,15756920,2051410,291794.81481481483
2025-12-24,쿠폰 미사용,쿠폰 미사용,48,47,61,4658830,0,97058.95833333333
2025-12-25,쿠폰 사용,쿠폰명 미확인,75,75,98,13029110,1770330,173721.46666666667
2025-12-25,쿠폰 미사용,쿠폰 미사용,46,46,64,4027700,0,87558.69565217392
2025-12-26,쿠폰 사용,쿠폰명 미확인,78,78,113,15692090,2351030,201180.64102564103
2025-12-26,쿠폰 미사용,쿠폰 미사용,64,63,95,6011370,0,93927.65625
2025-12-27,쿠폰 사용,쿠폰명 미확인,64,64,76,8797020,1189790,137453.4375
2025-12-27,쿠폰 미사용,쿠폰 미사용,44,44,61,4310180,0,97958.63636363637
2025-12-28,쿠폰 사용,쿠폰명 미확인,91,91,124,13458150,1910100,147891.75824175825
2025-12-28,쿠폰 미사용,쿠폰 미사용,39,39,57,3488640,0,89452.30769230769
2025-12-29,쿠폰 사용,쿠폰명 미확인,67,67,82,10286370,1798150,153527.91044776118
2025-12-29,쿠폰 미사용,쿠폰 미사용,29,28,43,3747140,0,129211.72413793103
2025-12-30,쿠폰 사용,쿠폰명 미확인,82,82,98,9849930,1858800,120121.09756097561
2025-12-30,쿠폰 미사용,쿠폰 미사용,36,35,45,3796360,0,105454.44444444444
2025-12-31,쿠폰 사용,쿠폰명 미확인,84,75,151,11638490,2103390,138553.45238095237
2025-12-31,쿠폰 미사용,쿠폰 미사용,54,54,68,5208930,0,96461.66666666667
2026-01-01,쿠폰 사용,쿠폰명 미확인,75,74,95,10289110,1595560,137188.13333333333
2026-01-01,쿠폰 미사용,쿠폰 미사용,38,38,48,3967700,0,104413.15789473684
2026-01-02,쿠폰 사용,쿠폰명 미확인,68,68,88,8049440,1315700,118374.11764705883
2026-01-02,쿠폰 미사용,쿠폰 미사용,34,33,42,4830570,0,142075.58823529413
2026-01-03,쿠폰 사용,쿠폰명 미확인,50,50,59,6832760,968320,136655.2
2026-01-03,쿠폰 미사용,쿠폰 미사용,20,20,28,1800950,0,90047.5
2026-01-04,쿠폰 사용,쿠폰명 미확인,87,87,110,12778490,1926780,146879.19540229885
2026-01-04,쿠폰 미사용,쿠폰 미사용,29,28,37,2764020,0,95311.03448275862
2026-01-05,쿠폰 사용,쿠폰명 미확인,63,63,75,9544630,1652200,151502.0634920635
2026-01-05,쿠폰 미사용,쿠폰 미사용,26,26,31,2963810,0,113992.69230769231
2026-01-06,쿠폰 사용,쿠폰명 미확인,55,55,67,8048340,1760300,146333.45454545456
2026-01-06,쿠폰 미사용,쿠폰 미사용,35,35,45,3522430,0,100640.85714285714
2026-01-07,쿠폰 사용,쿠폰명 미확인,62,62,72,9702260,1600430,156488.06451612903
2026-01-07,쿠폰 미사용,쿠폰 미사용,30,30,45,3735800,0,124526.66666666667
2026-01-08,쿠폰 사용,쿠폰명 미확인,71,65,83,10805370,1929040,152188.30985915492
2026-01-08,쿠폰 미사용,쿠폰 미사용,34,34,48,3297070,0,96972.64705882352
2026-01-09,쿠폰 사용,쿠폰명 미확인,90,89,123,12106500,1701420,134516.66666666666
2026-01-09,쿠폰 미사용,쿠폰 미사용,49,49,66,5535880,0,112977.14285714286
2026-01-10,쿠폰 사용,쿠폰명 미확인,65,65,78,7700100,1139500,118463.07692307692
2026-01-10,쿠폰 미사용,쿠폰 미사용,22,22,32,1846580,0,83935.45454545454
2026-01-11,쿠폰 사용,쿠폰명 미확인,72,72,91,10423810,1635370,144775.13888888888
2026-01-11,쿠폰 미사용,쿠폰 미사용,35,34,41,3598110,0,102803.14285714286
2026-01-12,쿠폰 사용,쿠폰명 미확인,58,57,67,7703980,1193160,132827.24137931035
2026-01-12,쿠폰 미사용,쿠폰 미사용,38,37,46,3964570,0,104330.78947368421
2026-01-13,쿠폰 사용,쿠폰명 미확인,68,68,84,7774310,1115870,114328.08823529411
2026-01-13,쿠폰 미사용,쿠폰 미사용,22,22,29,2139400,0,97245.45454545454
2026-01-14,쿠폰 사용,쿠폰명 미확인,60,60,71,7787540,1305700,129792.33333333333
2026-01-14,쿠폰 미사용,쿠폰 미사용,30,29,42,2937760,0,97925.33333333333
2026-01-15,쿠폰 사용,쿠폰명 미확인,48,48,65,5640220,921470,117504.58333333333
2026-01-15,쿠폰 미사용,쿠폰 미사용,26,24,32,2019450,0,77671.15384615384
2026-01-16,쿠폰 사용,쿠폰명 미확인,37,35,49,4109200,603710,111059.45945945945
2026-01-16,쿠폰 미사용,쿠폰 미사용,15,15,21,1313390,0,87559.33333333333
2026-01-17,쿠폰 사용,쿠폰명 미확인,41,41,51,5760130,825760,140490.9756097561
2026-01-17,쿠폰 미사용,쿠폰 미사용,24,24,31,1859610,0,77483.75
2026-01-18,쿠폰 사용,쿠폰명 미확인,60,60,70,10237640,1388100,170627.33333333334
2026-01-18,쿠폰 미사용,쿠폰 미사용,23,23,32,1783170,0,77529.13043478261
2026-01-19,쿠폰 사용,쿠폰명 미확인,60,59,80,8464680,2017730,141078.0
2026-01-19,쿠폰 미사용,쿠폰 미사용,25,25,44,2306580,0,92263.2
2026-01-20,쿠폰 사용,쿠폰명 미확인,55,55,68,7578480,1444770,137790.54545454544
2026-01-20,쿠폰 미사용,쿠폰 미사용,32,32,34,3162330,0,98822.8125
2026-01-21,쿠폰 사용,쿠폰명 미확인,50,50,66,7398920,1148650,147978.4
2026-01-21,쿠폰 미사용,쿠폰 미사용,27,27,37,2482250,0,91935.18518518518
2026-01-22,쿠폰 사용,쿠폰명 미확인,54,54,69,6915140,1120780,128058.14814814815
2026-01-22,쿠폰 미사용,쿠폰 미사용,46,45,59,4707410,0,102335.0
2026-01-23,쿠폰 사용,쿠폰명 미확인,45,45,69,8018450,1407700,178187.77777777778
2026-01-23,쿠폰 미사용,쿠폰 미사용,18,18,23,1536540,0,85363.33333333333
2026-01-24,쿠폰 사용,쿠폰명 미확인,48,48,54,7657400,1179860,159529.16666666666
2026-01-24,쿠폰 미사용,쿠폰 미사용,25,25,38,2985320,0,119412.8
2026-01-25,쿠폰 사용,쿠폰명 미확인,62,60,78,8734430,1441220,140877.90322580645
2026-01-25,쿠폰 미사용,쿠폰 미사용,23,22,39,2443530,0,106240.43478260869
2026-01-26,쿠폰 사용,쿠폰명 미확인,51,51,58,7072300,1271980,138672.54901960783
2026-01-26,쿠폰 미사용,쿠폰 미사용,31,31,41,3025870,0,97608.70967741935
2026-01-27,쿠폰 사용,쿠폰명 미확인,55,55,73,7955290,1458230,144641.63636363635
2026-01-27,쿠폰 미사용,쿠폰 미사용,20,20,27,1800000,0,90000.0
2026-01-28,쿠폰 사용,쿠폰명 미확인,55,55,64,8151240,1330220,148204.36363636365
2026-01-28,쿠폰 미사용,쿠폰 미사용,17,17,29,1723260,0,101368.23529411765
2026-01-29,쿠폰 사용,쿠폰명 미확인,40,40,58,6201396,1407444,155034.9
2026-01-29,쿠폰 미사용,쿠폰 미사용,19,18,33,2611730,0,137459.47368421053
2026-01-30,쿠폰 사용,쿠폰명 미확인,77,76,104,9807218,1657920,127366.46753246753
2026-01-30,쿠폰 미사용,쿠폰 미사용,76,75,96,4851569,0,63836.43421052631
2026-01-31,쿠폰 사용,쿠폰명 미확인,68,68,80,8627250,1268320,126871.32352941176
2026-01-31,쿠폰 미사용,쿠폰 미사용,71,69,109,6708333,0,94483.56338028169
2026-02-01,쿠폰 사용,쿠폰명 미확인,75,74,96,9764405,1433825,130192.06666666667
2026-02-01,쿠폰 미사용,쿠폰 미사용,62,62,86,2735056,0,44113.8064516129
2026-02-02,쿠폰 사용,쿠폰명 미확인,61,61,81,8911927,1440190,146097.16393442624
2026-02-02,쿠폰 미사용,쿠폰 미사용,33,33,43,1540707,0,46688.09090909091
2026-02-03,쿠폰 사용,쿠폰명 미확인,42,40,61,6549070,1106570,155930.2380952381
2026-02-03,쿠폰 미사용,쿠폰 미사용,40,40,50,2661006,0,66525.15
2026-02-04,쿠폰 사용,쿠폰명 미확인,57,57,74,7447690,1069770,130661.22807017544
2026-02-04,쿠폰 미사용,쿠폰 미사용,36,36,45,2781698,0,77269.38888888889
2026-02-05,쿠폰 사용,쿠폰명 미확인,59,59,76,8025910,1123910,136032.37288135593
2026-02-05,쿠폰 미사용,쿠폰 미사용,37,37,56,2584389,0,69848.35135135135
2026-02-06,쿠폰 사용,쿠폰명 미확인,54,54,63,7108578,1088500,131640.33333333334
2026-02-06,쿠폰 미사용,쿠폰 미사용,73,73,96,3054360,0,41840.54794520548
2026-02-07,쿠폰 사용,쿠폰명 미확인,53,53,81,7929919,2023390,149621.11320754717
2026-02-07,쿠폰 미사용,쿠폰 미사용,21,21,27,1272668,0,60603.23809523809
2026-02-08,쿠폰 사용,쿠폰명 미확인,48,48,54,4179488,690780,87072.66666666667
2026-02-08,쿠폰 미사용,쿠폰 미사용,40,38,45,1946687,0,48667.175
2026-02-09,쿠폰 사용,쿠폰명 미확인,57,56,72,6345540,1334520,111325.26315789473
2026-02-09,쿠폰 미사용,쿠폰 미사용,37,37,48,2045136,0,55273.94594594595
2026-02-10,쿠폰 사용,쿠폰명 미확인,65,65,74,7722960,1489660,118814.76923076923
2026-02-10,쿠폰 미사용,쿠폰 미사용,45,45,63,2523497,0,56077.71111111111
2026-02-11,쿠폰 사용,쿠폰명 미확인,57,57,72,5977155,1769005,104862.36842105263
2026-02-11,쿠폰 미사용,쿠폰 미사용,33,33,51,1811086,0,54881.393939393936
2026-02-12,쿠폰 사용,쿠폰명 미확인,73,72,90,7854273,1286997,107592.78082191781
2026-02-12,쿠폰 미사용,쿠폰 미사용,101,100,144,5351161,0,52981.792079207924
2026-02-13,쿠폰 사용,쿠폰명 미확인,39,39,46,5295728,751832,135787.89743589744
2026-02-13,쿠폰 미사용,쿠폰 미사용,38,38,48,2319868,0,61049.15789473684
2026-02-14,쿠폰 미사용,쿠폰 미사용,202,202,280,8834421,0,43734.75742574257
2026-02-14,쿠폰 사용,쿠폰명 미확인,94,94,109,8350200,1516550,88831.91489361702
2026-02-15,쿠폰 사용,쿠폰명 미확인,54,54,64,5866872,938387,108645.77777777778
2026-02-15,쿠폰 미사용,쿠폰 미사용,69,68,97,2704074,0,39189.47826086957
2026-02-16,쿠폰 사용,쿠폰명 미확인,53,53,63,6044414,1050176,114045.54716981133
2026-02-16,쿠폰 미사용,쿠폰 미사용,65,64,87,3287109,0,50570.907692307694
2026-02-17,쿠폰 미사용,쿠폰 미사용,230,229,316,8447250,0,36727.17391304348
2026-02-17,쿠폰 사용,쿠폰명 미확인,74,74,89,5165778,1085016,69807.81081081081
2026-02-18,쿠폰 사용,쿠폰명 미확인,81,81,101,7704786,1413482,95120.81481481482
2026-02-18,쿠폰 미사용,쿠폰 미사용,116,116,152,5308673,0,45764.4224137931
2026-02-19,쿠폰 사용,쿠폰명 미확인,66,66,80,7172278,1170242,108670.87878787878
2026-02-19,쿠폰 미사용,쿠폰 미사용,95,95,142,4516966,0,47547.01052631579
2026-02-20,쿠폰 사용,쿠폰명 미확인,47,46,57,6173084,1128896,131342.21276595743
2026-02-20,쿠폰 미사용,쿠폰 미사용,50,50,67,2182336,0,43646.72
2026-02-21,쿠폰 사용,쿠폰명 미확인,35,35,43,4309266,861252,123121.88571428572
2026-02-21,쿠폰 미사용,쿠폰 미사용,55,54,66,2706268,0,49204.87272727273
2026-02-22,쿠폰 미사용,쿠폰 미사용,593,590,818,24108198,0,40654.63406408094
2026-02-22,쿠폰 사용,쿠폰명 미확인,196,196,231,17556834,3445390,89575.6836734694
2026-02-23,쿠폰 사용,쿠폰명 미확인,51,51,63,6177580,1073040,121129.01960784313
2026-02-23,쿠폰 미사용,쿠폰 미사용,17,16,22,1685619,0,99154.05882352941
2026-02-24,쿠폰 사용,쿠폰명 미확인,31,31,48,3896762,903018,125702.0
2026-02-24,쿠폰 미사용,쿠폰 미사용,13,13,14,854149,0,65703.76923076923
2026-02-25,쿠폰 사용,쿠폰명 미확인,35,35,43,4561389,962361,130325.4
2026-02-25,쿠폰 미사용,쿠폰 미사용,19,19,22,1175840,0,61886.31578947369
2026-02-26,쿠폰 사용,쿠폰명 미확인,42,42,56,5430024,936765,129286.28571428571
2026-02-26,쿠폰 미사용,쿠폰 미사용,23,23,40,1781959,0,77476.47826086957
2026-02-27,쿠폰 사용,쿠폰명 미확인,32,32,43,5014575,1030625,156705.46875
2026-02-27,쿠폰 미사용,쿠폰 미사용,14,14,16,979720,0,69980.0
2026-02-28,쿠폰 사용,쿠폰명 미확인,35,34,40,4775029,908571,136429.4
2026-02-28,쿠폰 미사용,쿠폰 미사용,25,24,30,1423089,0,56923.56
2026-03-01,쿠폰 사용,쿠폰명 미확인,33,32,38,4382302,948148,132797.0303030303
2026-03-01,쿠폰 미사용,쿠폰 미사용,15,15,21,1816570,0,121104.66666666667
2026-03-02,쿠폰 사용,쿠폰명 미확인,36,36,45,4500405,907445,125011.25
2026-03-02,쿠폰 미사용,쿠폰 미사용,12,12,14,1144860,0,95405.0
2026-03-03,쿠폰 사용,쿠폰명 미확인,33,33,40,4339127,852183,131488.69696969696
2026-03-03,쿠폰 미사용,쿠폰 미사용,12,12,16,1291040,0,107586.66666666667
2026-03-04,쿠폰 사용,쿠폰명 미확인,42,41,75,6030203,1847297,143576.2619047619
2026-03-04,쿠폰 미사용,쿠폰 미사용,30,29,44,3247400,0,108246.66666666667
2026-03-05,쿠폰 사용,쿠폰명 미확인,23,22,35,3720658,766662,161767.73913043478
2026-03-05,쿠폰 미사용,쿠폰 미사용,17,17,20,1570750,0,92397.05882352941
2026-03-06,쿠폰 사용,쿠폰명 미확인,23,23,35,2731840,808510,118775.65217391304
2026-03-06,쿠폰 미사용,쿠폰 미사용,17,17,23,1937910,0,113994.70588235294
2026-03-07,쿠폰 사용,쿠폰명 미확인,30,30,35,3600655,750285,120021.83333333333
2026-03-07,쿠폰 미사용,쿠폰 미사용,17,17,24,1563400,0,91964.70588235294
2026-03-08,쿠폰 사용,쿠폰명 미확인,46,46,66,6201252,1497138,134809.8260869565
2026-03-08,쿠폰 미사용,쿠폰 미사용,15,15,17,1131110,0,75407.33333333333
2026-03-09,쿠폰 사용,쿠폰명 미확인,44,44,58,5982328,1732712,135962.0
2026-03-09,쿠폰 미사용,쿠폰 미사용,15,15,21,1392240,0,92816.0
2026-03-10,쿠폰 사용,쿠폰명 미확인,36,36,46,4855223,881847,134867.30555555556
2026-03-10,쿠폰 미사용,쿠폰 미사용,16,16,24,1473280,0,92080.0
2026-03-11,쿠폰 사용,쿠폰명 미확인,38,37,48,5444364,1069196,143272.73684210525
2026-03-11,쿠폰 미사용,쿠폰 미사용,14,14,16,753740,0,53838.57142857143
2026-03-12,쿠폰 사용,쿠폰명 미확인,33,32,41,3932813,850257,119176.15151515152
2026-03-12,쿠폰 미사용,쿠폰 미사용,30,29,36,2527300,0,84243.33333333333
2026-03-13,쿠폰 사용,쿠폰명 미확인,29,29,33,3347330,572290,115425.1724137931
2026-03-13,쿠폰 미사용,쿠폰 미사용,20,20,24,1424420,0,71221.0
2026-03-14,쿠폰 사용,쿠폰명 미확인,39,39,54,4091381,1097739,104907.20512820513
2026-03-14,쿠폰 미사용,쿠폰 미사용,18,17,23,1952260,0,108458.88888888889
2026-03-15,쿠폰 사용,쿠폰명 미확인,39,39,45,4100845,714335,105149.8717948718
2026-03-15,쿠폰 미사용,쿠폰 미사용,28,27,37,2581770,0,92206.07142857143
2026-03-16,쿠폰 사용,쿠폰명 미확인,34,34,49,4523530,755710,133045.0
2026-03-16,쿠폰 미사용,쿠폰 미사용,18,18,22,1727970,0,95998.33333333333
2026-03-17,쿠폰 사용,쿠폰명 미확인,35,33,49,4268070,1702820,121944.85714285714
2026-03-17,쿠폰 미사용,쿠폰 미사용,20,20,22,1089690,0,54484.5
2026-03-18,쿠폰 사용,쿠폰명 미확인,40,40,69,5240290,1158030,131007.25
2026-03-18,쿠폰 미사용,쿠폰 미사용,21,21,23,2108160,0,100388.57142857143
2026-03-19,쿠폰 사용,쿠폰명 미확인,34,33,39,3886200,666900,114300.0
2026-03-19,쿠폰 미사용,쿠폰 미사용,22,22,28,1408310,0,64014.09090909091
2026-03-20,쿠폰 사용,쿠폰명 미확인,35,35,46,4899110,1169540,139974.57142857142
2026-03-20,쿠폰 미사용,쿠폰 미사용,16,16,20,1174970,0,73435.625
2026-03-21,쿠폰 사용,쿠폰명 미확인,36,35,46,5274150,1155350,146504.16666666666
2026-03-21,쿠폰 미사용,쿠폰 미사용,9,9,12,613970,0,68218.88888888889
2026-03-22,쿠폰 사용,쿠폰명 미확인,37,37,51,3471650,822310,93828.37837837837
2026-03-22,쿠폰 미사용,쿠폰 미사용,18,18,24,1378630,0,76590.55555555556
2026-03-23,쿠폰 사용,쿠폰명 미확인,44,44,59,5093270,1141130,115756.13636363637
2026-03-23,쿠폰 미사용,쿠폰 미사용,13,13,15,974460,0,74958.46153846153
2026-03-24,쿠폰 사용,쿠폰명 미확인,37,36,48,3858100,1049250,104272.97297297297
2026-03-24,쿠폰 미사용,쿠폰 미사용,11,11,13,850710,0,77337.27272727272
2026-03-25,쿠폰 사용,쿠폰명 미확인,48,48,69,5531130,1204910,115231.875
2026-03-25,쿠폰 미사용,쿠폰 미사용,18,18,21,1256800,0,69822.22222222222
2026-03-26,쿠폰 사용,쿠폰명 미확인,43,43,63,6384440,1366680,148475.3488372093
2026-03-26,쿠폰 미사용,쿠폰 미사용,19,19,26,1613930,0,84943.68421052632
2026-03-27,쿠폰 사용,쿠폰명 미확인,27,27,34,3698390,846840,136977.40740740742
2026-03-27,쿠폰 미사용,쿠폰 미사용,15,15,16,1279090,0,85272.66666666667
2026-03-28,쿠폰 사용,쿠폰명 미확인,39,39,48,4296130,1141650,110157.17948717948
2026-03-28,쿠폰 미사용,쿠폰 미사용,5,5,11,848040,0,169608.0
2026-03-29,쿠폰 사용,쿠폰명 미확인,41,41,56,4630800,975200,112946.34146341463
2026-03-29,쿠폰 미사용,쿠폰 미사용,12,12,15,952370,0,79364.16666666667
2026-03-30,쿠폰 사용,쿠폰명 미확인,47,46,68,6123120,1498560,130279.14893617021
2026-03-30,쿠폰 미사용,쿠폰 미사용,13,13,19,1126710,0,86670.0
2026-03-31,쿠폰 사용,쿠폰명 미확인,53,53,76,7572280,1819510,142873.20754716982
2026-03-31,쿠폰 미사용,쿠폰 미사용,22,22,26,1799210,0,81782.27272727272
2026-04-01,쿠폰 사용,쿠폰명 미확인,52,52,70,6184370,1495410,118930.19230769231
2026-04-01,쿠폰 미사용,쿠폰 미사용,13,13,18,696260,0,53558.46153846154
2026-04-02,쿠폰 사용,쿠폰명 미확인,46,45,398,23340210,5633030,507395.8695652174
2026-04-02,쿠폰 미사용,쿠폰 미사용,17,17,21,1428740,0,84043.5294117647
2026-04-03,쿠폰 사용,쿠폰명 미확인,40,40,55,4773580,1068500,119339.5
2026-04-03,쿠폰 미사용,쿠폰 미사용,16,15,17,812720,0,50795.0
2026-04-04,쿠폰 사용,쿠폰명 미확인,33,33,41,3439870,613670,104238.48484848485
2026-04-04,쿠폰 미사용,쿠폰 미사용,12,12,18,665230,0,55435.833333333336
2026-04-05,쿠폰 사용,쿠폰명 미확인,43,43,58,6436890,1386000,149695.11627906977
2026-04-05,쿠폰 미사용,쿠폰 미사용,17,17,22,1077330,0,63372.35294117647
2026-04-06,쿠폰 사용,쿠폰명 미확인,46,46,58,5248710,1224370,114102.39130434782
2026-04-06,쿠폰 미사용,쿠폰 미사용,11,11,13,498380,0,45307.27272727273
2026-04-07,쿠폰 사용,쿠폰명 미확인,57,57,72,5671990,1160290,99508.59649122808
2026-04-07,쿠폰 미사용,쿠폰 미사용,12,12,13,776860,0,64738.333333333336
2026-04-08,쿠폰 사용,쿠폰명 미확인,55,54,73,5595300,1610730,101732.72727272728
2026-04-08,쿠폰 미사용,쿠폰 미사용,10,10,15,1102450,0,110245.0
2026-04-09,쿠폰 사용,쿠폰명 미확인,63,63,87,6804140,1633450,108002.22222222222
2026-04-09,쿠폰 미사용,쿠폰 미사용,16,16,24,1202620,0,75163.75
2026-04-10,쿠폰 사용,쿠폰명 미확인,46,46,68,6022800,1108930,130930.43478260869
2026-04-10,쿠폰 미사용,쿠폰 미사용,18,18,21,1354480,0,75248.88888888889
2026-04-11,쿠폰 사용,쿠폰명 미확인,38,36,49,4273720,800310,112466.31578947368
2026-04-11,쿠폰 미사용,쿠폰 미사용,13,13,15,929720,0,71516.92307692308
2026-04-12,쿠폰 사용,쿠폰명 미확인,68,68,98,6947660,1876530,102171.4705882353
2026-04-12,쿠폰 미사용,쿠폰 미사용,18,18,20,922480,0,51248.88888888889
2026-04-13,쿠폰 사용,쿠폰명 미확인,52,50,63,5777210,1204810,111100.19230769231
2026-04-13,쿠폰 미사용,쿠폰 미사용,17,17,26,2229490,0,131146.4705882353
2026-04-14,쿠폰 사용,쿠폰명 미확인,48,47,67,5804330,1399320,120923.54166666667
2026-04-14,쿠폰 미사용,쿠폰 미사용,18,18,28,1705060,0,94725.55555555556
2026-04-15,쿠폰 사용,쿠폰명 미확인,40,40,50,3641530,621680,91038.25
2026-04-15,쿠폰 미사용,쿠폰 미사용,14,14,20,889780,0,63555.71428571428
2026-04-16,쿠폰 사용,쿠폰명 미확인,69,65,91,8408040,1348380,121855.65217391304
2026-04-16,쿠폰 미사용,쿠폰 미사용,59,58,82,4743390,0,80396.44067796611
2026-04-17,쿠폰 사용,쿠폰명 미확인,39,39,65,6292180,969780,161337.94871794872
2026-04-17,쿠폰 미사용,쿠폰 미사용,22,22,33,1804200,0,82009.09090909091
2026-04-18,쿠폰 사용,쿠폰명 미확인,35,35,48,4761340,754450,136038.2857142857
2026-04-18,쿠폰 미사용,쿠폰 미사용,32,31,51,3007620,0,93988.125
2026-04-19,쿠폰 사용,쿠폰명 미확인,71,70,101,8543640,1471510,120332.95774647887
2026-04-19,쿠폰 미사용,쿠폰 미사용,24,24,33,1752320,0,73013.33333333333
2026-04-20,쿠폰 사용,쿠폰명 미확인,47,47,61,5934640,1229420,126268.93617021276
2026-04-20,쿠폰 미사용,쿠폰 미사용,26,26,38,2544880,0,97880.0
2026-04-21,쿠폰 사용,쿠폰명 미확인,59,58,76,6087360,1225040,103175.59322033898
2026-04-21,쿠폰 미사용,쿠폰 미사용,27,27,33,1940840,0,71882.96296296296
2026-04-22,쿠폰 사용,쿠폰명 미확인,45,44,56,5177780,844200,115061.77777777778
2026-04-22,쿠폰 미사용,쿠폰 미사용,15,15,19,1538780,0,102585.33333333333
2026-04-23,쿠폰 사용,쿠폰명 미확인,52,52,84,6795350,1252350,130679.80769230769
2026-04-23,쿠폰 미사용,쿠폰 미사용,34,33,66,4813380,0,141570.0
2026-04-24,쿠폰 사용,쿠폰명 미확인,47,47,74,6575110,1215760,139895.95744680852
2026-04-24,쿠폰 미사용,쿠폰 미사용,19,18,25,1540190,0,81062.63157894737
2026-04-25,쿠폰 사용,쿠폰명 미확인,46,44,60,5103290,764580,110941.08695652174
2026-04-25,쿠폰 미사용,쿠폰 미사용,22,22,26,1339710,0,60895.90909090909
2026-04-26,쿠폰 사용,쿠폰명 미확인,54,50,87,6301270,1756460,116690.18518518518
2026-04-26,쿠폰 미사용,쿠폰 미사용,34,33,42,2775440,0,81630.58823529411
2026-04-27,쿠폰 사용,쿠폰명 미확인,56,53,86,6681480,1217720,119312.14285714286
2026-04-27,쿠폰 미사용,쿠폰 미사용,35,34,43,2245690,0,64162.57142857143
2026-04-28,쿠폰 사용,쿠폰명 미확인,68,68,89,7082140,1514180,104149.11764705883
2026-04-28,쿠폰 미사용,쿠폰 미사용,29,29,35,2584640,0,89125.5172413793
2026-04-29,쿠폰 사용,쿠폰명 미확인,42,42,53,4033650,835390,96039.28571428571
2026-04-29,쿠폰 미사용,쿠폰 미사용,20,20,20,1394100,0,69705.0
2026-04-30,쿠폰 사용,쿠폰명 미확인,57,57,80,5937090,1276400,104159.47368421052
2026-04-30,쿠폰 미사용,쿠폰 미사용,22,22,33,1787490,0,81249.54545454546
2026-05-01,쿠폰 사용,쿠폰명 미확인,74,73,90,7072590,1670600,95575.54054054055
2026-05-01,쿠폰 미사용,쿠폰 미사용,93,92,119,4665277,0,50164.2688172043
2026-05-02,쿠폰 사용,쿠폰명 미확인,57,57,76,5514750,999950,96750.0
2026-05-02,쿠폰 미사용,쿠폰 미사용,52,51,67,3059960,0,58845.38461538462
2026-05-03,쿠폰 사용,쿠폰명 미확인,41,41,62,5063970,1133370,123511.46341463414
2026-05-03,쿠폰 미사용,쿠폰 미사용,45,45,56,2391720,0,53149.333333333336
2026-05-04,쿠폰 사용,쿠폰명 미확인,53,52,70,5089300,1043670,96024.52830188679
2026-05-04,쿠폰 미사용,쿠폰 미사용,33,33,39,1952780,0,59175.15151515151
2026-05-05,쿠폰 사용,쿠폰명 미확인,113,113,154,9487940,1825030,83964.07079646018
2026-05-05,쿠폰 미사용,쿠폰 미사용,182,181,228,6629320,0,36424.83516483517
2026-05-06,쿠폰 사용,쿠폰명 미확인,69,67,99,6985790,1781110,101243.33333333333
2026-05-06,쿠폰 미사용,쿠폰 미사용,57,57,66,2294230,0,40249.649122807015
2026-05-07,쿠폰 사용,쿠폰명 미확인,70,70,111,7336590,1452660,104808.42857142857
2026-05-07,쿠폰 미사용,쿠폰 미사용,65,65,91,4412180,0,67879.69230769231
2026-05-08,쿠폰 사용,쿠폰명 미확인,48,47,56,4644030,809000,96750.625
2026-05-08,쿠폰 미사용,쿠폰 미사용,37,37,44,1674540,0,45257.83783783784
2026-05-09,쿠폰 사용,쿠폰명 미확인,43,43,52,3447870,909800,80183.02325581395
2026-05-09,쿠폰 미사용,쿠폰 미사용,36,35,47,1915060,0,53196.11111111111
2026-05-10,쿠폰 사용,쿠폰명 미확인,163,163,222,13921170,2725060,85405.95092024539
2026-05-10,쿠폰 미사용,쿠폰 미사용,317,316,380,13041420,0,41140.1261829653
2026-05-11,쿠폰 사용,쿠폰명 미확인,45,44,54,4851890,904430,107819.77777777778
2026-05-11,쿠폰 미사용,쿠폰 미사용,17,17,25,1803490,0,106087.64705882352
2026-05-12,쿠폰 사용,쿠폰명 미확인,38,38,68,5473380,934380,144036.31578947368
2026-05-12,쿠폰 미사용,쿠폰 미사용,17,17,25,1588660,0,93450.58823529411
2026-05-13,쿠폰 사용,쿠폰명 미확인,46,46,67,4716510,1412710,102532.82608695653
2026-05-13,쿠폰 미사용,쿠폰 미사용,23,22,27,1759510,0,76500.43478260869
2026-05-14,쿠폰 사용,쿠폰명 미확인,32,32,40,2824840,737780,88276.25
2026-05-14,쿠폰 미사용,쿠폰 미사용,25,24,30,2079600,0,83184.0
2026-05-15,쿠폰 사용,쿠폰명 미확인,17,17,28,2018930,568780,118760.58823529411
2026-05-15,쿠폰 미사용,쿠폰 미사용,11,11,18,803720,0,73065.45454545454
